device,location,hostname,slaveid,register,condition,type,threshold,level,value,set_pcs_list
PCS1,戶外,PCS_PCS1,A,,連線逾時,,,protection,,PCS1
PCS1,戶外,PCS_PCS1,B,,連線被拒,,,protection,,PCS1
PCS1,戶外,PCS_PCS1,C,,無法連接到主機,,,protection,,PCS1
PCS1,戶外,PCS_PCS1,D,,通訊異常,,,protection,,PCS1
PCS2,戶外,PCS_PCS2,A,,連線逾時,,,protection,,PCS2
PCS2,戶外,PCS_PCS2,B,,連線被拒,,,protection,,PCS2
PCS2,戶外,PCS_PCS2,C,,無法連接到主機,,,protection,,PCS2
PCS2,戶外,PCS_PCS2,D,,通訊異常,,,protection,,PCS2
儲能櫃1_1,戶外,BESS1_overview,A,,連線逾時,,,warning,,
儲能櫃1_1,戶外,BESS1_overview,B,,連線被拒,,,warning,,
儲能櫃1_1,戶外,BESS1_overview,C,,無法連接到主機,,,warning,,
儲能櫃1_1,戶外,BESS1_overview,D,,通訊異常,,,warning,,
儲能櫃1_2,戶外,BESS3_overview,A,,連線逾時,,,warning,,
儲能櫃1_2,戶外,BESS3_overview,B,,連線被拒,,,warning,,
儲能櫃1_2,戶外,BESS3_overview,C,,無法連接到主機,,,warning,,
儲能櫃1_2,戶外,BESS3_overview,D,,通訊異常,,,warning,,
儲能櫃2_1,戶外,BESS2_overview,A,,連線逾時,,,warning,,
儲能櫃2_1,戶外,BESS2_overview,B,,連線被拒,,,warning,,
儲能櫃2_1,戶外,BESS2_overview,C,,無法連接到主機,,,warning,,
儲能櫃2_1,戶外,BESS2_overview,D,,通訊異常,,,warning,,
儲能櫃2_2,戶外,BESS4_overview,A,,連線逾時,,,warning,,
儲能櫃2_2,戶外,BESS4_overview,B,,連線被拒,,,warning,,
儲能櫃2_2,戶外,BESS4_overview,C,,無法連接到主機,,,warning,,
儲能櫃2_2,戶外,BESS4_overview,D,,通訊異常,,,warning,,
保護電驛 _MAIN,MAIN盤,IED_IEDMAIN,A,,連線逾時,,,warning,,
保護電驛 _MAIN,MAIN盤,IED_IEDMAIN,B,,連線被拒,,,warning,,
保護電驛 _MAIN,MAIN盤,IED_IEDMAIN,C,,無法連接到主機,,,warning,,
保護電驛 _MAIN,MAIN盤,IED_IEDMAIN,D,,通訊異常,,,warning,,
保護電驛 _ESSI,ESS1盤,IED_IED1,A,,連線逾時,,,warning,,
保護電驛 _ESSI,ESS1盤,IED_IED1,B,,連線被拒,,,warning,,
保護電驛 _ESSI,ESS1盤,IED_IED1,C,,無法連接到主機,,,warning,,
保護電驛 _ESSI,ESS1盤,IED_IED1,D,,通訊異常,,,warning,,
保護電驛 _ESS2,ESS2盤,IED_IED2,A,,連線逾時,,,warning,,
保護電驛 _ESS2,ESS2盤,IED_IED2,B,,連線被拒,,,warning,,
保護電驛 _ESS2,ESS2盤,IED_IED2,C,,無法連接到主機,,,warning,,
保護電驛 _ESS2,ESS2盤,IED_IED2,D,,通訊異常,,,warning,,
總電表,MAIN盤,Meter_MMAIN,A,,連線逾時,,,warning,,
總電表,MAIN盤,Meter_MMAIN,B,,連線被拒,,,warning,,
總電表,MAIN盤,Meter_MMAIN,C,,無法連接到主機,,,warning,,
總電表,MAIN盤,Meter_MMAIN,D,,通訊異常,,,warning,,
儲能櫃1_電表,ESS1盤,Meter_M1,A,,連線逾時,,,warning,,
儲能櫃1_電表,ESS1盤,Meter_M1,B,,連線被拒,,,warning,,
儲能櫃1_電表,ESS1盤,Meter_M1,C,,無法連接到主機,,,warning,,
儲能櫃1_電表,ESS1盤,Meter_M1,D,,通訊異常,,,warning,,
儲能櫃2_電表,ESS2盤,Meter_M2,A,,連線逾時,,,warning,,
儲能櫃2_電表,ESS2盤,Meter_M2,B,,連線被拒,,,warning,,
儲能櫃2_電表,ESS2盤,Meter_M2,C,,無法連接到主機,,,warning,,
儲能櫃2_電表,ESS2盤,Meter_M2,D,,通訊異常,,,warning,,
輔助電源電表,AUX盤,Meter_MAUX,A,,連線逾時,,,warning,,
輔助電源電表,AUX盤,Meter_MAUX,B,,連線被拒,,,warning,,
輔助電源電表,AUX盤,Meter_MAUX,C,,無法連接到主機,,,warning,,
輔助電源電表,AUX盤,Meter_MAUX,D,,通訊異常,,,warning,,
Remote I/O,ESS1盤,Relay_Relay1,A,,連線逾時,,,warning,,
Remote I/O,ESS1盤,Relay_Relay1,B,,連線被拒,,,warning,,
Remote I/O,ESS1盤,Relay_Relay1,C,,無法連接到主機,,,warning,,
Remote I/O,ESS1盤,Relay_Relay1,D,,通訊異常,,,warning,,
Main_UPS,MAIN盤,UPS_UPS1,A,,連線逾時,,,warning,,
Main_UPS,MAIN盤,UPS_UPS1,B,,連線被拒,,,warning,,
Main_UPS,MAIN盤,UPS_UPS1,C,,無法連接到主機,,,warning,,
Main_UPS,MAIN盤,UPS_UPS1,D,,通訊異常,,,warning,,
EMS_UPS,EMS伺服器機櫃,ENV_ENV1_2_sensor8,,,,,,,,
環控_消防系統,儲能櫃1,ENV_ENV1_1,,,,,,,,
環控_空調系統1,儲能櫃1,ENV_ENV1_2_aircon1,,,,,,,,
環控_空調系統2,儲能櫃1,ENV_ENV1_2_aircon2,,,,,,,,
環控_溫度感測1,儲能櫃1,ENV_ENV1_2_sensor1,,,,,,,,
環控_溫度感測2,儲能櫃1,ENV_ENV1_2_sensor2,,,,,,,,
環控_溫度感測3,儲能櫃1,ENV_ENV1_2_sensor3,,,,,,,,
環控_浸水感測1,儲能櫃1,ENV_ENV1_2_sensor4,,,,,,,,
環控_浸水感測2,儲能櫃1,ENV_ENV1_2_sensor5,,,,,,,,
環控_消防系統,儲能櫃2,ENV_ENV2_1,,,,,,,,
環控_空調系統1,儲能櫃2,ENV_ENV2_2_aircon1,,,,,,,,
環控_空調系統2,儲能櫃2,ENV_ENV2_2_aircon2,,,,,,,,
環控_溫度感測1,儲能櫃2,ENV_ENV2_2_sensor1,,,,,,,,
環控_溫度感測2,儲能櫃2,ENV_ENV2_2_sensor2,,,,,,,,
環控_溫度感測3,儲能櫃2,ENV_ENV2_2_sensor3,,,,,,,,
環控_浸水感測1,儲能櫃2,ENV_ENV2_2_sensor4,,,,,,,,
環控_浸水感測2,儲能櫃2,ENV_ENV2_2_sensor5,,,,,,,,
輔助電源電表,AUX盤,Meter_MAUX,15,4120,三線平均電壓過低,<,350,warning,,
PCS 1,戶外,PCS_PCS1,150,1120,,>,0,protection,,PCS1
PCS 1,戶外,PCS_PCS1,150,1121,,>,0,warning,,
PCS 2,戶外,PCS_PCS2,150,1120,,>,0,protection,,PCS2
PCS 2,戶外,PCS_PCS2,150,1121,,>,0,warning,,
Remote I/O,ESS1盤,Relay_Relay1,1,1,VCBM_OFF,Boolean,0,protection,,"PCS1,PCS2"
Remote I/O,ESS1盤,Relay_Relay1,1,3,VCB1_OFF,Boolean,0,protection,,PCS1
Remote I/O,ESS1盤,Relay_Relay1,1,5,VCB2_OFF,Boolean,0,protection,,PCS2
Remote I/O,ESS1盤,Relay_Relay1,1,7,ACB1_OFF,Boolean,0,protection,,PCS1
Remote I/O,ESS1盤,Relay_Relay1,1,9,ACB2_OFF,Boolean,0,protection,,PCS2
環控_消防系統,儲能櫃1,ENV_ENV1_1,1,0,消防告警 一級告警,Boolean,1,protection,,PCS1
環控_消防系統,儲能櫃1,ENV_ENV1_1,1,1,消防告警 二級告警,Boolean,1,protection,,PCS1
接地故障監測,戶外,ENV_ENV1_1,1,2,接地故障,Boolean,1,protection,,PCS1
環控_溫度感測1,儲能櫃1,ENV_ENV1_2_sensor1,1,768,溫度過高,>,35,warning,,
環控_溫度感測2,儲能櫃1,ENV_ENV1_2_sensor2,2,768,溫度過高,>,35,warning,,
環控_溫度感測3,儲能櫃1,ENV_ENV1_2_sensor3,3,768,溫度過高,>,40,warning,,
環控_浸水感測1,儲能櫃1,ENV_ENV1_2_sensor4,4,769,浸水告警,>,2,protection,,PCS1
環控_浸水感測2,儲能櫃1,ENV_ENV1_2_sensor5,5,769,浸水告警,>,2,protection,,PCS1
環控_空調系統1,儲能櫃1,ENV_ENV1_2_aircon1,6,768,高溫告警,=,1,warning,,
環控_空調系統1,儲能櫃1,ENV_ENV1_2_aircon1,6,769,內風機故障,=,1,fault,,
環控_空調系統1,儲能櫃1,ENV_ENV1_2_aircon1,6,770,外風機故障,=,1,fault,,
環控_空調系統1,儲能櫃1,ENV_ENV1_2_aircon1,6,771,壓縮機故障,=,1,fault,,
環控_空調系統1,儲能櫃1,ENV_ENV1_2_aircon1,6,772,內部溫度感測器故障,=,1,fault,,
環控_空調系統1,儲能櫃1,ENV_ENV1_2_aircon1,6,773,系統高壓力,=,1,warning,,
環控_空調系統1,儲能櫃1,ENV_ENV1_2_aircon1,6,774,低溫告警,=,1,warning,,
環控_空調系統1,儲能櫃1,ENV_ENV1_2_aircon1,6,775,直流過壓,=,1,warning,,
環控_空調系統1,儲能櫃1,ENV_ENV1_2_aircon1,6,776,直流低壓,=,1,warning,,
環控_空調系統1,儲能櫃1,ENV_ENV1_2_aircon1,6,777,交流過壓,=,1,warning,,
環控_空調系統1,儲能櫃1,ENV_ENV1_2_aircon1,6,778,交流低壓,=,1,warning,,
環控_空調系統1,儲能櫃1,ENV_ENV1_2_aircon1,6,779,交流掉電,=,1,warning,,
環控_空調系統1,儲能櫃1,ENV_ENV1_2_aircon1,6,780,蒸發器溫度感測器故障,=,1,fault,,
環控_空調系統1,儲能櫃1,ENV_ENV1_2_aircon1,6,781,冷凝器溫度感測器故障,=,1,fault,,
環控_空調系統1,儲能櫃1,ENV_ENV1_2_aircon1,6,782,環境溫度感測器故障,=,1,fault,,
環控_空調系統1,儲能櫃1,ENV_ENV1_2_aircon1,6,783,蒸發器凍結,=,1,warning,,
環控_空調系統1,儲能櫃1,ENV_ENV1_2_aircon1,6,784,頻繁高壓力,=,1,warning,,
環控_空調系統2,儲能櫃1,ENV_ENV1_2_aircon2,7,768,高溫告警,=,1,warning,,
環控_空調系統2,儲能櫃1,ENV_ENV1_2_aircon2,7,769,內風機故障,=,1,fault,,
環控_空調系統2,儲能櫃1,ENV_ENV1_2_aircon2,7,770,外風機故障,=,1,fault,,
環控_空調系統2,儲能櫃1,ENV_ENV1_2_aircon2,7,771,壓縮機故障,=,1,fault,,
環控_空調系統2,儲能櫃1,ENV_ENV1_2_aircon2,7,772,內部溫度感測器故障,=,1,fault,,
環控_空調系統2,儲能櫃1,ENV_ENV1_2_aircon2,7,773,系統高壓力,=,1,warning,,
環控_空調系統2,儲能櫃1,ENV_ENV1_2_aircon2,7,774,低溫告警,=,1,warning,,
環控_空調系統2,儲能櫃1,ENV_ENV1_2_aircon2,7,775,直流過壓,=,1,warning,,
環控_空調系統2,儲能櫃1,ENV_ENV1_2_aircon2,7,776,直流低壓,=,1,warning,,
環控_空調系統2,儲能櫃1,ENV_ENV1_2_aircon2,7,777,交流過壓,=,1,warning,,
環控_空調系統2,儲能櫃1,ENV_ENV1_2_aircon2,7,778,交流低壓,=,1,warning,,
環控_空調系統2,儲能櫃1,ENV_ENV1_2_aircon2,7,779,交流掉電,=,1,warning,,
環控_空調系統2,儲能櫃1,ENV_ENV1_2_aircon2,7,780,蒸發器溫度感測器故障,=,1,fault,,
環控_空調系統2,儲能櫃1,ENV_ENV1_2_aircon2,7,781,冷凝器溫度感測器故障,=,1,fault,,
環控_空調系統2,儲能櫃1,ENV_ENV1_2_aircon2,7,782,環境溫度感測器故障,=,1,fault,,
環控_空調系統2,儲能櫃1,ENV_ENV1_2_aircon2,7,783,蒸發器凍結,=,1,fault,,
環控_空調系統2,儲能櫃1,ENV_ENV1_2_aircon2,7,784,頻繁高壓力,=,1,warning,,
環控_消防系統,儲能櫃2,ENV_ENV2_1,1,0,消防告警 一級告警,Boolean,1,protection,,PCS2
環控_消防系統,儲能櫃2,ENV_ENV2_1,1,1,消防告警 二級告警,Boolean,1,protection,,PCS2
環控_溫度感測1,儲能櫃2,ENV_ENV2_2_sensor1,1,768,溫度過高,>,35,warning,,
環控_溫度感測2,儲能櫃2,ENV_ENV2_2_sensor2,2,768,溫度過高,>,35,warning,,
環控_溫度感測3,儲能櫃2,ENV_ENV2_2_sensor3,3,768,溫度過高,>,40,warning,,
環控_浸水感測1,儲能櫃2,ENV_ENV2_2_sensor4,4,1027,浸水告警,Boolean,1,protection,,PCS2
環控_浸水感測2,儲能櫃2,ENV_ENV2_2_sensor5,5,1027,浸水告警,Boolean,1,protection,,PCS2
環控_空調系統1,儲能櫃2,ENV_ENV2_2_aircon1,6,768,高溫告警,=,1,warning,,
環控_空調系統1,儲能櫃2,ENV_ENV2_2_aircon1,6,769,內風機故障,=,1,fault,,
環控_空調系統1,儲能櫃2,ENV_ENV2_2_aircon1,6,770,外風機故障,=,1,fault,,
環控_空調系統1,儲能櫃2,ENV_ENV2_2_aircon1,6,771,壓縮機故障,=,1,fault,,
環控_空調系統1,儲能櫃2,ENV_ENV2_2_aircon1,6,772,內部溫度感測器故障,=,1,fault,,
環控_空調系統1,儲能櫃2,ENV_ENV2_2_aircon1,6,773,系統高壓力,=,1,warning,,
環控_空調系統1,儲能櫃2,ENV_ENV2_2_aircon1,6,774,低溫告警,=,1,warning,,
環控_空調系統1,儲能櫃2,ENV_ENV2_2_aircon1,6,775,直流過壓,=,1,warning,,
環控_空調系統1,儲能櫃2,ENV_ENV2_2_aircon1,6,776,直流低壓,=,1,warning,,
環控_空調系統1,儲能櫃2,ENV_ENV2_2_aircon1,6,777,交流過壓,=,1,warning,,
環控_空調系統1,儲能櫃2,ENV_ENV2_2_aircon1,6,778,交流低壓,=,1,warning,,
環控_空調系統1,儲能櫃2,ENV_ENV2_2_aircon1,6,779,交流掉電,=,1,warning,,
環控_空調系統1,儲能櫃2,ENV_ENV2_2_aircon1,6,780,蒸發器溫度感測器故障,=,1,fault,,
環控_空調系統1,儲能櫃2,ENV_ENV2_2_aircon1,6,781,冷凝器溫度感測器故障,=,1,fault,,
環控_空調系統1,儲能櫃2,ENV_ENV2_2_aircon1,6,782,環境溫度感測器故障,=,1,fault,,
環控_空調系統1,儲能櫃2,ENV_ENV2_2_aircon1,6,783,蒸發器凍結,=,1,warning,,
環控_空調系統1,儲能櫃2,ENV_ENV2_2_aircon1,6,784,頻繁高壓力,=,1,warning,,
環控_空調系統2,儲能櫃2,ENV_ENV2_2_aircon1,7,768,高溫告警,=,1,warning,,
環控_空調系統2,儲能櫃2,ENV_ENV2_2_aircon2,7,769,內風機故障,=,1,fault,,
環控_空調系統2,儲能櫃2,ENV_ENV2_2_aircon2,7,770,外風機故障,=,1,fault,,
環控_空調系統2,儲能櫃2,ENV_ENV2_2_aircon2,7,771,壓縮機故障,=,1,fault,,
環控_空調系統2,儲能櫃2,ENV_ENV2_2_aircon2,7,772,內部溫度感測器故障,=,1,fault,,
環控_空調系統2,儲能櫃2,ENV_ENV2_2_aircon2,7,773,系統高壓力,=,1,warning,,
環控_空調系統2,儲能櫃2,ENV_ENV2_2_aircon2,7,774,低溫告警,=,1,warning,,
環控_空調系統2,儲能櫃2,ENV_ENV2_2_aircon2,7,775,直流過壓,=,1,warning,,
環控_空調系統2,儲能櫃2,ENV_ENV2_2_aircon2,7,776,直流低壓,=,1,warning,,
環控_空調系統2,儲能櫃2,ENV_ENV2_2_aircon2,7,777,交流過壓,=,1,warning,,
環控_空調系統2,儲能櫃2,ENV_ENV2_2_aircon2,7,778,交流低壓,=,1,warning,,
環控_空調系統2,儲能櫃2,ENV_ENV2_2_aircon2,7,779,交流掉電,=,1,warning,,
環控_空調系統2,儲能櫃2,ENV_ENV2_2_aircon2,7,780,蒸發器溫度感測器故障,=,1,fault,,
環控_空調系統2,儲能櫃2,ENV_ENV2_2_aircon2,7,781,冷凝器溫度感測器故障,=,1,fault,,
環控_空調系統2,儲能櫃2,ENV_ENV2_2_aircon2,7,782,環境溫度感測器故障,=,1,fault,,
環控_空調系統2,儲能櫃2,ENV_ENV2_2_aircon2,7,783,蒸發器凍結,=,1,fault,,
環控_空調系統2,儲能櫃2,ENV_ENV2_2_aircon2,7,784,頻繁高壓力,=,1,warning,,
儲能櫃1_1,戶外,BESS1_rack01_alert,2,1,Rack01組端電壓上限預警,Boolean,1,earlywarning,"BESS1_rack01_status,2,51",
儲能櫃1_1,戶外,BESS1_rack01_alert,2,2,Rack01組端電壓下限預警,Boolean,1,earlywarning,"BESS1_rack01_status,2,51",
儲能櫃1_1,戶外,BESS1_rack01_alert,2,3,Rack01充電電流上限預警,Boolean,1,earlywarning,"BESS1_rack01_status,2,53",
儲能櫃1_1,戶外,BESS1_rack01_alert,2,4,Rack01放電電流上限預警,Boolean,1,earlywarning,"BESS1_rack01_status,2,53",
儲能櫃1_1,戶外,BESS1_rack01_alert,2,5,Rack01單體電壓上限預警,Boolean,1,earlywarning,"BESS1_rack01_status,2,81",
儲能櫃1_1,戶外,BESS1_rack01_alert,2,6,Rack01單體電壓下限預警,Boolean,1,earlywarning,"BESS1_rack01_status,2,83",
儲能櫃1_1,戶外,BESS1_rack01_alert,2,7,Rack01充電溫度上限預警,Boolean,1,earlywarning,"BESS1_rack01_status,2,89",
儲能櫃1_1,戶外,BESS1_rack01_alert,2,8,Rack01充電溫度下限預警,Boolean,1,earlywarning,"BESS1_rack01_status,2,91",
儲能櫃1_1,戶外,BESS1_rack01_alert,2,9,Rack01放電溫度上限預警,Boolean,1,earlywarning,"BESS1_rack01_status,2,89",
儲能櫃1_1,戶外,BESS1_rack01_alert,2,10,Rack01放電溫度下限預警,Boolean,1,earlywarning,"BESS1_rack01_status,2,91",
儲能櫃1_1,戶外,BESS1_rack01_alert,2,11,Rack01單體溫度上限預警,Boolean,1,earlywarning,"BESS1_rack01_status,2,89",
儲能櫃1_1,戶外,BESS1_rack01_alert,2,12,Rack01單體溫度下限預警,Boolean,1,earlywarning,"BESS1_rack01_status,2,91",
儲能櫃1_1,戶外,BESS1_rack01_alert,2,13,Rack01環境溫度上限預警,Boolean,1,earlywarning,"BESS1_rack01_status,2,59",
儲能櫃1_1,戶外,BESS1_rack01_alert,2,14,Rack01環境溫度下限預警,Boolean,1,earlywarning,"BESS1_rack01_status,2,59",
儲能櫃1_1,戶外,BESS1_rack01_alert,2,15,Rack01動力線溫度上限預警,Boolean,1,earlywarning,,
儲能櫃1_1,戶外,BESS1_rack01_alert,2,16,Rack01組SOC上限預警,Boolean,1,earlywarning,"BESS1_rack01_status,2,55",
儲能櫃1_1,戶外,BESS1_rack01_alert,2,17,Rack01組SOC下限預警,Boolean,1,earlywarning,"BESS1_rack01_status,2,55",
儲能櫃1_1,戶外,BESS1_rack01_alert,2,18,Rack01正極絕緣電阻下限預警,Boolean,1,earlywarning,"BESS1_rack01_status,2,61",
儲能櫃1_1,戶外,BESS1_rack01_alert,2,19,Rack01負極絕緣電阻下限預警,Boolean,1,earlywarning,"BESS1_rack01_status,2,63",
儲能櫃1_1,戶外,BESS1_rack01_alert,2,20,Rack01箱壓差上限預警,Boolean,1,earlywarning,,
儲能櫃1_1,戶外,BESS1_rack01_alert,2,21,Rack01箱溫差上限預警,Boolean,1,earlywarning,,
儲能櫃1_1,戶外,BESS1_rack01_alert,2,22,Rack01組端電壓上限告警,Boolean,1,warning,"BESS1_rack01_status,2,51",
儲能櫃1_1,戶外,BESS1_rack01_alert,2,23,Rack01組端電壓下限告警,Boolean,1,warning,"BESS1_rack01_status,2,51",
儲能櫃1_1,戶外,BESS1_rack01_alert,2,24,Rack01充電電流上限告警,Boolean,1,warning,"BESS1_rack01_status,2,53",
儲能櫃1_1,戶外,BESS1_rack01_alert,2,25,Rack01放電電流上限告警,Boolean,1,warning,"BESS1_rack01_status,2,53",
儲能櫃1_1,戶外,BESS1_rack01_alert,2,26,Rack01單體電壓上限告警,Boolean,1,warning,"BESS1_rack01_status,2,81",
儲能櫃1_1,戶外,BESS1_rack01_alert,2,27,Rack01單體電壓下限告警,Boolean,1,warning,"BESS1_rack01_status,2,83",
儲能櫃1_1,戶外,BESS1_rack01_alert,2,28,Rack01充電溫度上限告警,Boolean,1,warning,"BESS1_rack01_status,2,89",
儲能櫃1_1,戶外,BESS1_rack01_alert,2,29,Rack01充電溫度下限告警,Boolean,1,warning,"BESS1_rack01_status,2,91",
儲能櫃1_1,戶外,BESS1_rack01_alert,2,30,Rack01放電溫度上限告警,Boolean,1,warning,"BESS1_rack01_status,2,89",
儲能櫃1_1,戶外,BESS1_rack01_alert,2,31,Rack01放電溫度下限告警,Boolean,1,warning,"BESS1_rack01_status,2,91",
儲能櫃1_1,戶外,BESS1_rack01_alert,2,32,Rack01單體溫度上限告警,Boolean,1,warning,"BESS1_rack01_status,2,89",
儲能櫃1_1,戶外,BESS1_rack01_alert,2,33,Rack01單體溫度下限告警,Boolean,1,warning,"BESS1_rack01_status,2,91",
儲能櫃1_1,戶外,BESS1_rack01_alert,2,34,Rack01環境溫度上限告警,Boolean,1,warning,"BESS1_rack01_status,2,59",
儲能櫃1_1,戶外,BESS1_rack01_alert,2,35,Rack01環境溫度下限告警,Boolean,1,warning,"BESS1_rack01_status,2,59",
儲能櫃1_1,戶外,BESS1_rack01_alert,2,36,Rack01動力線溫度上限告警,Boolean,1,warning,,
儲能櫃1_1,戶外,BESS1_rack01_alert,2,37,Rack01組SOC上限告警,Boolean,1,warning,"BESS1_rack01_status,2,55",
儲能櫃1_1,戶外,BESS1_rack01_alert,2,38,Rack01組SOC下限告警,Boolean,1,warning,"BESS1_rack01_status,2,55",
儲能櫃1_1,戶外,BESS1_rack01_alert,2,39,Rack01正極絕緣電阻下限告警,Boolean,1,warning,"BESS1_rack01_status,2,61",
儲能櫃1_1,戶外,BESS1_rack01_alert,2,40,Rack01負極絕緣電阻下限告警,Boolean,1,warning,"BESS1_rack01_status,2,63",
儲能櫃1_1,戶外,BESS1_rack01_alert,2,41,Rack01箱壓差上限告警,Boolean,1,warning,,
儲能櫃1_1,戶外,BESS1_rack01_alert,2,42,Rack01箱溫差上限告警,Boolean,1,warning,,
儲能櫃1_1,戶外,BESS1_rack01_alert,2,43,Rack01組端電壓上限保護,Boolean,1,protection,"BESS1_rack01_status,2,51",PCS1
儲能櫃1_1,戶外,BESS1_rack01_alert,2,44,Rack01組端電壓下限保護,Boolean,1,protection,"BESS1_rack01_status,2,51",PCS1
儲能櫃1_1,戶外,BESS1_rack01_alert,2,45,Rack01充電電流上限保護,Boolean,1,protection,"BESS1_rack01_status,2,53",PCS1
儲能櫃1_1,戶外,BESS1_rack01_alert,2,46,Rack01放電電流上限保護,Boolean,1,protection,"BESS1_rack01_status,2,53",PCS1
儲能櫃1_1,戶外,BESS1_rack01_alert,2,47,Rack01單體電壓上限保護,Boolean,1,protection,"BESS1_rack01_status,2,81",PCS1
儲能櫃1_1,戶外,BESS1_rack01_alert,2,48,Rack01單體電壓下限保護,Boolean,1,protection,"BESS1_rack01_status,2,83",PCS1
儲能櫃1_1,戶外,BESS1_rack01_alert,2,49,Rack01充電溫度上限保護,Boolean,1,protection,"BESS1_rack01_status,2,89",PCS1
儲能櫃1_1,戶外,BESS1_rack01_alert,2,50,Rack01充電溫度下限保護,Boolean,1,protection,"BESS1_rack01_status,2,91",PCS1
儲能櫃1_1,戶外,BESS1_rack01_alert,2,51,Rack01放電溫度上限保護,Boolean,1,protection,"BESS1_rack01_status,2,89",PCS1
儲能櫃1_1,戶外,BESS1_rack01_alert,2,52,Rack01放電溫度下限保護,Boolean,1,protection,"BESS1_rack01_status,2,91",PCS1
儲能櫃1_1,戶外,BESS1_rack01_alert,2,53,Rack01單體溫度上限保護,Boolean,1,protection,"BESS1_rack01_status,2,89",PCS1
儲能櫃1_1,戶外,BESS1_rack01_alert,2,54,Rack01單體溫度下限保護,Boolean,1,protection,"BESS1_rack01_status,2,91",PCS1
儲能櫃1_1,戶外,BESS1_rack01_alert,2,55,Rack01環境溫度上限保護,Boolean,1,protection,"BESS1_rack01_status,2,59",PCS1
儲能櫃1_1,戶外,BESS1_rack01_alert,2,56,Rack01環境溫度下限保護,Boolean,1,protection,"BESS1_rack01_status,2,59",PCS1
儲能櫃1_1,戶外,BESS1_rack01_alert,2,57,Rack01動力線溫度上限保護,Boolean,1,protection,,PCS1
儲能櫃1_1,戶外,BESS1_rack01_alert,2,58,Rack01組SOC上限保護,Boolean,1,protection,"BESS1_rack01_status,2,55",PCS1
儲能櫃1_1,戶外,BESS1_rack01_alert,2,59,Rack01組SOC下限保護,Boolean,1,protection,"BESS1_rack01_status,2,55",PCS1
儲能櫃1_1,戶外,BESS1_rack01_alert,2,60,Rack01正極絕緣電阻下限保護,Boolean,1,protection,"BESS1_rack01_status,2,61",PCS1
儲能櫃1_1,戶外,BESS1_rack01_alert,2,61,Rack01負極絕緣電阻下限保護,Boolean,1,protection,"BESS1_rack01_status,2,63",PCS1
儲能櫃1_1,戶外,BESS1_rack01_alert,2,62,Rack01箱壓差上限保護,Boolean,1,protection,,PCS1
儲能櫃1_1,戶外,BESS1_rack01_alert,2,63,Rack01箱溫差上限保護,Boolean,1,protection,,PCS1
儲能櫃1_1,戶外,BESS1_rack01_alert,2,64,Rack01電池溫度溫升過快,Boolean,1,warning,,
儲能櫃1_1,戶外,BESS1_rack01_alert,2,65,Rack01動力線溫度溫升過快,Boolean,1,warning,,
儲能櫃1_1,戶外,BESS1_rack01_alert,2,66,Rack01BMU通訊故障,Boolean,1,fault,,
儲能櫃1_1,戶外,BESS1_rack01_alert,2,67,Rack01BCMU通訊故障,Boolean,1,fault,,
儲能櫃1_1,戶外,BESS1_rack01_alert,2,68,Rack01單體電壓採集線故障,Boolean,1,fault,,
儲能櫃1_1,戶外,BESS1_rack01_alert,2,69,Rack01總壓採集線故障,Boolean,1,fault,,
儲能櫃1_1,戶外,BESS1_rack01_alert,2,70,Rack01電流採集線故障,Boolean,1,fault,,
儲能櫃1_1,戶外,BESS1_rack01_alert,2,71,Rack01溫度採集斷線,Boolean,1,fault,,
儲能櫃1_1,戶外,BESS1_rack01_alert,2,72,Rack01溫度採集短路,Boolean,1,fault,,
儲能櫃1_1,戶外,BESS1_rack01_alert,2,73,Rack01BMS設備故障,Boolean,1,fault,,
儲能櫃1_1,戶外,BESS1_rack01_alert,2,74,Rack01單體電壓無效,Boolean,1,fault,,
儲能櫃1_1,戶外,BESS1_rack01_alert,2,75,Rack01單體溫度無效,Boolean,1,fault,,
儲能櫃1_1,戶外,BESS1_rack01_alert,2,76,Rack01組端電壓無效,Boolean,1,protection,,PCS1
儲能櫃1_1,戶外,BESS1_rack01_alert,2,77,Rack01組電流異常,Boolean,1,protection,,PCS1
儲能櫃1_1,戶外,BESS1_rack01_alert,2,78,Rack01消防報警,Boolean,1,protection,,PCS1
儲能櫃1_1,戶外,BESS1_rack01_alert,2,79,Rack01水浸報警,Boolean,1,protection,,PCS1
儲能櫃1_1,戶外,BESS1_rack02_alert,3,1,Rack02組端電壓上限預警,Boolean,1,earlywarning,"BESS1_rack02_status,3,51",
儲能櫃1_1,戶外,BESS1_rack02_alert,3,2,Rack02組端電壓下限預警,Boolean,1,earlywarning,"BESS1_rack02_status,3,51",
儲能櫃1_1,戶外,BESS1_rack02_alert,3,3,Rack02充電電流上限預警,Boolean,1,earlywarning,"BESS1_rack02_status,3,53",
儲能櫃1_1,戶外,BESS1_rack02_alert,3,4,Rack02放電電流上限預警,Boolean,1,earlywarning,"BESS1_rack02_status,3,53",
儲能櫃1_1,戶外,BESS1_rack02_alert,3,5,Rack02單體電壓上限預警,Boolean,1,earlywarning,"BESS1_rack02_status,3,81",
儲能櫃1_1,戶外,BESS1_rack02_alert,3,6,Rack02單體電壓下限預警,Boolean,1,earlywarning,"BESS1_rack02_status,3,83",
儲能櫃1_1,戶外,BESS1_rack02_alert,3,7,Rack02充電溫度上限預警,Boolean,1,earlywarning,"BESS1_rack02_status,3,89",
儲能櫃1_1,戶外,BESS1_rack02_alert,3,8,Rack02充電溫度下限預警,Boolean,1,earlywarning,"BESS1_rack02_status,3,91",
儲能櫃1_1,戶外,BESS1_rack02_alert,3,9,Rack02放電溫度上限預警,Boolean,1,earlywarning,"BESS1_rack02_status,3,89",
儲能櫃1_1,戶外,BESS1_rack02_alert,3,10,Rack02放電溫度下限預警,Boolean,1,earlywarning,"BESS1_rack02_status,3,91",
儲能櫃1_1,戶外,BESS1_rack02_alert,3,11,Rack02單體溫度上限預警,Boolean,1,earlywarning,"BESS1_rack02_status,3,89",
儲能櫃1_1,戶外,BESS1_rack02_alert,3,12,Rack02單體溫度下限預警,Boolean,1,earlywarning,"BESS1_rack02_status,3,91",
儲能櫃1_1,戶外,BESS1_rack02_alert,3,13,Rack02環境溫度上限預警,Boolean,1,earlywarning,"BESS1_rack02_status,3,59",
儲能櫃1_1,戶外,BESS1_rack02_alert,3,14,Rack02環境溫度下限預警,Boolean,1,earlywarning,"BESS1_rack02_status,3,59",
儲能櫃1_1,戶外,BESS1_rack02_alert,3,15,Rack02動力線溫度上限預警,Boolean,1,earlywarning,,
儲能櫃1_1,戶外,BESS1_rack02_alert,3,16,Rack02組SOC上限預警,Boolean,1,earlywarning,"BESS1_rack02_status,3,55",
儲能櫃1_1,戶外,BESS1_rack02_alert,3,17,Rack02組SOC下限預警,Boolean,1,earlywarning,"BESS1_rack02_status,3,55",
儲能櫃1_1,戶外,BESS1_rack02_alert,3,18,Rack02正極絕緣電阻下限預警,Boolean,1,earlywarning,"BESS1_rack02_status,3,61",
儲能櫃1_1,戶外,BESS1_rack02_alert,3,19,Rack02負極絕緣電阻下限預警,Boolean,1,earlywarning,"BESS1_rack02_status,3,63",
儲能櫃1_1,戶外,BESS1_rack02_alert,3,20,Rack02箱壓差上限預警,Boolean,1,earlywarning,,
儲能櫃1_1,戶外,BESS1_rack02_alert,3,21,Rack02箱溫差上限預警,Boolean,1,earlywarning,,
儲能櫃1_1,戶外,BESS1_rack02_alert,3,22,Rack02組端電壓上限告警,Boolean,1,warning,"BESS1_rack02_status,3,51",
儲能櫃1_1,戶外,BESS1_rack02_alert,3,23,Rack02組端電壓下限告警,Boolean,1,warning,"BESS1_rack02_status,3,51",
儲能櫃1_1,戶外,BESS1_rack02_alert,3,24,Rack02充電電流上限告警,Boolean,1,warning,"BESS1_rack02_status,3,53",
儲能櫃1_1,戶外,BESS1_rack02_alert,3,25,Rack02放電電流上限告警,Boolean,1,warning,"BESS1_rack02_status,3,53",
儲能櫃1_1,戶外,BESS1_rack02_alert,3,26,Rack02單體電壓上限告警,Boolean,1,warning,"BESS1_rack02_status,3,81",
儲能櫃1_1,戶外,BESS1_rack02_alert,3,27,Rack02單體電壓下限告警,Boolean,1,warning,"BESS1_rack02_status,3,83",
儲能櫃1_1,戶外,BESS1_rack02_alert,3,28,Rack02充電溫度上限告警,Boolean,1,warning,"BESS1_rack02_status,3,89",
儲能櫃1_1,戶外,BESS1_rack02_alert,3,29,Rack02充電溫度下限告警,Boolean,1,warning,"BESS1_rack02_status,3,91",
儲能櫃1_1,戶外,BESS1_rack02_alert,3,30,Rack02放電溫度上限告警,Boolean,1,warning,"BESS1_rack02_status,3,89",
儲能櫃1_1,戶外,BESS1_rack02_alert,3,31,Rack02放電溫度下限告警,Boolean,1,warning,"BESS1_rack02_status,3,91",
儲能櫃1_1,戶外,BESS1_rack02_alert,3,32,Rack02單體溫度上限告警,Boolean,1,warning,"BESS1_rack02_status,3,89",
儲能櫃1_1,戶外,BESS1_rack02_alert,3,33,Rack02單體溫度下限告警,Boolean,1,warning,"BESS1_rack02_status,3,91",
儲能櫃1_1,戶外,BESS1_rack02_alert,3,34,Rack02環境溫度上限告警,Boolean,1,warning,"BESS1_rack02_status,3,59",
儲能櫃1_1,戶外,BESS1_rack02_alert,3,35,Rack02環境溫度下限告警,Boolean,1,warning,"BESS1_rack02_status,3,59",
儲能櫃1_1,戶外,BESS1_rack02_alert,3,36,Rack02動力線溫度上限告警,Boolean,1,warning,,
儲能櫃1_1,戶外,BESS1_rack02_alert,3,37,Rack02組SOC上限告警,Boolean,1,warning,"BESS1_rack02_status,3,55",
儲能櫃1_1,戶外,BESS1_rack02_alert,3,38,Rack02組SOC下限告警,Boolean,1,warning,"BESS1_rack02_status,3,55",
儲能櫃1_1,戶外,BESS1_rack02_alert,3,39,Rack02正極絕緣電阻下限告警,Boolean,1,warning,"BESS1_rack02_status,3,61",
儲能櫃1_1,戶外,BESS1_rack02_alert,3,40,Rack02負極絕緣電阻下限告警,Boolean,1,warning,"BESS1_rack02_status,3,63",
儲能櫃1_1,戶外,BESS1_rack02_alert,3,41,Rack02箱壓差上限告警,Boolean,1,warning,,
儲能櫃1_1,戶外,BESS1_rack02_alert,3,42,Rack02箱溫差上限告警,Boolean,1,warning,,
儲能櫃1_1,戶外,BESS1_rack02_alert,3,43,Rack02組端電壓上限保護,Boolean,1,protection,"BESS1_rack02_status,3,51",PCS1
儲能櫃1_1,戶外,BESS1_rack02_alert,3,44,Rack02組端電壓下限保護,Boolean,1,protection,"BESS1_rack02_status,3,51",PCS1
儲能櫃1_1,戶外,BESS1_rack02_alert,3,45,Rack02充電電流上限保護,Boolean,1,protection,"BESS1_rack02_status,3,53",PCS1
儲能櫃1_1,戶外,BESS1_rack02_alert,3,46,Rack02放電電流上限保護,Boolean,1,protection,"BESS1_rack02_status,3,53",PCS1
儲能櫃1_1,戶外,BESS1_rack02_alert,3,47,Rack02單體電壓上限保護,Boolean,1,protection,"BESS1_rack02_status,3,81",PCS1
儲能櫃1_1,戶外,BESS1_rack02_alert,3,48,Rack02單體電壓下限保護,Boolean,1,protection,"BESS1_rack02_status,3,83",PCS1
儲能櫃1_1,戶外,BESS1_rack02_alert,3,49,Rack02充電溫度上限保護,Boolean,1,protection,"BESS1_rack02_status,3,89",PCS1
儲能櫃1_1,戶外,BESS1_rack02_alert,3,50,Rack02充電溫度下限保護,Boolean,1,protection,"BESS1_rack02_status,3,91",PCS1
儲能櫃1_1,戶外,BESS1_rack02_alert,3,51,Rack02放電溫度上限保護,Boolean,1,protection,"BESS1_rack02_status,3,89",PCS1
儲能櫃1_1,戶外,BESS1_rack02_alert,3,52,Rack02放電溫度下限保護,Boolean,1,protection,"BESS1_rack02_status,3,91",PCS1
儲能櫃1_1,戶外,BESS1_rack02_alert,3,53,Rack02單體溫度上限保護,Boolean,1,protection,"BESS1_rack02_status,3,89",PCS1
儲能櫃1_1,戶外,BESS1_rack02_alert,3,54,Rack02單體溫度下限保護,Boolean,1,protection,"BESS1_rack02_status,3,91",PCS1
儲能櫃1_1,戶外,BESS1_rack02_alert,3,55,Rack02環境溫度上限保護,Boolean,1,protection,"BESS1_rack02_status,3,59",PCS1
儲能櫃1_1,戶外,BESS1_rack02_alert,3,56,Rack02環境溫度下限保護,Boolean,1,protection,"BESS1_rack02_status,3,59",PCS1
儲能櫃1_1,戶外,BESS1_rack02_alert,3,57,Rack02動力線溫度上限保護,Boolean,1,protection,,PCS1
儲能櫃1_1,戶外,BESS1_rack02_alert,3,58,Rack02組SOC上限保護,Boolean,1,protection,"BESS1_rack02_status,3,55",PCS1
儲能櫃1_1,戶外,BESS1_rack02_alert,3,59,Rack02組SOC下限保護,Boolean,1,protection,"BESS1_rack02_status,3,55",PCS1
儲能櫃1_1,戶外,BESS1_rack02_alert,3,60,Rack02正極絕緣電阻下限保護,Boolean,1,protection,"BESS1_rack02_status,3,61",PCS1
儲能櫃1_1,戶外,BESS1_rack02_alert,3,61,Rack02負極絕緣電阻下限保護,Boolean,1,protection,"BESS1_rack02_status,3,63",PCS1
儲能櫃1_1,戶外,BESS1_rack02_alert,3,62,Rack02箱壓差上限保護,Boolean,1,protection,,PCS1
儲能櫃1_1,戶外,BESS1_rack02_alert,3,63,Rack02箱溫差上限保護,Boolean,1,protection,,PCS1
儲能櫃1_1,戶外,BESS1_rack02_alert,3,64,Rack02電池溫度溫升過快,Boolean,1,warning,,
儲能櫃1_1,戶外,BESS1_rack02_alert,3,65,Rack02動力線溫度溫升過快,Boolean,1,warning,,
儲能櫃1_1,戶外,BESS1_rack02_alert,3,66,Rack02BMU通訊故障,Boolean,1,fault,,
儲能櫃1_1,戶外,BESS1_rack02_alert,3,67,Rack02BCMU通訊故障,Boolean,1,fault,,
儲能櫃1_1,戶外,BESS1_rack02_alert,3,68,Rack02單體電壓採集線故障,Boolean,1,fault,,
儲能櫃1_1,戶外,BESS1_rack02_alert,3,69,Rack02總壓採集線故障,Boolean,1,fault,,
儲能櫃1_1,戶外,BESS1_rack02_alert,3,70,Rack02電流採集線故障,Boolean,1,fault,,
儲能櫃1_1,戶外,BESS1_rack02_alert,3,71,Rack02溫度採集斷線,Boolean,1,fault,,
儲能櫃1_1,戶外,BESS1_rack02_alert,3,72,Rack02溫度採集短路,Boolean,1,fault,,
儲能櫃1_1,戶外,BESS1_rack02_alert,3,73,Rack02BMS設備故障,Boolean,1,fault,,
儲能櫃1_1,戶外,BESS1_rack02_alert,3,74,Rack02單體電壓無效,Boolean,1,fault,,
儲能櫃1_1,戶外,BESS1_rack02_alert,3,75,Rack02單體溫度無效,Boolean,1,fault,,
儲能櫃1_1,戶外,BESS1_rack02_alert,3,76,Rack02組端電壓無效,Boolean,1,protection,,PCS1
儲能櫃1_1,戶外,BESS1_rack02_alert,3,77,Rack02組電流異常,Boolean,1,protection,,PCS1
儲能櫃1_1,戶外,BESS1_rack02_alert,3,78,Rack02消防報警,Boolean,1,protection,,PCS1
儲能櫃1_1,戶外,BESS1_rack02_alert,3,79,Rack02水浸報警,Boolean,1,protection,,PCS1
儲能櫃1_1,戶外,BESS1_rack03_alert,4,1,Rack03組端電壓上限預警,Boolean,1,earlywarning,"BESS1_rack03_status,4,51",
儲能櫃1_1,戶外,BESS1_rack03_alert,4,2,Rack03組端電壓下限預警,Boolean,1,earlywarning,"BESS1_rack03_status,4,51",
儲能櫃1_1,戶外,BESS1_rack03_alert,4,3,Rack03充電電流上限預警,Boolean,1,earlywarning,"BESS1_rack03_status,4,53",
儲能櫃1_1,戶外,BESS1_rack03_alert,4,4,Rack03放電電流上限預警,Boolean,1,earlywarning,"BESS1_rack03_status,4,53",
儲能櫃1_1,戶外,BESS1_rack03_alert,4,5,Rack03單體電壓上限預警,Boolean,1,earlywarning,"BESS1_rack03_status,4,81",
儲能櫃1_1,戶外,BESS1_rack03_alert,4,6,Rack03單體電壓下限預警,Boolean,1,earlywarning,"BESS1_rack03_status,4,83",
儲能櫃1_1,戶外,BESS1_rack03_alert,4,7,Rack03充電溫度上限預警,Boolean,1,earlywarning,"BESS1_rack03_status,4,89",
儲能櫃1_1,戶外,BESS1_rack03_alert,4,8,Rack03充電溫度下限預警,Boolean,1,earlywarning,"BESS1_rack03_status,4,91",
儲能櫃1_1,戶外,BESS1_rack03_alert,4,9,Rack03放電溫度上限預警,Boolean,1,earlywarning,"BESS1_rack03_status,4,89",
儲能櫃1_1,戶外,BESS1_rack03_alert,4,10,Rack03放電溫度下限預警,Boolean,1,earlywarning,"BESS1_rack03_status,4,91",
儲能櫃1_1,戶外,BESS1_rack03_alert,4,11,Rack03單體溫度上限預警,Boolean,1,earlywarning,"BESS1_rack03_status,4,89",
儲能櫃1_1,戶外,BESS1_rack03_alert,4,12,Rack03單體溫度下限預警,Boolean,1,earlywarning,"BESS1_rack03_status,4,91",
儲能櫃1_1,戶外,BESS1_rack03_alert,4,13,Rack03環境溫度上限預警,Boolean,1,earlywarning,"BESS1_rack03_status,4,59",
儲能櫃1_1,戶外,BESS1_rack03_alert,4,14,Rack03環境溫度下限預警,Boolean,1,earlywarning,"BESS1_rack03_status,4,59",
儲能櫃1_1,戶外,BESS1_rack03_alert,4,15,Rack03動力線溫度上限預警,Boolean,1,earlywarning,,
儲能櫃1_1,戶外,BESS1_rack03_alert,4,16,Rack03組SOC上限預警,Boolean,1,earlywarning,"BESS1_rack03_status,4,55",
儲能櫃1_1,戶外,BESS1_rack03_alert,4,17,Rack03組SOC下限預警,Boolean,1,earlywarning,"BESS1_rack03_status,4,55",
儲能櫃1_1,戶外,BESS1_rack03_alert,4,18,Rack03正極絕緣電阻下限預警,Boolean,1,earlywarning,"BESS1_rack03_status,4,61",
儲能櫃1_1,戶外,BESS1_rack03_alert,4,19,Rack03負極絕緣電阻下限預警,Boolean,1,earlywarning,"BESS1_rack03_status,4,63",
儲能櫃1_1,戶外,BESS1_rack03_alert,4,20,Rack03箱壓差上限預警,Boolean,1,earlywarning,,
儲能櫃1_1,戶外,BESS1_rack03_alert,4,21,Rack03箱溫差上限預警,Boolean,1,earlywarning,,
儲能櫃1_1,戶外,BESS1_rack03_alert,4,22,Rack03組端電壓上限告警,Boolean,1,warning,"BESS1_rack03_status,4,51",
儲能櫃1_1,戶外,BESS1_rack03_alert,4,23,Rack03組端電壓下限告警,Boolean,1,warning,"BESS1_rack03_status,4,51",
儲能櫃1_1,戶外,BESS1_rack03_alert,4,24,Rack03充電電流上限告警,Boolean,1,warning,"BESS1_rack03_status,4,53",
儲能櫃1_1,戶外,BESS1_rack03_alert,4,25,Rack03放電電流上限告警,Boolean,1,warning,"BESS1_rack03_status,4,53",
儲能櫃1_1,戶外,BESS1_rack03_alert,4,26,Rack03單體電壓上限告警,Boolean,1,warning,"BESS1_rack03_status,4,81",
儲能櫃1_1,戶外,BESS1_rack03_alert,4,27,Rack03單體電壓下限告警,Boolean,1,warning,"BESS1_rack03_status,4,83",
儲能櫃1_1,戶外,BESS1_rack03_alert,4,28,Rack03充電溫度上限告警,Boolean,1,warning,"BESS1_rack03_status,4,89",
儲能櫃1_1,戶外,BESS1_rack03_alert,4,29,Rack03充電溫度下限告警,Boolean,1,warning,"BESS1_rack03_status,4,91",
儲能櫃1_1,戶外,BESS1_rack03_alert,4,30,Rack03放電溫度上限告警,Boolean,1,warning,"BESS1_rack03_status,4,89",
儲能櫃1_1,戶外,BESS1_rack03_alert,4,31,Rack03放電溫度下限告警,Boolean,1,warning,"BESS1_rack03_status,4,91",
儲能櫃1_1,戶外,BESS1_rack03_alert,4,32,Rack03單體溫度上限告警,Boolean,1,warning,"BESS1_rack03_status,4,89",
儲能櫃1_1,戶外,BESS1_rack03_alert,4,33,Rack03單體溫度下限告警,Boolean,1,warning,"BESS1_rack03_status,4,91",
儲能櫃1_1,戶外,BESS1_rack03_alert,4,34,Rack03環境溫度上限告警,Boolean,1,warning,"BESS1_rack03_status,4,59",
儲能櫃1_1,戶外,BESS1_rack03_alert,4,35,Rack03環境溫度下限告警,Boolean,1,warning,"BESS1_rack03_status,4,59",
儲能櫃1_1,戶外,BESS1_rack03_alert,4,36,Rack03動力線溫度上限告警,Boolean,1,warning,,
儲能櫃1_1,戶外,BESS1_rack03_alert,4,37,Rack03組SOC上限告警,Boolean,1,warning,"BESS1_rack03_status,4,55",
儲能櫃1_1,戶外,BESS1_rack03_alert,4,38,Rack03組SOC下限告警,Boolean,1,warning,"BESS1_rack03_status,4,55",
儲能櫃1_1,戶外,BESS1_rack03_alert,4,39,Rack03正極絕緣電阻下限告警,Boolean,1,warning,"BESS1_rack03_status,4,61",
儲能櫃1_1,戶外,BESS1_rack03_alert,4,40,Rack03負極絕緣電阻下限告警,Boolean,1,warning,"BESS1_rack03_status,4,63",
儲能櫃1_1,戶外,BESS1_rack03_alert,4,41,Rack03箱壓差上限告警,Boolean,1,warning,,
儲能櫃1_1,戶外,BESS1_rack03_alert,4,42,Rack03箱溫差上限告警,Boolean,1,warning,,
儲能櫃1_1,戶外,BESS1_rack03_alert,4,43,Rack03組端電壓上限保護,Boolean,1,protection,"BESS1_rack03_status,4,51",PCS1
儲能櫃1_1,戶外,BESS1_rack03_alert,4,44,Rack03組端電壓下限保護,Boolean,1,protection,"BESS1_rack03_status,4,51",PCS1
儲能櫃1_1,戶外,BESS1_rack03_alert,4,45,Rack03充電電流上限保護,Boolean,1,protection,"BESS1_rack03_status,4,53",PCS1
儲能櫃1_1,戶外,BESS1_rack03_alert,4,46,Rack03放電電流上限保護,Boolean,1,protection,"BESS1_rack03_status,4,53",PCS1
儲能櫃1_1,戶外,BESS1_rack03_alert,4,47,Rack03單體電壓上限保護,Boolean,1,protection,"BESS1_rack03_status,4,81",PCS1
儲能櫃1_1,戶外,BESS1_rack03_alert,4,48,Rack03單體電壓下限保護,Boolean,1,protection,"BESS1_rack03_status,4,83",PCS1
儲能櫃1_1,戶外,BESS1_rack03_alert,4,49,Rack03充電溫度上限保護,Boolean,1,protection,"BESS1_rack03_status,4,89",PCS1
儲能櫃1_1,戶外,BESS1_rack03_alert,4,50,Rack03充電溫度下限保護,Boolean,1,protection,"BESS1_rack03_status,4,91",PCS1
儲能櫃1_1,戶外,BESS1_rack03_alert,4,51,Rack03放電溫度上限保護,Boolean,1,protection,"BESS1_rack03_status,4,89",PCS1
儲能櫃1_1,戶外,BESS1_rack03_alert,4,52,Rack03放電溫度下限保護,Boolean,1,protection,"BESS1_rack03_status,4,91",PCS1
儲能櫃1_1,戶外,BESS1_rack03_alert,4,53,Rack03單體溫度上限保護,Boolean,1,protection,"BESS1_rack03_status,4,89",PCS1
儲能櫃1_1,戶外,BESS1_rack03_alert,4,54,Rack03單體溫度下限保護,Boolean,1,protection,"BESS1_rack03_status,4,91",PCS1
儲能櫃1_1,戶外,BESS1_rack03_alert,4,55,Rack03環境溫度上限保護,Boolean,1,protection,"BESS1_rack03_status,4,59",PCS1
儲能櫃1_1,戶外,BESS1_rack03_alert,4,56,Rack03環境溫度下限保護,Boolean,1,protection,"BESS1_rack03_status,4,59",PCS1
儲能櫃1_1,戶外,BESS1_rack03_alert,4,57,Rack03動力線溫度上限保護,Boolean,1,protection,,PCS1
儲能櫃1_1,戶外,BESS1_rack03_alert,4,58,Rack03組SOC上限保護,Boolean,1,protection,"BESS1_rack03_status,4,55",PCS1
儲能櫃1_1,戶外,BESS1_rack03_alert,4,59,Rack03組SOC下限保護,Boolean,1,protection,"BESS1_rack03_status,4,55",PCS1
儲能櫃1_1,戶外,BESS1_rack03_alert,4,60,Rack03正極絕緣電阻下限保護,Boolean,1,protection,"BESS1_rack03_status,4,61",PCS1
儲能櫃1_1,戶外,BESS1_rack03_alert,4,61,Rack03負極絕緣電阻下限保護,Boolean,1,protection,"BESS1_rack03_status,4,63",PCS1
儲能櫃1_1,戶外,BESS1_rack03_alert,4,62,Rack03箱壓差上限保護,Boolean,1,protection,,PCS1
儲能櫃1_1,戶外,BESS1_rack03_alert,4,63,Rack03箱溫差上限保護,Boolean,1,protection,,PCS1
儲能櫃1_1,戶外,BESS1_rack03_alert,4,64,Rack03電池溫度溫升過快,Boolean,1,warning,,
儲能櫃1_1,戶外,BESS1_rack03_alert,4,65,Rack03動力線溫度溫升過快,Boolean,1,warning,,
儲能櫃1_1,戶外,BESS1_rack03_alert,4,66,Rack03BMU通訊故障,Boolean,1,fault,,
儲能櫃1_1,戶外,BESS1_rack03_alert,4,67,Rack03BCMU通訊故障,Boolean,1,fault,,
儲能櫃1_1,戶外,BESS1_rack03_alert,4,68,Rack03單體電壓採集線故障,Boolean,1,fault,,
儲能櫃1_1,戶外,BESS1_rack03_alert,4,69,Rack03總壓採集線故障,Boolean,1,fault,,
儲能櫃1_1,戶外,BESS1_rack03_alert,4,70,Rack03電流採集線故障,Boolean,1,fault,,
儲能櫃1_1,戶外,BESS1_rack03_alert,4,71,Rack03溫度採集斷線,Boolean,1,fault,,
儲能櫃1_1,戶外,BESS1_rack03_alert,4,72,Rack03溫度採集短路,Boolean,1,fault,,
儲能櫃1_1,戶外,BESS1_rack03_alert,4,73,Rack03BMS設備故障,Boolean,1,fault,,
儲能櫃1_1,戶外,BESS1_rack03_alert,4,74,Rack03單體電壓無效,Boolean,1,fault,,
儲能櫃1_1,戶外,BESS1_rack03_alert,4,75,Rack03單體溫度無效,Boolean,1,fault,,
儲能櫃1_1,戶外,BESS1_rack03_alert,4,76,Rack03組端電壓無效,Boolean,1,protection,,PCS1
儲能櫃1_1,戶外,BESS1_rack03_alert,4,77,Rack03組電流異常,Boolean,1,protection,,PCS1
儲能櫃1_1,戶外,BESS1_rack03_alert,4,78,Rack03消防報警,Boolean,1,protection,,PCS1
儲能櫃1_1,戶外,BESS1_rack03_alert,4,79,Rack03水浸報警,Boolean,1,protection,,PCS1
儲能櫃1_1,戶外,BESS1_rack04_alert,5,1,Rack04組端電壓上限預警,Boolean,1,earlywarning,"BESS1_rack04_status,5,51",
儲能櫃1_1,戶外,BESS1_rack04_alert,5,2,Rack04組端電壓下限預警,Boolean,1,earlywarning,"BESS1_rack04_status,5,51",
儲能櫃1_1,戶外,BESS1_rack04_alert,5,3,Rack04充電電流上限預警,Boolean,1,earlywarning,"BESS1_rack04_status,5,53",
儲能櫃1_1,戶外,BESS1_rack04_alert,5,4,Rack04放電電流上限預警,Boolean,1,earlywarning,"BESS1_rack04_status,5,53",
儲能櫃1_1,戶外,BESS1_rack04_alert,5,5,Rack04單體電壓上限預警,Boolean,1,earlywarning,"BESS1_rack04_status,5,81",
儲能櫃1_1,戶外,BESS1_rack04_alert,5,6,Rack04單體電壓下限預警,Boolean,1,earlywarning,"BESS1_rack04_status,5,83",
儲能櫃1_1,戶外,BESS1_rack04_alert,5,7,Rack04充電溫度上限預警,Boolean,1,earlywarning,"BESS1_rack04_status,5,89",
儲能櫃1_1,戶外,BESS1_rack04_alert,5,8,Rack04充電溫度下限預警,Boolean,1,earlywarning,"BESS1_rack04_status,5,91",
儲能櫃1_1,戶外,BESS1_rack04_alert,5,9,Rack04放電溫度上限預警,Boolean,1,earlywarning,"BESS1_rack04_status,5,89",
儲能櫃1_1,戶外,BESS1_rack04_alert,5,10,Rack04放電溫度下限預警,Boolean,1,earlywarning,"BESS1_rack04_status,5,91",
儲能櫃1_1,戶外,BESS1_rack04_alert,5,11,Rack04單體溫度上限預警,Boolean,1,earlywarning,"BESS1_rack04_status,5,89",
儲能櫃1_1,戶外,BESS1_rack04_alert,5,12,Rack04單體溫度下限預警,Boolean,1,earlywarning,"BESS1_rack04_status,5,91",
儲能櫃1_1,戶外,BESS1_rack04_alert,5,13,Rack04環境溫度上限預警,Boolean,1,earlywarning,"BESS1_rack04_status,5,59",
儲能櫃1_1,戶外,BESS1_rack04_alert,5,14,Rack04環境溫度下限預警,Boolean,1,earlywarning,"BESS1_rack04_status,5,59",
儲能櫃1_1,戶外,BESS1_rack04_alert,5,15,Rack04動力線溫度上限預警,Boolean,1,earlywarning,,
儲能櫃1_1,戶外,BESS1_rack04_alert,5,16,Rack04組SOC上限預警,Boolean,1,earlywarning,"BESS1_rack04_status,5,55",
儲能櫃1_1,戶外,BESS1_rack04_alert,5,17,Rack04組SOC下限預警,Boolean,1,earlywarning,"BESS1_rack04_status,5,55",
儲能櫃1_1,戶外,BESS1_rack04_alert,5,18,Rack04正極絕緣電阻下限預警,Boolean,1,earlywarning,"BESS1_rack04_status,5,61",
儲能櫃1_1,戶外,BESS1_rack04_alert,5,19,Rack04負極絕緣電阻下限預警,Boolean,1,earlywarning,"BESS1_rack04_status,5,63",
儲能櫃1_1,戶外,BESS1_rack04_alert,5,20,Rack04箱壓差上限預警,Boolean,1,earlywarning,,
儲能櫃1_1,戶外,BESS1_rack04_alert,5,21,Rack04箱溫差上限預警,Boolean,1,earlywarning,,
儲能櫃1_1,戶外,BESS1_rack04_alert,5,22,Rack04組端電壓上限告警,Boolean,1,warning,"BESS1_rack04_status,5,51",
儲能櫃1_1,戶外,BESS1_rack04_alert,5,23,Rack04組端電壓下限告警,Boolean,1,warning,"BESS1_rack04_status,5,51",
儲能櫃1_1,戶外,BESS1_rack04_alert,5,24,Rack04充電電流上限告警,Boolean,1,warning,"BESS1_rack04_status,5,53",
儲能櫃1_1,戶外,BESS1_rack04_alert,5,25,Rack04放電電流上限告警,Boolean,1,warning,"BESS1_rack04_status,5,53",
儲能櫃1_1,戶外,BESS1_rack04_alert,5,26,Rack04單體電壓上限告警,Boolean,1,warning,"BESS1_rack04_status,5,81",
儲能櫃1_1,戶外,BESS1_rack04_alert,5,27,Rack04單體電壓下限告警,Boolean,1,warning,"BESS1_rack04_status,5,83",
儲能櫃1_1,戶外,BESS1_rack04_alert,5,28,Rack04充電溫度上限告警,Boolean,1,warning,"BESS1_rack04_status,5,89",
儲能櫃1_1,戶外,BESS1_rack04_alert,5,29,Rack04充電溫度下限告警,Boolean,1,warning,"BESS1_rack04_status,5,91",
儲能櫃1_1,戶外,BESS1_rack04_alert,5,30,Rack04放電溫度上限告警,Boolean,1,warning,"BESS1_rack04_status,5,89",
儲能櫃1_1,戶外,BESS1_rack04_alert,5,31,Rack04放電溫度下限告警,Boolean,1,warning,"BESS1_rack04_status,5,91",
儲能櫃1_1,戶外,BESS1_rack04_alert,5,32,Rack04單體溫度上限告警,Boolean,1,warning,"BESS1_rack04_status,5,89",
儲能櫃1_1,戶外,BESS1_rack04_alert,5,33,Rack04單體溫度下限告警,Boolean,1,warning,"BESS1_rack04_status,5,91",
儲能櫃1_1,戶外,BESS1_rack04_alert,5,34,Rack04環境溫度上限告警,Boolean,1,warning,"BESS1_rack04_status,5,59",
儲能櫃1_1,戶外,BESS1_rack04_alert,5,35,Rack04環境溫度下限告警,Boolean,1,warning,"BESS1_rack04_status,5,59",
儲能櫃1_1,戶外,BESS1_rack04_alert,5,36,Rack04動力線溫度上限告警,Boolean,1,warning,,
儲能櫃1_1,戶外,BESS1_rack04_alert,5,37,Rack04組SOC上限告警,Boolean,1,warning,"BESS1_rack04_status,5,55",
儲能櫃1_1,戶外,BESS1_rack04_alert,5,38,Rack04組SOC下限告警,Boolean,1,warning,"BESS1_rack04_status,5,55",
儲能櫃1_1,戶外,BESS1_rack04_alert,5,39,Rack04正極絕緣電阻下限告警,Boolean,1,warning,"BESS1_rack04_status,5,61",
儲能櫃1_1,戶外,BESS1_rack04_alert,5,40,Rack04負極絕緣電阻下限告警,Boolean,1,warning,"BESS1_rack04_status,5,63",
儲能櫃1_1,戶外,BESS1_rack04_alert,5,41,Rack04箱壓差上限告警,Boolean,1,warning,,
儲能櫃1_1,戶外,BESS1_rack04_alert,5,42,Rack04箱溫差上限告警,Boolean,1,warning,,
儲能櫃1_1,戶外,BESS1_rack04_alert,5,43,Rack04組端電壓上限保護,Boolean,1,protection,"BESS1_rack04_status,5,51",PCS1
儲能櫃1_1,戶外,BESS1_rack04_alert,5,44,Rack04組端電壓下限保護,Boolean,1,protection,"BESS1_rack04_status,5,51",PCS1
儲能櫃1_1,戶外,BESS1_rack04_alert,5,45,Rack04充電電流上限保護,Boolean,1,protection,"BESS1_rack04_status,5,53",PCS1
儲能櫃1_1,戶外,BESS1_rack04_alert,5,46,Rack04放電電流上限保護,Boolean,1,protection,"BESS1_rack04_status,5,53",PCS1
儲能櫃1_1,戶外,BESS1_rack04_alert,5,47,Rack04單體電壓上限保護,Boolean,1,protection,"BESS1_rack04_status,5,81",PCS1
儲能櫃1_1,戶外,BESS1_rack04_alert,5,48,Rack04單體電壓下限保護,Boolean,1,protection,"BESS1_rack04_status,5,83",PCS1
儲能櫃1_1,戶外,BESS1_rack04_alert,5,49,Rack04充電溫度上限保護,Boolean,1,protection,"BESS1_rack04_status,5,89",PCS1
儲能櫃1_1,戶外,BESS1_rack04_alert,5,50,Rack04充電溫度下限保護,Boolean,1,protection,"BESS1_rack04_status,5,91",PCS1
儲能櫃1_1,戶外,BESS1_rack04_alert,5,51,Rack04放電溫度上限保護,Boolean,1,protection,"BESS1_rack04_status,5,89",PCS1
儲能櫃1_1,戶外,BESS1_rack04_alert,5,52,Rack04放電溫度下限保護,Boolean,1,protection,"BESS1_rack04_status,5,91",PCS1
儲能櫃1_1,戶外,BESS1_rack04_alert,5,53,Rack04單體溫度上限保護,Boolean,1,protection,"BESS1_rack04_status,5,89",PCS1
儲能櫃1_1,戶外,BESS1_rack04_alert,5,54,Rack04單體溫度下限保護,Boolean,1,protection,"BESS1_rack04_status,5,91",PCS1
儲能櫃1_1,戶外,BESS1_rack04_alert,5,55,Rack04環境溫度上限保護,Boolean,1,protection,"BESS1_rack04_status,5,59",PCS1
儲能櫃1_1,戶外,BESS1_rack04_alert,5,56,Rack04環境溫度下限保護,Boolean,1,protection,"BESS1_rack04_status,5,59",PCS1
儲能櫃1_1,戶外,BESS1_rack04_alert,5,57,Rack04動力線溫度上限保護,Boolean,1,protection,,PCS1
儲能櫃1_1,戶外,BESS1_rack04_alert,5,58,Rack04組SOC上限保護,Boolean,1,protection,"BESS1_rack04_status,5,55",PCS1
儲能櫃1_1,戶外,BESS1_rack04_alert,5,59,Rack04組SOC下限保護,Boolean,1,protection,"BESS1_rack04_status,5,55",PCS1
儲能櫃1_1,戶外,BESS1_rack04_alert,5,60,Rack04正極絕緣電阻下限保護,Boolean,1,protection,"BESS1_rack04_status,5,61",PCS1
儲能櫃1_1,戶外,BESS1_rack04_alert,5,61,Rack04負極絕緣電阻下限保護,Boolean,1,protection,"BESS1_rack04_status,5,63",PCS1
儲能櫃1_1,戶外,BESS1_rack04_alert,5,62,Rack04箱壓差上限保護,Boolean,1,protection,,PCS1
儲能櫃1_1,戶外,BESS1_rack04_alert,5,63,Rack04箱溫差上限保護,Boolean,1,protection,,PCS1
儲能櫃1_1,戶外,BESS1_rack04_alert,5,64,Rack04電池溫度溫升過快,Boolean,1,warning,,
儲能櫃1_1,戶外,BESS1_rack04_alert,5,65,Rack04動力線溫度溫升過快,Boolean,1,warning,,
儲能櫃1_1,戶外,BESS1_rack04_alert,5,66,Rack04BMU通訊故障,Boolean,1,fault,,
儲能櫃1_1,戶外,BESS1_rack04_alert,5,67,Rack04BCMU通訊故障,Boolean,1,fault,,
儲能櫃1_1,戶外,BESS1_rack04_alert,5,68,Rack04單體電壓採集線故障,Boolean,1,fault,,
儲能櫃1_1,戶外,BESS1_rack04_alert,5,69,Rack04總壓採集線故障,Boolean,1,fault,,
儲能櫃1_1,戶外,BESS1_rack04_alert,5,70,Rack04電流採集線故障,Boolean,1,fault,,
儲能櫃1_1,戶外,BESS1_rack04_alert,5,71,Rack04溫度採集斷線,Boolean,1,fault,,
儲能櫃1_1,戶外,BESS1_rack04_alert,5,72,Rack04溫度採集短路,Boolean,1,fault,,
儲能櫃1_1,戶外,BESS1_rack04_alert,5,73,Rack04BMS設備故障,Boolean,1,fault,,
儲能櫃1_1,戶外,BESS1_rack04_alert,5,74,Rack04單體電壓無效,Boolean,1,fault,,
儲能櫃1_1,戶外,BESS1_rack04_alert,5,75,Rack04單體溫度無效,Boolean,1,fault,,
儲能櫃1_1,戶外,BESS1_rack04_alert,5,76,Rack04組端電壓無效,Boolean,1,protection,,PCS1
儲能櫃1_1,戶外,BESS1_rack04_alert,5,77,Rack04組電流異常,Boolean,1,protection,,PCS1
儲能櫃1_1,戶外,BESS1_rack04_alert,5,78,Rack04消防報警,Boolean,1,protection,,PCS1
儲能櫃1_1,戶外,BESS1_rack04_alert,5,79,Rack04水浸報警,Boolean,1,protection,,PCS1
儲能櫃1_1,戶外,BESS1_rack05_alert,6,1,Rack05組端電壓上限預警,Boolean,1,earlywarning,"BESS1_rack05_status,6,51",
儲能櫃1_1,戶外,BESS1_rack05_alert,6,2,Rack05組端電壓下限預警,Boolean,1,earlywarning,"BESS1_rack05_status,6,51",
儲能櫃1_1,戶外,BESS1_rack05_alert,6,3,Rack05充電電流上限預警,Boolean,1,earlywarning,"BESS1_rack05_status,6,53",
儲能櫃1_1,戶外,BESS1_rack05_alert,6,4,Rack05放電電流上限預警,Boolean,1,earlywarning,"BESS1_rack05_status,6,53",
儲能櫃1_1,戶外,BESS1_rack05_alert,6,5,Rack05單體電壓上限預警,Boolean,1,earlywarning,"BESS1_rack05_status,6,81",
儲能櫃1_1,戶外,BESS1_rack05_alert,6,6,Rack05單體電壓下限預警,Boolean,1,earlywarning,"BESS1_rack05_status,6,83",
儲能櫃1_1,戶外,BESS1_rack05_alert,6,7,Rack05充電溫度上限預警,Boolean,1,earlywarning,"BESS1_rack05_status,6,89",
儲能櫃1_1,戶外,BESS1_rack05_alert,6,8,Rack05充電溫度下限預警,Boolean,1,earlywarning,"BESS1_rack05_status,6,91",
儲能櫃1_1,戶外,BESS1_rack05_alert,6,9,Rack05放電溫度上限預警,Boolean,1,earlywarning,"BESS1_rack05_status,6,89",
儲能櫃1_1,戶外,BESS1_rack05_alert,6,10,Rack05放電溫度下限預警,Boolean,1,earlywarning,"BESS1_rack05_status,6,91",
儲能櫃1_1,戶外,BESS1_rack05_alert,6,11,Rack05單體溫度上限預警,Boolean,1,earlywarning,"BESS1_rack05_status,6,89",
儲能櫃1_1,戶外,BESS1_rack05_alert,6,12,Rack05單體溫度下限預警,Boolean,1,earlywarning,"BESS1_rack05_status,6,91",
儲能櫃1_1,戶外,BESS1_rack05_alert,6,13,Rack05環境溫度上限預警,Boolean,1,earlywarning,"BESS1_rack05_status,6,59",
儲能櫃1_1,戶外,BESS1_rack05_alert,6,14,Rack05環境溫度下限預警,Boolean,1,earlywarning,"BESS1_rack05_status,6,59",
儲能櫃1_1,戶外,BESS1_rack05_alert,6,15,Rack05動力線溫度上限預警,Boolean,1,earlywarning,,
儲能櫃1_1,戶外,BESS1_rack05_alert,6,16,Rack05組SOC上限預警,Boolean,1,earlywarning,"BESS1_rack05_status,6,55",
儲能櫃1_1,戶外,BESS1_rack05_alert,6,17,Rack05組SOC下限預警,Boolean,1,earlywarning,"BESS1_rack05_status,6,55",
儲能櫃1_1,戶外,BESS1_rack05_alert,6,18,Rack05正極絕緣電阻下限預警,Boolean,1,earlywarning,"BESS1_rack05_status,6,61",
儲能櫃1_1,戶外,BESS1_rack05_alert,6,19,Rack05負極絕緣電阻下限預警,Boolean,1,earlywarning,"BESS1_rack05_status,6,63",
儲能櫃1_1,戶外,BESS1_rack05_alert,6,20,Rack05箱壓差上限預警,Boolean,1,earlywarning,,
儲能櫃1_1,戶外,BESS1_rack05_alert,6,21,Rack05箱溫差上限預警,Boolean,1,earlywarning,,
儲能櫃1_1,戶外,BESS1_rack05_alert,6,22,Rack05組端電壓上限告警,Boolean,1,warning,"BESS1_rack05_status,6,51",
儲能櫃1_1,戶外,BESS1_rack05_alert,6,23,Rack05組端電壓下限告警,Boolean,1,warning,"BESS1_rack05_status,6,51",
儲能櫃1_1,戶外,BESS1_rack05_alert,6,24,Rack05充電電流上限告警,Boolean,1,warning,"BESS1_rack05_status,6,53",
儲能櫃1_1,戶外,BESS1_rack05_alert,6,25,Rack05放電電流上限告警,Boolean,1,warning,"BESS1_rack05_status,6,53",
儲能櫃1_1,戶外,BESS1_rack05_alert,6,26,Rack05單體電壓上限告警,Boolean,1,warning,"BESS1_rack05_status,6,81",
儲能櫃1_1,戶外,BESS1_rack05_alert,6,27,Rack05單體電壓下限告警,Boolean,1,warning,"BESS1_rack05_status,6,83",
儲能櫃1_1,戶外,BESS1_rack05_alert,6,28,Rack05充電溫度上限告警,Boolean,1,warning,"BESS1_rack05_status,6,89",
儲能櫃1_1,戶外,BESS1_rack05_alert,6,29,Rack05充電溫度下限告警,Boolean,1,warning,"BESS1_rack05_status,6,91",
儲能櫃1_1,戶外,BESS1_rack05_alert,6,30,Rack05放電溫度上限告警,Boolean,1,warning,"BESS1_rack05_status,6,89",
儲能櫃1_1,戶外,BESS1_rack05_alert,6,31,Rack05放電溫度下限告警,Boolean,1,warning,"BESS1_rack05_status,6,91",
儲能櫃1_1,戶外,BESS1_rack05_alert,6,32,Rack05單體溫度上限告警,Boolean,1,warning,"BESS1_rack05_status,6,89",
儲能櫃1_1,戶外,BESS1_rack05_alert,6,33,Rack05單體溫度下限告警,Boolean,1,warning,"BESS1_rack05_status,6,91",
儲能櫃1_1,戶外,BESS1_rack05_alert,6,34,Rack05環境溫度上限告警,Boolean,1,warning,"BESS1_rack05_status,6,59",
儲能櫃1_1,戶外,BESS1_rack05_alert,6,35,Rack05環境溫度下限告警,Boolean,1,warning,"BESS1_rack05_status,6,59",
儲能櫃1_1,戶外,BESS1_rack05_alert,6,36,Rack05動力線溫度上限告警,Boolean,1,warning,,
儲能櫃1_1,戶外,BESS1_rack05_alert,6,37,Rack05組SOC上限告警,Boolean,1,warning,"BESS1_rack05_status,6,55",
儲能櫃1_1,戶外,BESS1_rack05_alert,6,38,Rack05組SOC下限告警,Boolean,1,warning,"BESS1_rack05_status,6,55",
儲能櫃1_1,戶外,BESS1_rack05_alert,6,39,Rack05正極絕緣電阻下限告警,Boolean,1,warning,"BESS1_rack05_status,6,61",
儲能櫃1_1,戶外,BESS1_rack05_alert,6,40,Rack05負極絕緣電阻下限告警,Boolean,1,warning,"BESS1_rack05_status,6,63",
儲能櫃1_1,戶外,BESS1_rack05_alert,6,41,Rack05箱壓差上限告警,Boolean,1,warning,,
儲能櫃1_1,戶外,BESS1_rack05_alert,6,42,Rack05箱溫差上限告警,Boolean,1,warning,,
儲能櫃1_1,戶外,BESS1_rack05_alert,6,43,Rack05組端電壓上限保護,Boolean,1,protection,"BESS1_rack05_status,6,51",PCS1
儲能櫃1_1,戶外,BESS1_rack05_alert,6,44,Rack05組端電壓下限保護,Boolean,1,protection,"BESS1_rack05_status,6,51",PCS1
儲能櫃1_1,戶外,BESS1_rack05_alert,6,45,Rack05充電電流上限保護,Boolean,1,protection,"BESS1_rack05_status,6,53",PCS1
儲能櫃1_1,戶外,BESS1_rack05_alert,6,46,Rack05放電電流上限保護,Boolean,1,protection,"BESS1_rack05_status,6,53",PCS1
儲能櫃1_1,戶外,BESS1_rack05_alert,6,47,Rack05單體電壓上限保護,Boolean,1,protection,"BESS1_rack05_status,6,81",PCS1
儲能櫃1_1,戶外,BESS1_rack05_alert,6,48,Rack05單體電壓下限保護,Boolean,1,protection,"BESS1_rack05_status,6,83",PCS1
儲能櫃1_1,戶外,BESS1_rack05_alert,6,49,Rack05充電溫度上限保護,Boolean,1,protection,"BESS1_rack05_status,6,89",PCS1
儲能櫃1_1,戶外,BESS1_rack05_alert,6,50,Rack05充電溫度下限保護,Boolean,1,protection,"BESS1_rack05_status,6,91",PCS1
儲能櫃1_1,戶外,BESS1_rack05_alert,6,51,Rack05放電溫度上限保護,Boolean,1,protection,"BESS1_rack05_status,6,89",PCS1
儲能櫃1_1,戶外,BESS1_rack05_alert,6,52,Rack05放電溫度下限保護,Boolean,1,protection,"BESS1_rack05_status,6,91",PCS1
儲能櫃1_1,戶外,BESS1_rack05_alert,6,53,Rack05單體溫度上限保護,Boolean,1,protection,"BESS1_rack05_status,6,89",PCS1
儲能櫃1_1,戶外,BESS1_rack05_alert,6,54,Rack05單體溫度下限保護,Boolean,1,protection,"BESS1_rack05_status,6,91",PCS1
儲能櫃1_1,戶外,BESS1_rack05_alert,6,55,Rack05環境溫度上限保護,Boolean,1,protection,"BESS1_rack05_status,6,59",PCS1
儲能櫃1_1,戶外,BESS1_rack05_alert,6,56,Rack05環境溫度下限保護,Boolean,1,protection,"BESS1_rack05_status,6,59",PCS1
儲能櫃1_1,戶外,BESS1_rack05_alert,6,57,Rack05動力線溫度上限保護,Boolean,1,protection,,PCS1
儲能櫃1_1,戶外,BESS1_rack05_alert,6,58,Rack05組SOC上限保護,Boolean,1,protection,"BESS1_rack05_status,6,55",PCS1
儲能櫃1_1,戶外,BESS1_rack05_alert,6,59,Rack05組SOC下限保護,Boolean,1,protection,"BESS1_rack05_status,6,55",PCS1
儲能櫃1_1,戶外,BESS1_rack05_alert,6,60,Rack05正極絕緣電阻下限保護,Boolean,1,protection,"BESS1_rack05_status,6,61",PCS1
儲能櫃1_1,戶外,BESS1_rack05_alert,6,61,Rack05負極絕緣電阻下限保護,Boolean,1,protection,"BESS1_rack05_status,6,63",PCS1
儲能櫃1_1,戶外,BESS1_rack05_alert,6,62,Rack05箱壓差上限保護,Boolean,1,protection,,PCS1
儲能櫃1_1,戶外,BESS1_rack05_alert,6,63,Rack05箱溫差上限保護,Boolean,1,protection,,PCS1
儲能櫃1_1,戶外,BESS1_rack05_alert,6,64,Rack05電池溫度溫升過快,Boolean,1,warning,,
儲能櫃1_1,戶外,BESS1_rack05_alert,6,65,Rack05動力線溫度溫升過快,Boolean,1,warning,,
儲能櫃1_1,戶外,BESS1_rack05_alert,6,66,Rack05BMU通訊故障,Boolean,1,fault,,
儲能櫃1_1,戶外,BESS1_rack05_alert,6,67,Rack05BCMU通訊故障,Boolean,1,fault,,
儲能櫃1_1,戶外,BESS1_rack05_alert,6,68,Rack05單體電壓採集線故障,Boolean,1,fault,,
儲能櫃1_1,戶外,BESS1_rack05_alert,6,69,Rack05總壓採集線故障,Boolean,1,fault,,
儲能櫃1_1,戶外,BESS1_rack05_alert,6,70,Rack05電流採集線故障,Boolean,1,fault,,
儲能櫃1_1,戶外,BESS1_rack05_alert,6,71,Rack05溫度採集斷線,Boolean,1,fault,,
儲能櫃1_1,戶外,BESS1_rack05_alert,6,72,Rack05溫度採集短路,Boolean,1,fault,,
儲能櫃1_1,戶外,BESS1_rack05_alert,6,73,Rack05BMS設備故障,Boolean,1,fault,,
儲能櫃1_1,戶外,BESS1_rack05_alert,6,74,Rack05單體電壓無效,Boolean,1,fault,,
儲能櫃1_1,戶外,BESS1_rack05_alert,6,75,Rack05單體溫度無效,Boolean,1,fault,,
儲能櫃1_1,戶外,BESS1_rack05_alert,6,76,Rack05組端電壓無效,Boolean,1,protection,,PCS1
儲能櫃1_1,戶外,BESS1_rack05_alert,6,77,Rack05組電流異常,Boolean,1,protection,,PCS1
儲能櫃1_1,戶外,BESS1_rack05_alert,6,78,Rack05消防報警,Boolean,1,protection,,PCS1
儲能櫃1_1,戶外,BESS1_rack05_alert,6,79,Rack05水浸報警,Boolean,1,protection,,PCS1
儲能櫃1_1,戶外,BESS1_rack06_alert,7,1,Rack06組端電壓上限預警,Boolean,1,earlywarning,"BESS1_rack06_status,7,51",
儲能櫃1_1,戶外,BESS1_rack06_alert,7,2,Rack06組端電壓下限預警,Boolean,1,earlywarning,"BESS1_rack06_status,7,51",
儲能櫃1_1,戶外,BESS1_rack06_alert,7,3,Rack06充電電流上限預警,Boolean,1,earlywarning,"BESS1_rack06_status,7,53",
儲能櫃1_1,戶外,BESS1_rack06_alert,7,4,Rack06放電電流上限預警,Boolean,1,earlywarning,"BESS1_rack06_status,7,53",
儲能櫃1_1,戶外,BESS1_rack06_alert,7,5,Rack06單體電壓上限預警,Boolean,1,earlywarning,"BESS1_rack06_status,7,81",
儲能櫃1_1,戶外,BESS1_rack06_alert,7,6,Rack06單體電壓下限預警,Boolean,1,earlywarning,"BESS1_rack06_status,7,83",
儲能櫃1_1,戶外,BESS1_rack06_alert,7,7,Rack06充電溫度上限預警,Boolean,1,earlywarning,"BESS1_rack06_status,7,89",
儲能櫃1_1,戶外,BESS1_rack06_alert,7,8,Rack06充電溫度下限預警,Boolean,1,earlywarning,"BESS1_rack06_status,7,91",
儲能櫃1_1,戶外,BESS1_rack06_alert,7,9,Rack06放電溫度上限預警,Boolean,1,earlywarning,"BESS1_rack06_status,7,89",
儲能櫃1_1,戶外,BESS1_rack06_alert,7,10,Rack06放電溫度下限預警,Boolean,1,earlywarning,"BESS1_rack06_status,7,91",
儲能櫃1_1,戶外,BESS1_rack06_alert,7,11,Rack06單體溫度上限預警,Boolean,1,earlywarning,"BESS1_rack06_status,7,89",
儲能櫃1_1,戶外,BESS1_rack06_alert,7,12,Rack06單體溫度下限預警,Boolean,1,earlywarning,"BESS1_rack06_status,7,91",
儲能櫃1_1,戶外,BESS1_rack06_alert,7,13,Rack06環境溫度上限預警,Boolean,1,earlywarning,"BESS1_rack06_status,7,59",
儲能櫃1_1,戶外,BESS1_rack06_alert,7,14,Rack06環境溫度下限預警,Boolean,1,earlywarning,"BESS1_rack06_status,7,59",
儲能櫃1_1,戶外,BESS1_rack06_alert,7,15,Rack06動力線溫度上限預警,Boolean,1,earlywarning,,
儲能櫃1_1,戶外,BESS1_rack06_alert,7,16,Rack06組SOC上限預警,Boolean,1,earlywarning,"BESS1_rack06_status,7,55",
儲能櫃1_1,戶外,BESS1_rack06_alert,7,17,Rack06組SOC下限預警,Boolean,1,earlywarning,"BESS1_rack06_status,7,55",
儲能櫃1_1,戶外,BESS1_rack06_alert,7,18,Rack06正極絕緣電阻下限預警,Boolean,1,earlywarning,"BESS1_rack06_status,7,61",
儲能櫃1_1,戶外,BESS1_rack06_alert,7,19,Rack06負極絕緣電阻下限預警,Boolean,1,earlywarning,"BESS1_rack06_status,7,63",
儲能櫃1_1,戶外,BESS1_rack06_alert,7,20,Rack06箱壓差上限預警,Boolean,1,earlywarning,,
儲能櫃1_1,戶外,BESS1_rack06_alert,7,21,Rack06箱溫差上限預警,Boolean,1,earlywarning,,
儲能櫃1_1,戶外,BESS1_rack06_alert,7,22,Rack06組端電壓上限告警,Boolean,1,warning,"BESS1_rack06_status,7,51",
儲能櫃1_1,戶外,BESS1_rack06_alert,7,23,Rack06組端電壓下限告警,Boolean,1,warning,"BESS1_rack06_status,7,51",
儲能櫃1_1,戶外,BESS1_rack06_alert,7,24,Rack06充電電流上限告警,Boolean,1,warning,"BESS1_rack06_status,7,53",
儲能櫃1_1,戶外,BESS1_rack06_alert,7,25,Rack06放電電流上限告警,Boolean,1,warning,"BESS1_rack06_status,7,53",
儲能櫃1_1,戶外,BESS1_rack06_alert,7,26,Rack06單體電壓上限告警,Boolean,1,warning,"BESS1_rack06_status,7,81",
儲能櫃1_1,戶外,BESS1_rack06_alert,7,27,Rack06單體電壓下限告警,Boolean,1,warning,"BESS1_rack06_status,7,83",
儲能櫃1_1,戶外,BESS1_rack06_alert,7,28,Rack06充電溫度上限告警,Boolean,1,warning,"BESS1_rack06_status,7,89",
儲能櫃1_1,戶外,BESS1_rack06_alert,7,29,Rack06充電溫度下限告警,Boolean,1,warning,"BESS1_rack06_status,7,91",
儲能櫃1_1,戶外,BESS1_rack06_alert,7,30,Rack06放電溫度上限告警,Boolean,1,warning,"BESS1_rack06_status,7,89",
儲能櫃1_1,戶外,BESS1_rack06_alert,7,31,Rack06放電溫度下限告警,Boolean,1,warning,"BESS1_rack06_status,7,91",
儲能櫃1_1,戶外,BESS1_rack06_alert,7,32,Rack06單體溫度上限告警,Boolean,1,warning,"BESS1_rack06_status,7,89",
儲能櫃1_1,戶外,BESS1_rack06_alert,7,33,Rack06單體溫度下限告警,Boolean,1,warning,"BESS1_rack06_status,7,91",
儲能櫃1_1,戶外,BESS1_rack06_alert,7,34,Rack06環境溫度上限告警,Boolean,1,warning,"BESS1_rack06_status,7,59",
儲能櫃1_1,戶外,BESS1_rack06_alert,7,35,Rack06環境溫度下限告警,Boolean,1,warning,"BESS1_rack06_status,7,59",
儲能櫃1_1,戶外,BESS1_rack06_alert,7,36,Rack06動力線溫度上限告警,Boolean,1,warning,,
儲能櫃1_1,戶外,BESS1_rack06_alert,7,37,Rack06組SOC上限告警,Boolean,1,warning,"BESS1_rack06_status,7,55",
儲能櫃1_1,戶外,BESS1_rack06_alert,7,38,Rack06組SOC下限告警,Boolean,1,warning,"BESS1_rack06_status,7,55",
儲能櫃1_1,戶外,BESS1_rack06_alert,7,39,Rack06正極絕緣電阻下限告警,Boolean,1,warning,"BESS1_rack06_status,7,61",
儲能櫃1_1,戶外,BESS1_rack06_alert,7,40,Rack06負極絕緣電阻下限告警,Boolean,1,warning,"BESS1_rack06_status,7,63",
儲能櫃1_1,戶外,BESS1_rack06_alert,7,41,Rack06箱壓差上限告警,Boolean,1,warning,,
儲能櫃1_1,戶外,BESS1_rack06_alert,7,42,Rack06箱溫差上限告警,Boolean,1,warning,,
儲能櫃1_1,戶外,BESS1_rack06_alert,7,43,Rack06組端電壓上限保護,Boolean,1,protection,"BESS1_rack06_status,7,51",PCS1
儲能櫃1_1,戶外,BESS1_rack06_alert,7,44,Rack06組端電壓下限保護,Boolean,1,protection,"BESS1_rack06_status,7,51",PCS1
儲能櫃1_1,戶外,BESS1_rack06_alert,7,45,Rack06充電電流上限保護,Boolean,1,protection,"BESS1_rack06_status,7,53",PCS1
儲能櫃1_1,戶外,BESS1_rack06_alert,7,46,Rack06放電電流上限保護,Boolean,1,protection,"BESS1_rack06_status,7,53",PCS1
儲能櫃1_1,戶外,BESS1_rack06_alert,7,47,Rack06單體電壓上限保護,Boolean,1,protection,"BESS1_rack06_status,7,81",PCS1
儲能櫃1_1,戶外,BESS1_rack06_alert,7,48,Rack06單體電壓下限保護,Boolean,1,protection,"BESS1_rack06_status,7,83",PCS1
儲能櫃1_1,戶外,BESS1_rack06_alert,7,49,Rack06充電溫度上限保護,Boolean,1,protection,"BESS1_rack06_status,7,89",PCS1
儲能櫃1_1,戶外,BESS1_rack06_alert,7,50,Rack06充電溫度下限保護,Boolean,1,protection,"BESS1_rack06_status,7,91",PCS1
儲能櫃1_1,戶外,BESS1_rack06_alert,7,51,Rack06放電溫度上限保護,Boolean,1,protection,"BESS1_rack06_status,7,89",PCS1
儲能櫃1_1,戶外,BESS1_rack06_alert,7,52,Rack06放電溫度下限保護,Boolean,1,protection,"BESS1_rack06_status,7,91",PCS1
儲能櫃1_1,戶外,BESS1_rack06_alert,7,53,Rack06單體溫度上限保護,Boolean,1,protection,"BESS1_rack06_status,7,89",PCS1
儲能櫃1_1,戶外,BESS1_rack06_alert,7,54,Rack06單體溫度下限保護,Boolean,1,protection,"BESS1_rack06_status,7,91",PCS1
儲能櫃1_1,戶外,BESS1_rack06_alert,7,55,Rack06環境溫度上限保護,Boolean,1,protection,"BESS1_rack06_status,7,59",PCS1
儲能櫃1_1,戶外,BESS1_rack06_alert,7,56,Rack06環境溫度下限保護,Boolean,1,protection,"BESS1_rack06_status,7,59",PCS1
儲能櫃1_1,戶外,BESS1_rack06_alert,7,57,Rack06動力線溫度上限保護,Boolean,1,protection,,PCS1
儲能櫃1_1,戶外,BESS1_rack06_alert,7,58,Rack06組SOC上限保護,Boolean,1,protection,"BESS1_rack06_status,7,55",PCS1
儲能櫃1_1,戶外,BESS1_rack06_alert,7,59,Rack06組SOC下限保護,Boolean,1,protection,"BESS1_rack06_status,7,55",PCS1
儲能櫃1_1,戶外,BESS1_rack06_alert,7,60,Rack06正極絕緣電阻下限保護,Boolean,1,protection,"BESS1_rack06_status,7,61",PCS1
儲能櫃1_1,戶外,BESS1_rack06_alert,7,61,Rack06負極絕緣電阻下限保護,Boolean,1,protection,"BESS1_rack06_status,7,63",PCS1
儲能櫃1_1,戶外,BESS1_rack06_alert,7,62,Rack06箱壓差上限保護,Boolean,1,protection,,PCS1
儲能櫃1_1,戶外,BESS1_rack06_alert,7,63,Rack06箱溫差上限保護,Boolean,1,protection,,PCS1
儲能櫃1_1,戶外,BESS1_rack06_alert,7,64,Rack06電池溫度溫升過快,Boolean,1,warning,,
儲能櫃1_1,戶外,BESS1_rack06_alert,7,65,Rack06動力線溫度溫升過快,Boolean,1,warning,,
儲能櫃1_1,戶外,BESS1_rack06_alert,7,66,Rack06BMU通訊故障,Boolean,1,fault,,
儲能櫃1_1,戶外,BESS1_rack06_alert,7,67,Rack06BCMU通訊故障,Boolean,1,fault,,
儲能櫃1_1,戶外,BESS1_rack06_alert,7,68,Rack06單體電壓採集線故障,Boolean,1,fault,,
儲能櫃1_1,戶外,BESS1_rack06_alert,7,69,Rack06總壓採集線故障,Boolean,1,fault,,
儲能櫃1_1,戶外,BESS1_rack06_alert,7,70,Rack06電流採集線故障,Boolean,1,fault,,
儲能櫃1_1,戶外,BESS1_rack06_alert,7,71,Rack06溫度採集斷線,Boolean,1,fault,,
儲能櫃1_1,戶外,BESS1_rack06_alert,7,72,Rack06溫度採集短路,Boolean,1,fault,,
儲能櫃1_1,戶外,BESS1_rack06_alert,7,73,Rack06BMS設備故障,Boolean,1,fault,,
儲能櫃1_1,戶外,BESS1_rack06_alert,7,74,Rack06單體電壓無效,Boolean,1,fault,,
儲能櫃1_1,戶外,BESS1_rack06_alert,7,75,Rack06單體溫度無效,Boolean,1,fault,,
儲能櫃1_1,戶外,BESS1_rack06_alert,7,76,Rack06組端電壓無效,Boolean,1,protection,,PCS1
儲能櫃1_1,戶外,BESS1_rack06_alert,7,77,Rack06組電流異常,Boolean,1,protection,,PCS1
儲能櫃1_1,戶外,BESS1_rack06_alert,7,78,Rack06消防報警,Boolean,1,protection,,PCS1
儲能櫃1_1,戶外,BESS1_rack06_alert,7,79,Rack06水浸報警,Boolean,1,protection,,PCS1
儲能櫃1_1,戶外,BESS1_rack07_alert,8,1,Rack07組端電壓上限預警,Boolean,1,earlywarning,"BESS1_rack07_status,8,51",
儲能櫃1_1,戶外,BESS1_rack07_alert,8,2,Rack07組端電壓下限預警,Boolean,1,earlywarning,"BESS1_rack07_status,8,51",
儲能櫃1_1,戶外,BESS1_rack07_alert,8,3,Rack07充電電流上限預警,Boolean,1,earlywarning,"BESS1_rack07_status,8,53",
儲能櫃1_1,戶外,BESS1_rack07_alert,8,4,Rack07放電電流上限預警,Boolean,1,earlywarning,"BESS1_rack07_status,8,53",
儲能櫃1_1,戶外,BESS1_rack07_alert,8,5,Rack07單體電壓上限預警,Boolean,1,earlywarning,"BESS1_rack07_status,8,81",
儲能櫃1_1,戶外,BESS1_rack07_alert,8,6,Rack07單體電壓下限預警,Boolean,1,earlywarning,"BESS1_rack07_status,8,83",
儲能櫃1_1,戶外,BESS1_rack07_alert,8,7,Rack07充電溫度上限預警,Boolean,1,earlywarning,"BESS1_rack07_status,8,89",
儲能櫃1_1,戶外,BESS1_rack07_alert,8,8,Rack07充電溫度下限預警,Boolean,1,earlywarning,"BESS1_rack07_status,8,91",
儲能櫃1_1,戶外,BESS1_rack07_alert,8,9,Rack07放電溫度上限預警,Boolean,1,earlywarning,"BESS1_rack07_status,8,89",
儲能櫃1_1,戶外,BESS1_rack07_alert,8,10,Rack07放電溫度下限預警,Boolean,1,earlywarning,"BESS1_rack07_status,8,91",
儲能櫃1_1,戶外,BESS1_rack07_alert,8,11,Rack07單體溫度上限預警,Boolean,1,earlywarning,"BESS1_rack07_status,8,89",
儲能櫃1_1,戶外,BESS1_rack07_alert,8,12,Rack07單體溫度下限預警,Boolean,1,earlywarning,"BESS1_rack07_status,8,91",
儲能櫃1_1,戶外,BESS1_rack07_alert,8,13,Rack07環境溫度上限預警,Boolean,1,earlywarning,"BESS1_rack07_status,8,59",
儲能櫃1_1,戶外,BESS1_rack07_alert,8,14,Rack07環境溫度下限預警,Boolean,1,earlywarning,"BESS1_rack07_status,8,59",
儲能櫃1_1,戶外,BESS1_rack07_alert,8,15,Rack07動力線溫度上限預警,Boolean,1,earlywarning,,
儲能櫃1_1,戶外,BESS1_rack07_alert,8,16,Rack07組SOC上限預警,Boolean,1,earlywarning,"BESS1_rack07_status,8,55",
儲能櫃1_1,戶外,BESS1_rack07_alert,8,17,Rack07組SOC下限預警,Boolean,1,earlywarning,"BESS1_rack07_status,8,55",
儲能櫃1_1,戶外,BESS1_rack07_alert,8,18,Rack07正極絕緣電阻下限預警,Boolean,1,earlywarning,"BESS1_rack07_status,8,61",
儲能櫃1_1,戶外,BESS1_rack07_alert,8,19,Rack07負極絕緣電阻下限預警,Boolean,1,earlywarning,"BESS1_rack07_status,8,63",
儲能櫃1_1,戶外,BESS1_rack07_alert,8,20,Rack07箱壓差上限預警,Boolean,1,earlywarning,,
儲能櫃1_1,戶外,BESS1_rack07_alert,8,21,Rack07箱溫差上限預警,Boolean,1,earlywarning,,
儲能櫃1_1,戶外,BESS1_rack07_alert,8,22,Rack07組端電壓上限告警,Boolean,1,warning,"BESS1_rack07_status,8,51",
儲能櫃1_1,戶外,BESS1_rack07_alert,8,23,Rack07組端電壓下限告警,Boolean,1,warning,"BESS1_rack07_status,8,51",
儲能櫃1_1,戶外,BESS1_rack07_alert,8,24,Rack07充電電流上限告警,Boolean,1,warning,"BESS1_rack07_status,8,53",
儲能櫃1_1,戶外,BESS1_rack07_alert,8,25,Rack07放電電流上限告警,Boolean,1,warning,"BESS1_rack07_status,8,53",
儲能櫃1_1,戶外,BESS1_rack07_alert,8,26,Rack07單體電壓上限告警,Boolean,1,warning,"BESS1_rack07_status,8,81",
儲能櫃1_1,戶外,BESS1_rack07_alert,8,27,Rack07單體電壓下限告警,Boolean,1,warning,"BESS1_rack07_status,8,83",
儲能櫃1_1,戶外,BESS1_rack07_alert,8,28,Rack07充電溫度上限告警,Boolean,1,warning,"BESS1_rack07_status,8,89",
儲能櫃1_1,戶外,BESS1_rack07_alert,8,29,Rack07充電溫度下限告警,Boolean,1,warning,"BESS1_rack07_status,8,91",
儲能櫃1_1,戶外,BESS1_rack07_alert,8,30,Rack07放電溫度上限告警,Boolean,1,warning,"BESS1_rack07_status,8,89",
儲能櫃1_1,戶外,BESS1_rack07_alert,8,31,Rack07放電溫度下限告警,Boolean,1,warning,"BESS1_rack07_status,8,91",
儲能櫃1_1,戶外,BESS1_rack07_alert,8,32,Rack07單體溫度上限告警,Boolean,1,warning,"BESS1_rack07_status,8,89",
儲能櫃1_1,戶外,BESS1_rack07_alert,8,33,Rack07單體溫度下限告警,Boolean,1,warning,"BESS1_rack07_status,8,91",
儲能櫃1_1,戶外,BESS1_rack07_alert,8,34,Rack07環境溫度上限告警,Boolean,1,warning,"BESS1_rack07_status,8,59",
儲能櫃1_1,戶外,BESS1_rack07_alert,8,35,Rack07環境溫度下限告警,Boolean,1,warning,"BESS1_rack07_status,8,59",
儲能櫃1_1,戶外,BESS1_rack07_alert,8,36,Rack07動力線溫度上限告警,Boolean,1,warning,,
儲能櫃1_1,戶外,BESS1_rack07_alert,8,37,Rack07組SOC上限告警,Boolean,1,warning,"BESS1_rack07_status,8,55",
儲能櫃1_1,戶外,BESS1_rack07_alert,8,38,Rack07組SOC下限告警,Boolean,1,warning,"BESS1_rack07_status,8,55",
儲能櫃1_1,戶外,BESS1_rack07_alert,8,39,Rack07正極絕緣電阻下限告警,Boolean,1,warning,"BESS1_rack07_status,8,61",
儲能櫃1_1,戶外,BESS1_rack07_alert,8,40,Rack07負極絕緣電阻下限告警,Boolean,1,warning,"BESS1_rack07_status,8,63",
儲能櫃1_1,戶外,BESS1_rack07_alert,8,41,Rack07箱壓差上限告警,Boolean,1,warning,,
儲能櫃1_1,戶外,BESS1_rack07_alert,8,42,Rack07箱溫差上限告警,Boolean,1,warning,,
儲能櫃1_1,戶外,BESS1_rack07_alert,8,43,Rack07組端電壓上限保護,Boolean,1,protection,"BESS1_rack07_status,8,51",PCS1
儲能櫃1_1,戶外,BESS1_rack07_alert,8,44,Rack07組端電壓下限保護,Boolean,1,protection,"BESS1_rack07_status,8,51",PCS1
儲能櫃1_1,戶外,BESS1_rack07_alert,8,45,Rack07充電電流上限保護,Boolean,1,protection,"BESS1_rack07_status,8,53",PCS1
儲能櫃1_1,戶外,BESS1_rack07_alert,8,46,Rack07放電電流上限保護,Boolean,1,protection,"BESS1_rack07_status,8,53",PCS1
儲能櫃1_1,戶外,BESS1_rack07_alert,8,47,Rack07單體電壓上限保護,Boolean,1,protection,"BESS1_rack07_status,8,81",PCS1
儲能櫃1_1,戶外,BESS1_rack07_alert,8,48,Rack07單體電壓下限保護,Boolean,1,protection,"BESS1_rack07_status,8,83",PCS1
儲能櫃1_1,戶外,BESS1_rack07_alert,8,49,Rack07充電溫度上限保護,Boolean,1,protection,"BESS1_rack07_status,8,89",PCS1
儲能櫃1_1,戶外,BESS1_rack07_alert,8,50,Rack07充電溫度下限保護,Boolean,1,protection,"BESS1_rack07_status,8,91",PCS1
儲能櫃1_1,戶外,BESS1_rack07_alert,8,51,Rack07放電溫度上限保護,Boolean,1,protection,"BESS1_rack07_status,8,89",PCS1
儲能櫃1_1,戶外,BESS1_rack07_alert,8,52,Rack07放電溫度下限保護,Boolean,1,protection,"BESS1_rack07_status,8,91",PCS1
儲能櫃1_1,戶外,BESS1_rack07_alert,8,53,Rack07單體溫度上限保護,Boolean,1,protection,"BESS1_rack07_status,8,89",PCS1
儲能櫃1_1,戶外,BESS1_rack07_alert,8,54,Rack07單體溫度下限保護,Boolean,1,protection,"BESS1_rack07_status,8,91",PCS1
儲能櫃1_1,戶外,BESS1_rack07_alert,8,55,Rack07環境溫度上限保護,Boolean,1,protection,"BESS1_rack07_status,8,59",PCS1
儲能櫃1_1,戶外,BESS1_rack07_alert,8,56,Rack07環境溫度下限保護,Boolean,1,protection,"BESS1_rack07_status,8,59",PCS1
儲能櫃1_1,戶外,BESS1_rack07_alert,8,57,Rack07動力線溫度上限保護,Boolean,1,protection,,PCS1
儲能櫃1_1,戶外,BESS1_rack07_alert,8,58,Rack07組SOC上限保護,Boolean,1,protection,"BESS1_rack07_status,8,55",PCS1
儲能櫃1_1,戶外,BESS1_rack07_alert,8,59,Rack07組SOC下限保護,Boolean,1,protection,"BESS1_rack07_status,8,55",PCS1
儲能櫃1_1,戶外,BESS1_rack07_alert,8,60,Rack07正極絕緣電阻下限保護,Boolean,1,protection,"BESS1_rack07_status,8,61",PCS1
儲能櫃1_1,戶外,BESS1_rack07_alert,8,61,Rack07負極絕緣電阻下限保護,Boolean,1,protection,"BESS1_rack07_status,8,63",PCS1
儲能櫃1_1,戶外,BESS1_rack07_alert,8,62,Rack07箱壓差上限保護,Boolean,1,protection,,PCS1
儲能櫃1_1,戶外,BESS1_rack07_alert,8,63,Rack07箱溫差上限保護,Boolean,1,protection,,PCS1
儲能櫃1_1,戶外,BESS1_rack07_alert,8,64,Rack07電池溫度溫升過快,Boolean,1,warning,,
儲能櫃1_1,戶外,BESS1_rack07_alert,8,65,Rack07動力線溫度溫升過快,Boolean,1,warning,,
儲能櫃1_1,戶外,BESS1_rack07_alert,8,66,Rack07BMU通訊故障,Boolean,1,fault,,
儲能櫃1_1,戶外,BESS1_rack07_alert,8,67,Rack07BCMU通訊故障,Boolean,1,fault,,
儲能櫃1_1,戶外,BESS1_rack07_alert,8,68,Rack07單體電壓採集線故障,Boolean,1,fault,,
儲能櫃1_1,戶外,BESS1_rack07_alert,8,69,Rack07總壓採集線故障,Boolean,1,fault,,
儲能櫃1_1,戶外,BESS1_rack07_alert,8,70,Rack07電流採集線故障,Boolean,1,fault,,
儲能櫃1_1,戶外,BESS1_rack07_alert,8,71,Rack07溫度採集斷線,Boolean,1,fault,,
儲能櫃1_1,戶外,BESS1_rack07_alert,8,72,Rack07溫度採集短路,Boolean,1,fault,,
儲能櫃1_1,戶外,BESS1_rack07_alert,8,73,Rack07BMS設備故障,Boolean,1,fault,,
儲能櫃1_1,戶外,BESS1_rack07_alert,8,74,Rack07單體電壓無效,Boolean,1,fault,,
儲能櫃1_1,戶外,BESS1_rack07_alert,8,75,Rack07單體溫度無效,Boolean,1,fault,,
儲能櫃1_1,戶外,BESS1_rack07_alert,8,76,Rack07組端電壓無效,Boolean,1,protection,,PCS1
儲能櫃1_1,戶外,BESS1_rack07_alert,8,77,Rack07組電流異常,Boolean,1,protection,,PCS1
儲能櫃1_1,戶外,BESS1_rack07_alert,8,78,Rack07消防報警,Boolean,1,protection,,PCS1
儲能櫃1_1,戶外,BESS1_rack07_alert,8,79,Rack07水浸報警,Boolean,1,protection,,PCS1
儲能櫃1_1,戶外,BESS1_rack08_alert,9,1,Rack08組端電壓上限預警,Boolean,1,earlywarning,"BESS1_rack08_status,9,51",
儲能櫃1_1,戶外,BESS1_rack08_alert,9,2,Rack08組端電壓下限預警,Boolean,1,earlywarning,"BESS1_rack08_status,9,51",
儲能櫃1_1,戶外,BESS1_rack08_alert,9,3,Rack08充電電流上限預警,Boolean,1,earlywarning,"BESS1_rack08_status,9,53",
儲能櫃1_1,戶外,BESS1_rack08_alert,9,4,Rack08放電電流上限預警,Boolean,1,earlywarning,"BESS1_rack08_status,9,53",
儲能櫃1_1,戶外,BESS1_rack08_alert,9,5,Rack08單體電壓上限預警,Boolean,1,earlywarning,"BESS1_rack08_status,9,81",
儲能櫃1_1,戶外,BESS1_rack08_alert,9,6,Rack08單體電壓下限預警,Boolean,1,earlywarning,"BESS1_rack08_status,9,83",
儲能櫃1_1,戶外,BESS1_rack08_alert,9,7,Rack08充電溫度上限預警,Boolean,1,earlywarning,"BESS1_rack08_status,9,89",
儲能櫃1_1,戶外,BESS1_rack08_alert,9,8,Rack08充電溫度下限預警,Boolean,1,earlywarning,"BESS1_rack08_status,9,91",
儲能櫃1_1,戶外,BESS1_rack08_alert,9,9,Rack08放電溫度上限預警,Boolean,1,earlywarning,"BESS1_rack08_status,9,89",
儲能櫃1_1,戶外,BESS1_rack08_alert,9,10,Rack08放電溫度下限預警,Boolean,1,earlywarning,"BESS1_rack08_status,9,91",
儲能櫃1_1,戶外,BESS1_rack08_alert,9,11,Rack08單體溫度上限預警,Boolean,1,earlywarning,"BESS1_rack08_status,9,89",
儲能櫃1_1,戶外,BESS1_rack08_alert,9,12,Rack08單體溫度下限預警,Boolean,1,earlywarning,"BESS1_rack08_status,9,91",
儲能櫃1_1,戶外,BESS1_rack08_alert,9,13,Rack08環境溫度上限預警,Boolean,1,earlywarning,"BESS1_rack08_status,9,59",
儲能櫃1_1,戶外,BESS1_rack08_alert,9,14,Rack08環境溫度下限預警,Boolean,1,earlywarning,"BESS1_rack08_status,9,59",
儲能櫃1_1,戶外,BESS1_rack08_alert,9,15,Rack08動力線溫度上限預警,Boolean,1,earlywarning,,
儲能櫃1_1,戶外,BESS1_rack08_alert,9,16,Rack08組SOC上限預警,Boolean,1,earlywarning,"BESS1_rack08_status,9,55",
儲能櫃1_1,戶外,BESS1_rack08_alert,9,17,Rack08組SOC下限預警,Boolean,1,earlywarning,"BESS1_rack08_status,9,55",
儲能櫃1_1,戶外,BESS1_rack08_alert,9,18,Rack08正極絕緣電阻下限預警,Boolean,1,earlywarning,"BESS1_rack08_status,9,61",
儲能櫃1_1,戶外,BESS1_rack08_alert,9,19,Rack08負極絕緣電阻下限預警,Boolean,1,earlywarning,"BESS1_rack08_status,9,63",
儲能櫃1_1,戶外,BESS1_rack08_alert,9,20,Rack08箱壓差上限預警,Boolean,1,earlywarning,,
儲能櫃1_1,戶外,BESS1_rack08_alert,9,21,Rack08箱溫差上限預警,Boolean,1,earlywarning,,
儲能櫃1_1,戶外,BESS1_rack08_alert,9,22,Rack08組端電壓上限告警,Boolean,1,warning,"BESS1_rack08_status,9,51",
儲能櫃1_1,戶外,BESS1_rack08_alert,9,23,Rack08組端電壓下限告警,Boolean,1,warning,"BESS1_rack08_status,9,51",
儲能櫃1_1,戶外,BESS1_rack08_alert,9,24,Rack08充電電流上限告警,Boolean,1,warning,"BESS1_rack08_status,9,53",
儲能櫃1_1,戶外,BESS1_rack08_alert,9,25,Rack08放電電流上限告警,Boolean,1,warning,"BESS1_rack08_status,9,53",
儲能櫃1_1,戶外,BESS1_rack08_alert,9,26,Rack08單體電壓上限告警,Boolean,1,warning,"BESS1_rack08_status,9,81",
儲能櫃1_1,戶外,BESS1_rack08_alert,9,27,Rack08單體電壓下限告警,Boolean,1,warning,"BESS1_rack08_status,9,83",
儲能櫃1_1,戶外,BESS1_rack08_alert,9,28,Rack08充電溫度上限告警,Boolean,1,warning,"BESS1_rack08_status,9,89",
儲能櫃1_1,戶外,BESS1_rack08_alert,9,29,Rack08充電溫度下限告警,Boolean,1,warning,"BESS1_rack08_status,9,91",
儲能櫃1_1,戶外,BESS1_rack08_alert,9,30,Rack08放電溫度上限告警,Boolean,1,warning,"BESS1_rack08_status,9,89",
儲能櫃1_1,戶外,BESS1_rack08_alert,9,31,Rack08放電溫度下限告警,Boolean,1,warning,"BESS1_rack08_status,9,91",
儲能櫃1_1,戶外,BESS1_rack08_alert,9,32,Rack08單體溫度上限告警,Boolean,1,warning,"BESS1_rack08_status,9,89",
儲能櫃1_1,戶外,BESS1_rack08_alert,9,33,Rack08單體溫度下限告警,Boolean,1,warning,"BESS1_rack08_status,9,91",
儲能櫃1_1,戶外,BESS1_rack08_alert,9,34,Rack08環境溫度上限告警,Boolean,1,warning,"BESS1_rack08_status,9,59",
儲能櫃1_1,戶外,BESS1_rack08_alert,9,35,Rack08環境溫度下限告警,Boolean,1,warning,"BESS1_rack08_status,9,59",
儲能櫃1_1,戶外,BESS1_rack08_alert,9,36,Rack08動力線溫度上限告警,Boolean,1,warning,,
儲能櫃1_1,戶外,BESS1_rack08_alert,9,37,Rack08組SOC上限告警,Boolean,1,warning,"BESS1_rack08_status,9,55",
儲能櫃1_1,戶外,BESS1_rack08_alert,9,38,Rack08組SOC下限告警,Boolean,1,warning,"BESS1_rack08_status,9,55",
儲能櫃1_1,戶外,BESS1_rack08_alert,9,39,Rack08正極絕緣電阻下限告警,Boolean,1,warning,"BESS1_rack08_status,9,61",
儲能櫃1_1,戶外,BESS1_rack08_alert,9,40,Rack08負極絕緣電阻下限告警,Boolean,1,warning,"BESS1_rack08_status,9,63",
儲能櫃1_1,戶外,BESS1_rack08_alert,9,41,Rack08箱壓差上限告警,Boolean,1,warning,,
儲能櫃1_1,戶外,BESS1_rack08_alert,9,42,Rack08箱溫差上限告警,Boolean,1,warning,,
儲能櫃1_1,戶外,BESS1_rack08_alert,9,43,Rack08組端電壓上限保護,Boolean,1,protection,"BESS1_rack08_status,9,51",PCS1
儲能櫃1_1,戶外,BESS1_rack08_alert,9,44,Rack08組端電壓下限保護,Boolean,1,protection,"BESS1_rack08_status,9,51",PCS1
儲能櫃1_1,戶外,BESS1_rack08_alert,9,45,Rack08充電電流上限保護,Boolean,1,protection,"BESS1_rack08_status,9,53",PCS1
儲能櫃1_1,戶外,BESS1_rack08_alert,9,46,Rack08放電電流上限保護,Boolean,1,protection,"BESS1_rack08_status,9,53",PCS1
儲能櫃1_1,戶外,BESS1_rack08_alert,9,47,Rack08單體電壓上限保護,Boolean,1,protection,"BESS1_rack08_status,9,81",PCS1
儲能櫃1_1,戶外,BESS1_rack08_alert,9,48,Rack08單體電壓下限保護,Boolean,1,protection,"BESS1_rack08_status,9,83",PCS1
儲能櫃1_1,戶外,BESS1_rack08_alert,9,49,Rack08充電溫度上限保護,Boolean,1,protection,"BESS1_rack08_status,9,89",PCS1
儲能櫃1_1,戶外,BESS1_rack08_alert,9,50,Rack08充電溫度下限保護,Boolean,1,protection,"BESS1_rack08_status,9,91",PCS1
儲能櫃1_1,戶外,BESS1_rack08_alert,9,51,Rack08放電溫度上限保護,Boolean,1,protection,"BESS1_rack08_status,9,89",PCS1
儲能櫃1_1,戶外,BESS1_rack08_alert,9,52,Rack08放電溫度下限保護,Boolean,1,protection,"BESS1_rack08_status,9,91",PCS1
儲能櫃1_1,戶外,BESS1_rack08_alert,9,53,Rack08單體溫度上限保護,Boolean,1,protection,"BESS1_rack08_status,9,89",PCS1
儲能櫃1_1,戶外,BESS1_rack08_alert,9,54,Rack08單體溫度下限保護,Boolean,1,protection,"BESS1_rack08_status,9,91",PCS1
儲能櫃1_1,戶外,BESS1_rack08_alert,9,55,Rack08環境溫度上限保護,Boolean,1,protection,"BESS1_rack08_status,9,59",PCS1
儲能櫃1_1,戶外,BESS1_rack08_alert,9,56,Rack08環境溫度下限保護,Boolean,1,protection,"BESS1_rack08_status,9,59",PCS1
儲能櫃1_1,戶外,BESS1_rack08_alert,9,57,Rack08動力線溫度上限保護,Boolean,1,protection,,PCS1
儲能櫃1_1,戶外,BESS1_rack08_alert,9,58,Rack08組SOC上限保護,Boolean,1,protection,"BESS1_rack08_status,9,55",PCS1
儲能櫃1_1,戶外,BESS1_rack08_alert,9,59,Rack08組SOC下限保護,Boolean,1,protection,"BESS1_rack08_status,9,55",PCS1
儲能櫃1_1,戶外,BESS1_rack08_alert,9,60,Rack08正極絕緣電阻下限保護,Boolean,1,protection,"BESS1_rack08_status,9,61",PCS1
儲能櫃1_1,戶外,BESS1_rack08_alert,9,61,Rack08負極絕緣電阻下限保護,Boolean,1,protection,"BESS1_rack08_status,9,63",PCS1
儲能櫃1_1,戶外,BESS1_rack08_alert,9,62,Rack08箱壓差上限保護,Boolean,1,protection,,PCS1
儲能櫃1_1,戶外,BESS1_rack08_alert,9,63,Rack08箱溫差上限保護,Boolean,1,protection,,PCS1
儲能櫃1_1,戶外,BESS1_rack08_alert,9,64,Rack08電池溫度溫升過快,Boolean,1,warning,,
儲能櫃1_1,戶外,BESS1_rack08_alert,9,65,Rack08動力線溫度溫升過快,Boolean,1,warning,,
儲能櫃1_1,戶外,BESS1_rack08_alert,9,66,Rack08BMU通訊故障,Boolean,1,fault,,
儲能櫃1_1,戶外,BESS1_rack08_alert,9,67,Rack08BCMU通訊故障,Boolean,1,fault,,
儲能櫃1_1,戶外,BESS1_rack08_alert,9,68,Rack08單體電壓採集線故障,Boolean,1,fault,,
儲能櫃1_1,戶外,BESS1_rack08_alert,9,69,Rack08總壓採集線故障,Boolean,1,fault,,
儲能櫃1_1,戶外,BESS1_rack08_alert,9,70,Rack08電流採集線故障,Boolean,1,fault,,
儲能櫃1_1,戶外,BESS1_rack08_alert,9,71,Rack08溫度採集斷線,Boolean,1,fault,,
儲能櫃1_1,戶外,BESS1_rack08_alert,9,72,Rack08溫度採集短路,Boolean,1,fault,,
儲能櫃1_1,戶外,BESS1_rack08_alert,9,73,Rack08BMS設備故障,Boolean,1,fault,,
儲能櫃1_1,戶外,BESS1_rack08_alert,9,74,Rack08單體電壓無效,Boolean,1,fault,,
儲能櫃1_1,戶外,BESS1_rack08_alert,9,75,Rack08單體溫度無效,Boolean,1,fault,,
儲能櫃1_1,戶外,BESS1_rack08_alert,9,76,Rack08組端電壓無效,Boolean,1,protection,,PCS1
儲能櫃1_1,戶外,BESS1_rack08_alert,9,77,Rack08組電流異常,Boolean,1,protection,,PCS1
儲能櫃1_1,戶外,BESS1_rack08_alert,9,78,Rack08消防報警,Boolean,1,protection,,PCS1
儲能櫃1_1,戶外,BESS1_rack08_alert,9,79,Rack08水浸報警,Boolean,1,protection,,PCS1
儲能櫃1_2,戶外,BESS3_rack01_alert,2,1,rack01組端電壓上限預警,Boolean,1,earlywarning,"BESS3_rack01_status,10,51",
儲能櫃1_2,戶外,BESS3_rack01_alert,2,2,rack01組端電壓下限預警,Boolean,1,earlywarning,"BESS3_rack01_status,10,51",
儲能櫃1_2,戶外,BESS3_rack01_alert,2,3,rack01充電電流上限預警,Boolean,1,earlywarning,"BESS3_rack01_status,10,53",
儲能櫃1_2,戶外,BESS3_rack01_alert,2,4,rack01放電電流上限預警,Boolean,1,earlywarning,"BESS3_rack01_status,10,53",
儲能櫃1_2,戶外,BESS3_rack01_alert,2,5,rack01單體電壓上限預警,Boolean,1,earlywarning,"BESS3_rack01_status,10,81",
儲能櫃1_2,戶外,BESS3_rack01_alert,2,6,rack01單體電壓下限預警,Boolean,1,earlywarning,"BESS3_rack01_status,10,83",
儲能櫃1_2,戶外,BESS3_rack01_alert,2,7,rack01充電溫度上限預警,Boolean,1,earlywarning,"BESS3_rack01_status,10,89",
儲能櫃1_2,戶外,BESS3_rack01_alert,2,8,rack01充電溫度下限預警,Boolean,1,earlywarning,"BESS3_rack01_status,10,91",
儲能櫃1_2,戶外,BESS3_rack01_alert,2,9,rack01放電溫度上限預警,Boolean,1,earlywarning,"BESS3_rack01_status,10,89",
儲能櫃1_2,戶外,BESS3_rack01_alert,2,10,rack01放電溫度下限預警,Boolean,1,earlywarning,"BESS3_rack01_status,10,91",
儲能櫃1_2,戶外,BESS3_rack01_alert,2,11,rack01單體溫度上限預警,Boolean,1,earlywarning,"BESS3_rack01_status,10,89",
儲能櫃1_2,戶外,BESS3_rack01_alert,2,12,rack01單體溫度下限預警,Boolean,1,earlywarning,"BESS3_rack01_status,10,91",
儲能櫃1_2,戶外,BESS3_rack01_alert,2,13,rack01環境溫度上限預警,Boolean,1,earlywarning,"BESS3_rack01_status,10,59",
儲能櫃1_2,戶外,BESS3_rack01_alert,2,14,rack01環境溫度下限預警,Boolean,1,earlywarning,"BESS3_rack01_status,10,59",
儲能櫃1_2,戶外,BESS3_rack01_alert,2,15,rack01動力線溫度上限預警,Boolean,1,earlywarning,,
儲能櫃1_2,戶外,BESS3_rack01_alert,2,16,rack01組SOC上限預警,Boolean,1,earlywarning,"BESS3_rack01_status,10,55",
儲能櫃1_2,戶外,BESS3_rack01_alert,2,17,rack01組SOC下限預警,Boolean,1,earlywarning,"BESS3_rack01_status,10,55",
儲能櫃1_2,戶外,BESS3_rack01_alert,2,18,rack01正極絕緣電阻下限預警,Boolean,1,earlywarning,"BESS3_rack01_status,10,61",
儲能櫃1_2,戶外,BESS3_rack01_alert,2,19,rack01負極絕緣電阻下限預警,Boolean,1,earlywarning,"BESS3_rack01_status,10,63",
儲能櫃1_2,戶外,BESS3_rack01_alert,2,20,rack01箱壓差上限預警,Boolean,1,earlywarning,,
儲能櫃1_2,戶外,BESS3_rack01_alert,2,21,rack01箱溫差上限預警,Boolean,1,earlywarning,,
儲能櫃1_2,戶外,BESS3_rack01_alert,2,22,rack01組端電壓上限告警,Boolean,1,warning,"BESS3_rack01_status,10,51",
儲能櫃1_2,戶外,BESS3_rack01_alert,2,23,rack01組端電壓下限告警,Boolean,1,warning,"BESS3_rack01_status,10,51",
儲能櫃1_2,戶外,BESS3_rack01_alert,2,24,rack01充電電流上限告警,Boolean,1,warning,"BESS3_rack01_status,10,53",
儲能櫃1_2,戶外,BESS3_rack01_alert,2,25,rack01放電電流上限告警,Boolean,1,warning,"BESS3_rack01_status,10,53",
儲能櫃1_2,戶外,BESS3_rack01_alert,2,26,rack01單體電壓上限告警,Boolean,1,warning,"BESS3_rack01_status,10,81",
儲能櫃1_2,戶外,BESS3_rack01_alert,2,27,rack01單體電壓下限告警,Boolean,1,warning,"BESS3_rack01_status,10,83",
儲能櫃1_2,戶外,BESS3_rack01_alert,2,28,rack01充電溫度上限告警,Boolean,1,warning,"BESS3_rack01_status,10,89",
儲能櫃1_2,戶外,BESS3_rack01_alert,2,29,rack01充電溫度下限告警,Boolean,1,warning,"BESS3_rack01_status,10,91",
儲能櫃1_2,戶外,BESS3_rack01_alert,2,30,rack01放電溫度上限告警,Boolean,1,warning,"BESS3_rack01_status,10,89",
儲能櫃1_2,戶外,BESS3_rack01_alert,2,31,rack01放電溫度下限告警,Boolean,1,warning,"BESS3_rack01_status,10,91",
儲能櫃1_2,戶外,BESS3_rack01_alert,2,32,rack01單體溫度上限告警,Boolean,1,warning,"BESS3_rack01_status,10,89",
儲能櫃1_2,戶外,BESS3_rack01_alert,2,33,rack01單體溫度下限告警,Boolean,1,warning,"BESS3_rack01_status,10,91",
儲能櫃1_2,戶外,BESS3_rack01_alert,2,34,rack01環境溫度上限告警,Boolean,1,warning,"BESS3_rack01_status,10,59",
儲能櫃1_2,戶外,BESS3_rack01_alert,2,35,rack01環境溫度下限告警,Boolean,1,warning,"BESS3_rack01_status,10,59",
儲能櫃1_2,戶外,BESS3_rack01_alert,2,36,rack01動力線溫度上限告警,Boolean,1,warning,,
儲能櫃1_2,戶外,BESS3_rack01_alert,2,37,rack01組SOC上限告警,Boolean,1,warning,"BESS3_rack01_status,10,55",
儲能櫃1_2,戶外,BESS3_rack01_alert,2,38,rack01組SOC下限告警,Boolean,1,warning,"BESS3_rack01_status,10,55",
儲能櫃1_2,戶外,BESS3_rack01_alert,2,39,rack01正極絕緣電阻下限告警,Boolean,1,warning,"BESS3_rack01_status,10,61",
儲能櫃1_2,戶外,BESS3_rack01_alert,2,40,rack01負極絕緣電阻下限告警,Boolean,1,warning,"BESS3_rack01_status,10,63",
儲能櫃1_2,戶外,BESS3_rack01_alert,2,41,rack01箱壓差上限告警,Boolean,1,warning,,
儲能櫃1_2,戶外,BESS3_rack01_alert,2,42,rack01箱溫差上限告警,Boolean,1,warning,,
儲能櫃1_2,戶外,BESS3_rack01_alert,2,43,rack01組端電壓上限保護,Boolean,1,protection,"BESS3_rack01_status,10,51",PCS1
儲能櫃1_2,戶外,BESS3_rack01_alert,2,44,rack01組端電壓下限保護,Boolean,1,protection,"BESS3_rack01_status,10,51",PCS1
儲能櫃1_2,戶外,BESS3_rack01_alert,2,45,rack01充電電流上限保護,Boolean,1,protection,"BESS3_rack01_status,10,53",PCS1
儲能櫃1_2,戶外,BESS3_rack01_alert,2,46,rack01放電電流上限保護,Boolean,1,protection,"BESS3_rack01_status,10,53",PCS1
儲能櫃1_2,戶外,BESS3_rack01_alert,2,47,rack01單體電壓上限保護,Boolean,1,protection,"BESS3_rack01_status,10,81",PCS1
儲能櫃1_2,戶外,BESS3_rack01_alert,2,48,rack01單體電壓下限保護,Boolean,1,protection,"BESS3_rack01_status,10,83",PCS1
儲能櫃1_2,戶外,BESS3_rack01_alert,2,49,rack01充電溫度上限保護,Boolean,1,protection,"BESS3_rack01_status,10,89",PCS1
儲能櫃1_2,戶外,BESS3_rack01_alert,2,50,rack01充電溫度下限保護,Boolean,1,protection,"BESS3_rack01_status,10,91",PCS1
儲能櫃1_2,戶外,BESS3_rack01_alert,2,51,rack01放電溫度上限保護,Boolean,1,protection,"BESS3_rack01_status,10,89",PCS1
儲能櫃1_2,戶外,BESS3_rack01_alert,2,52,rack01放電溫度下限保護,Boolean,1,protection,"BESS3_rack01_status,10,91",PCS1
儲能櫃1_2,戶外,BESS3_rack01_alert,2,53,rack01單體溫度上限保護,Boolean,1,protection,"BESS3_rack01_status,10,89",PCS1
儲能櫃1_2,戶外,BESS3_rack01_alert,2,54,rack01單體溫度下限保護,Boolean,1,protection,"BESS3_rack01_status,10,91",PCS1
儲能櫃1_2,戶外,BESS3_rack01_alert,2,55,rack01環境溫度上限保護,Boolean,1,protection,"BESS3_rack01_status,10,59",PCS1
儲能櫃1_2,戶外,BESS3_rack01_alert,2,56,rack01環境溫度下限保護,Boolean,1,protection,"BESS3_rack01_status,10,59",PCS1
儲能櫃1_2,戶外,BESS3_rack01_alert,2,57,rack01動力線溫度上限保護,Boolean,1,protection,,PCS1
儲能櫃1_2,戶外,BESS3_rack01_alert,2,58,rack01組SOC上限保護,Boolean,1,protection,"BESS3_rack01_status,10,55",PCS1
儲能櫃1_2,戶外,BESS3_rack01_alert,2,59,rack01組SOC下限保護,Boolean,1,protection,"BESS3_rack01_status,10,55",PCS1
儲能櫃1_2,戶外,BESS3_rack01_alert,2,60,rack01正極絕緣電阻下限保護,Boolean,1,protection,"BESS3_rack01_status,10,61",PCS1
儲能櫃1_2,戶外,BESS3_rack01_alert,2,61,rack01負極絕緣電阻下限保護,Boolean,1,protection,"BESS3_rack01_status,10,63",PCS1
儲能櫃1_2,戶外,BESS3_rack01_alert,2,62,rack01箱壓差上限保護,Boolean,1,protection,,PCS1
儲能櫃1_2,戶外,BESS3_rack01_alert,2,63,rack01箱溫差上限保護,Boolean,1,protection,,PCS1
儲能櫃1_2,戶外,BESS3_rack01_alert,2,64,rack01電池溫度溫升過快,Boolean,1,warning,,
儲能櫃1_2,戶外,BESS3_rack01_alert,2,65,rack01動力線溫度溫升過快,Boolean,1,warning,,
儲能櫃1_2,戶外,BESS3_rack01_alert,2,66,rack01BMU通訊故障,Boolean,1,fault,,
儲能櫃1_2,戶外,BESS3_rack01_alert,2,67,rack01BCMU通訊故障,Boolean,1,fault,,
儲能櫃1_2,戶外,BESS3_rack01_alert,2,68,rack01單體電壓採集線故障,Boolean,1,fault,,
儲能櫃1_2,戶外,BESS3_rack01_alert,2,69,rack01總壓採集線故障,Boolean,1,fault,,
儲能櫃1_2,戶外,BESS3_rack01_alert,2,70,rack01電流採集線故障,Boolean,1,fault,,
儲能櫃1_2,戶外,BESS3_rack01_alert,2,71,rack01溫度採集斷線,Boolean,1,fault,,
儲能櫃1_2,戶外,BESS3_rack01_alert,2,72,rack01溫度採集短路,Boolean,1,fault,,
儲能櫃1_2,戶外,BESS3_rack01_alert,2,73,rack01BMS設備故障,Boolean,1,fault,,
儲能櫃1_2,戶外,BESS3_rack01_alert,2,74,rack01單體電壓無效,Boolean,1,fault,,
儲能櫃1_2,戶外,BESS3_rack01_alert,2,75,rack01單體溫度無效,Boolean,1,fault,,
儲能櫃1_2,戶外,BESS3_rack01_alert,2,76,rack01組端電壓無效,Boolean,1,protection,,PCS1
儲能櫃1_2,戶外,BESS3_rack01_alert,2,77,rack01組電流異常,Boolean,1,protection,,PCS1
儲能櫃1_2,戶外,BESS3_rack01_alert,2,78,rack01消防報警,Boolean,1,protection,,PCS1
儲能櫃1_2,戶外,BESS3_rack01_alert,2,79,rack01水浸報警,Boolean,1,protection,,PCS1
儲能櫃1_2,戶外,BESS3_rack02_alert,3,1,rack02組端電壓上限預警,Boolean,1,earlywarning,"BESS3_rack02_status,11,51",
儲能櫃1_2,戶外,BESS3_rack02_alert,3,2,rack02組端電壓下限預警,Boolean,1,earlywarning,"BESS3_rack02_status,11,51",
儲能櫃1_2,戶外,BESS3_rack02_alert,3,3,rack02充電電流上限預警,Boolean,1,earlywarning,"BESS3_rack02_status,11,53",
儲能櫃1_2,戶外,BESS3_rack02_alert,3,4,rack02放電電流上限預警,Boolean,1,earlywarning,"BESS3_rack02_status,11,53",
儲能櫃1_2,戶外,BESS3_rack02_alert,3,5,rack02單體電壓上限預警,Boolean,1,earlywarning,"BESS3_rack02_status,11,81",
儲能櫃1_2,戶外,BESS3_rack02_alert,3,6,rack02單體電壓下限預警,Boolean,1,earlywarning,"BESS3_rack02_status,11,83",
儲能櫃1_2,戶外,BESS3_rack02_alert,3,7,rack02充電溫度上限預警,Boolean,1,earlywarning,"BESS3_rack02_status,11,89",
儲能櫃1_2,戶外,BESS3_rack02_alert,3,8,rack02充電溫度下限預警,Boolean,1,earlywarning,"BESS3_rack02_status,11,91",
儲能櫃1_2,戶外,BESS3_rack02_alert,3,9,rack02放電溫度上限預警,Boolean,1,earlywarning,"BESS3_rack02_status,11,89",
儲能櫃1_2,戶外,BESS3_rack02_alert,3,10,rack02放電溫度下限預警,Boolean,1,earlywarning,"BESS3_rack02_status,11,91",
儲能櫃1_2,戶外,BESS3_rack02_alert,3,11,rack02單體溫度上限預警,Boolean,1,earlywarning,"BESS3_rack02_status,11,89",
儲能櫃1_2,戶外,BESS3_rack02_alert,3,12,rack02單體溫度下限預警,Boolean,1,earlywarning,"BESS3_rack02_status,11,91",
儲能櫃1_2,戶外,BESS3_rack02_alert,3,13,rack02環境溫度上限預警,Boolean,1,earlywarning,"BESS3_rack02_status,11,59",
儲能櫃1_2,戶外,BESS3_rack02_alert,3,14,rack02環境溫度下限預警,Boolean,1,earlywarning,"BESS3_rack02_status,11,59",
儲能櫃1_2,戶外,BESS3_rack02_alert,3,15,rack02動力線溫度上限預警,Boolean,1,earlywarning,,
儲能櫃1_2,戶外,BESS3_rack02_alert,3,16,rack02組SOC上限預警,Boolean,1,earlywarning,"BESS3_rack02_status,11,55",
儲能櫃1_2,戶外,BESS3_rack02_alert,3,17,rack02組SOC下限預警,Boolean,1,earlywarning,"BESS3_rack02_status,11,55",
儲能櫃1_2,戶外,BESS3_rack02_alert,3,18,rack02正極絕緣電阻下限預警,Boolean,1,earlywarning,"BESS3_rack02_status,11,61",
儲能櫃1_2,戶外,BESS3_rack02_alert,3,19,rack02負極絕緣電阻下限預警,Boolean,1,earlywarning,"BESS3_rack02_status,11,63",
儲能櫃1_2,戶外,BESS3_rack02_alert,3,20,rack02箱壓差上限預警,Boolean,1,earlywarning,,
儲能櫃1_2,戶外,BESS3_rack02_alert,3,21,rack02箱溫差上限預警,Boolean,1,earlywarning,,
儲能櫃1_2,戶外,BESS3_rack02_alert,3,22,rack02組端電壓上限告警,Boolean,1,warning,"BESS3_rack02_status,11,51",
儲能櫃1_2,戶外,BESS3_rack02_alert,3,23,rack02組端電壓下限告警,Boolean,1,warning,"BESS3_rack02_status,11,51",
儲能櫃1_2,戶外,BESS3_rack02_alert,3,24,rack02充電電流上限告警,Boolean,1,warning,"BESS3_rack02_status,11,53",
儲能櫃1_2,戶外,BESS3_rack02_alert,3,25,rack02放電電流上限告警,Boolean,1,warning,"BESS3_rack02_status,11,53",
儲能櫃1_2,戶外,BESS3_rack02_alert,3,26,rack02單體電壓上限告警,Boolean,1,warning,"BESS3_rack02_status,11,81",
儲能櫃1_2,戶外,BESS3_rack02_alert,3,27,rack02單體電壓下限告警,Boolean,1,warning,"BESS3_rack02_status,11,83",
儲能櫃1_2,戶外,BESS3_rack02_alert,3,28,rack02充電溫度上限告警,Boolean,1,warning,"BESS3_rack02_status,11,89",
儲能櫃1_2,戶外,BESS3_rack02_alert,3,29,rack02充電溫度下限告警,Boolean,1,warning,"BESS3_rack02_status,11,91",
儲能櫃1_2,戶外,BESS3_rack02_alert,3,30,rack02放電溫度上限告警,Boolean,1,warning,"BESS3_rack02_status,11,89",
儲能櫃1_2,戶外,BESS3_rack02_alert,3,31,rack02放電溫度下限告警,Boolean,1,warning,"BESS3_rack02_status,11,91",
儲能櫃1_2,戶外,BESS3_rack02_alert,3,32,rack02單體溫度上限告警,Boolean,1,warning,"BESS3_rack02_status,11,89",
儲能櫃1_2,戶外,BESS3_rack02_alert,3,33,rack02單體溫度下限告警,Boolean,1,warning,"BESS3_rack02_status,11,91",
儲能櫃1_2,戶外,BESS3_rack02_alert,3,34,rack02環境溫度上限告警,Boolean,1,warning,"BESS3_rack02_status,11,59",
儲能櫃1_2,戶外,BESS3_rack02_alert,3,35,rack02環境溫度下限告警,Boolean,1,warning,"BESS3_rack02_status,11,59",
儲能櫃1_2,戶外,BESS3_rack02_alert,3,36,rack02動力線溫度上限告警,Boolean,1,warning,,
儲能櫃1_2,戶外,BESS3_rack02_alert,3,37,rack02組SOC上限告警,Boolean,1,warning,"BESS3_rack02_status,11,55",
儲能櫃1_2,戶外,BESS3_rack02_alert,3,38,rack02組SOC下限告警,Boolean,1,warning,"BESS3_rack02_status,11,55",
儲能櫃1_2,戶外,BESS3_rack02_alert,3,39,rack02正極絕緣電阻下限告警,Boolean,1,warning,"BESS3_rack02_status,11,61",
儲能櫃1_2,戶外,BESS3_rack02_alert,3,40,rack02負極絕緣電阻下限告警,Boolean,1,warning,"BESS3_rack02_status,11,63",
儲能櫃1_2,戶外,BESS3_rack02_alert,3,41,rack02箱壓差上限告警,Boolean,1,warning,,
儲能櫃1_2,戶外,BESS3_rack02_alert,3,42,rack02箱溫差上限告警,Boolean,1,warning,,
儲能櫃1_2,戶外,BESS3_rack02_alert,3,43,rack02組端電壓上限保護,Boolean,1,protection,"BESS3_rack02_status,11,51",PCS1
儲能櫃1_2,戶外,BESS3_rack02_alert,3,44,rack02組端電壓下限保護,Boolean,1,protection,"BESS3_rack02_status,11,51",PCS1
儲能櫃1_2,戶外,BESS3_rack02_alert,3,45,rack02充電電流上限保護,Boolean,1,protection,"BESS3_rack02_status,11,53",PCS1
儲能櫃1_2,戶外,BESS3_rack02_alert,3,46,rack02放電電流上限保護,Boolean,1,protection,"BESS3_rack02_status,11,53",PCS1
儲能櫃1_2,戶外,BESS3_rack02_alert,3,47,rack02單體電壓上限保護,Boolean,1,protection,"BESS3_rack02_status,11,81",PCS1
儲能櫃1_2,戶外,BESS3_rack02_alert,3,48,rack02單體電壓下限保護,Boolean,1,protection,"BESS3_rack02_status,11,83",PCS1
儲能櫃1_2,戶外,BESS3_rack02_alert,3,49,rack02充電溫度上限保護,Boolean,1,protection,"BESS3_rack02_status,11,89",PCS1
儲能櫃1_2,戶外,BESS3_rack02_alert,3,50,rack02充電溫度下限保護,Boolean,1,protection,"BESS3_rack02_status,11,91",PCS1
儲能櫃1_2,戶外,BESS3_rack02_alert,3,51,rack02放電溫度上限保護,Boolean,1,protection,"BESS3_rack02_status,11,89",PCS1
儲能櫃1_2,戶外,BESS3_rack02_alert,3,52,rack02放電溫度下限保護,Boolean,1,protection,"BESS3_rack02_status,11,91",PCS1
儲能櫃1_2,戶外,BESS3_rack02_alert,3,53,rack02單體溫度上限保護,Boolean,1,protection,"BESS3_rack02_status,11,89",PCS1
儲能櫃1_2,戶外,BESS3_rack02_alert,3,54,rack02單體溫度下限保護,Boolean,1,protection,"BESS3_rack02_status,11,91",PCS1
儲能櫃1_2,戶外,BESS3_rack02_alert,3,55,rack02環境溫度上限保護,Boolean,1,protection,"BESS3_rack02_status,11,59",PCS1
儲能櫃1_2,戶外,BESS3_rack02_alert,3,56,rack02環境溫度下限保護,Boolean,1,protection,"BESS3_rack02_status,11,59",PCS1
儲能櫃1_2,戶外,BESS3_rack02_alert,3,57,rack02動力線溫度上限保護,Boolean,1,protection,,PCS1
儲能櫃1_2,戶外,BESS3_rack02_alert,3,58,rack02組SOC上限保護,Boolean,1,protection,"BESS3_rack02_status,11,55",PCS1
儲能櫃1_2,戶外,BESS3_rack02_alert,3,59,rack02組SOC下限保護,Boolean,1,protection,"BESS3_rack02_status,11,55",PCS1
儲能櫃1_2,戶外,BESS3_rack02_alert,3,60,rack02正極絕緣電阻下限保護,Boolean,1,protection,"BESS3_rack02_status,11,61",PCS1
儲能櫃1_2,戶外,BESS3_rack02_alert,3,61,rack02負極絕緣電阻下限保護,Boolean,1,protection,"BESS3_rack02_status,11,63",PCS1
儲能櫃1_2,戶外,BESS3_rack02_alert,3,62,rack02箱壓差上限保護,Boolean,1,protection,,PCS1
儲能櫃1_2,戶外,BESS3_rack02_alert,3,63,rack02箱溫差上限保護,Boolean,1,protection,,PCS1
儲能櫃1_2,戶外,BESS3_rack02_alert,3,64,rack02電池溫度溫升過快,Boolean,1,warning,,
儲能櫃1_2,戶外,BESS3_rack02_alert,3,65,rack02動力線溫度溫升過快,Boolean,1,warning,,
儲能櫃1_2,戶外,BESS3_rack02_alert,3,66,rack02BMU通訊故障,Boolean,1,fault,,
儲能櫃1_2,戶外,BESS3_rack02_alert,3,67,rack02BCMU通訊故障,Boolean,1,fault,,
儲能櫃1_2,戶外,BESS3_rack02_alert,3,68,rack02單體電壓採集線故障,Boolean,1,fault,,
儲能櫃1_2,戶外,BESS3_rack02_alert,3,69,rack02總壓採集線故障,Boolean,1,fault,,
儲能櫃1_2,戶外,BESS3_rack02_alert,3,70,rack02電流採集線故障,Boolean,1,fault,,
儲能櫃1_2,戶外,BESS3_rack02_alert,3,71,rack02溫度採集斷線,Boolean,1,fault,,
儲能櫃1_2,戶外,BESS3_rack02_alert,3,72,rack02溫度採集短路,Boolean,1,fault,,
儲能櫃1_2,戶外,BESS3_rack02_alert,3,73,rack02BMS設備故障,Boolean,1,fault,,
儲能櫃1_2,戶外,BESS3_rack02_alert,3,74,rack02單體電壓無效,Boolean,1,fault,,
儲能櫃1_2,戶外,BESS3_rack02_alert,3,75,rack02單體溫度無效,Boolean,1,fault,,
儲能櫃1_2,戶外,BESS3_rack02_alert,3,76,rack02組端電壓無效,Boolean,1,protection,,PCS1
儲能櫃1_2,戶外,BESS3_rack02_alert,3,77,rack02組電流異常,Boolean,1,protection,,PCS1
儲能櫃1_2,戶外,BESS3_rack02_alert,3,78,rack02消防報警,Boolean,1,protection,,PCS1
儲能櫃1_2,戶外,BESS3_rack02_alert,3,79,rack02水浸報警,Boolean,1,protection,,PCS1
儲能櫃1_2,戶外,BESS3_rack03_alert,4,1,rack03組端電壓上限預警,Boolean,1,earlywarning,"BESS3_rack03_status,12,51",
儲能櫃1_2,戶外,BESS3_rack03_alert,4,2,rack03組端電壓下限預警,Boolean,1,earlywarning,"BESS3_rack03_status,12,51",
儲能櫃1_2,戶外,BESS3_rack03_alert,4,3,rack03充電電流上限預警,Boolean,1,earlywarning,"BESS3_rack03_status,12,53",
儲能櫃1_2,戶外,BESS3_rack03_alert,4,4,rack03放電電流上限預警,Boolean,1,earlywarning,"BESS3_rack03_status,12,53",
儲能櫃1_2,戶外,BESS3_rack03_alert,4,5,rack03單體電壓上限預警,Boolean,1,earlywarning,"BESS3_rack03_status,12,81",
儲能櫃1_2,戶外,BESS3_rack03_alert,4,6,rack03單體電壓下限預警,Boolean,1,earlywarning,"BESS3_rack03_status,12,83",
儲能櫃1_2,戶外,BESS3_rack03_alert,4,7,rack03充電溫度上限預警,Boolean,1,earlywarning,"BESS3_rack03_status,12,89",
儲能櫃1_2,戶外,BESS3_rack03_alert,4,8,rack03充電溫度下限預警,Boolean,1,earlywarning,"BESS3_rack03_status,12,91",
儲能櫃1_2,戶外,BESS3_rack03_alert,4,9,rack03放電溫度上限預警,Boolean,1,earlywarning,"BESS3_rack03_status,12,89",
儲能櫃1_2,戶外,BESS3_rack03_alert,4,10,rack03放電溫度下限預警,Boolean,1,earlywarning,"BESS3_rack03_status,12,91",
儲能櫃1_2,戶外,BESS3_rack03_alert,4,11,rack03單體溫度上限預警,Boolean,1,earlywarning,"BESS3_rack03_status,12,89",
儲能櫃1_2,戶外,BESS3_rack03_alert,4,12,rack03單體溫度下限預警,Boolean,1,earlywarning,"BESS3_rack03_status,12,91",
儲能櫃1_2,戶外,BESS3_rack03_alert,4,13,rack03環境溫度上限預警,Boolean,1,earlywarning,"BESS3_rack03_status,12,59",
儲能櫃1_2,戶外,BESS3_rack03_alert,4,14,rack03環境溫度下限預警,Boolean,1,earlywarning,"BESS3_rack03_status,12,59",
儲能櫃1_2,戶外,BESS3_rack03_alert,4,15,rack03動力線溫度上限預警,Boolean,1,earlywarning,,
儲能櫃1_2,戶外,BESS3_rack03_alert,4,16,rack03組SOC上限預警,Boolean,1,earlywarning,"BESS3_rack03_status,12,55",
儲能櫃1_2,戶外,BESS3_rack03_alert,4,17,rack03組SOC下限預警,Boolean,1,earlywarning,"BESS3_rack03_status,12,55",
儲能櫃1_2,戶外,BESS3_rack03_alert,4,18,rack03正極絕緣電阻下限預警,Boolean,1,earlywarning,"BESS3_rack03_status,12,61",
儲能櫃1_2,戶外,BESS3_rack03_alert,4,19,rack03負極絕緣電阻下限預警,Boolean,1,earlywarning,"BESS3_rack03_status,12,63",
儲能櫃1_2,戶外,BESS3_rack03_alert,4,20,rack03箱壓差上限預警,Boolean,1,earlywarning,,
儲能櫃1_2,戶外,BESS3_rack03_alert,4,21,rack03箱溫差上限預警,Boolean,1,earlywarning,,
儲能櫃1_2,戶外,BESS3_rack03_alert,4,22,rack03組端電壓上限告警,Boolean,1,warning,"BESS3_rack03_status,12,51",
儲能櫃1_2,戶外,BESS3_rack03_alert,4,23,rack03組端電壓下限告警,Boolean,1,warning,"BESS3_rack03_status,12,51",
儲能櫃1_2,戶外,BESS3_rack03_alert,4,24,rack03充電電流上限告警,Boolean,1,warning,"BESS3_rack03_status,12,53",
儲能櫃1_2,戶外,BESS3_rack03_alert,4,25,rack03放電電流上限告警,Boolean,1,warning,"BESS3_rack03_status,12,53",
儲能櫃1_2,戶外,BESS3_rack03_alert,4,26,rack03單體電壓上限告警,Boolean,1,warning,"BESS3_rack03_status,12,81",
儲能櫃1_2,戶外,BESS3_rack03_alert,4,27,rack03單體電壓下限告警,Boolean,1,warning,"BESS3_rack03_status,12,83",
儲能櫃1_2,戶外,BESS3_rack03_alert,4,28,rack03充電溫度上限告警,Boolean,1,warning,"BESS3_rack03_status,12,89",
儲能櫃1_2,戶外,BESS3_rack03_alert,4,29,rack03充電溫度下限告警,Boolean,1,warning,"BESS3_rack03_status,12,91",
儲能櫃1_2,戶外,BESS3_rack03_alert,4,30,rack03放電溫度上限告警,Boolean,1,warning,"BESS3_rack03_status,12,89",
儲能櫃1_2,戶外,BESS3_rack03_alert,4,31,rack03放電溫度下限告警,Boolean,1,warning,"BESS3_rack03_status,12,91",
儲能櫃1_2,戶外,BESS3_rack03_alert,4,32,rack03單體溫度上限告警,Boolean,1,warning,"BESS3_rack03_status,12,89",
儲能櫃1_2,戶外,BESS3_rack03_alert,4,33,rack03單體溫度下限告警,Boolean,1,warning,"BESS3_rack03_status,12,91",
儲能櫃1_2,戶外,BESS3_rack03_alert,4,34,rack03環境溫度上限告警,Boolean,1,warning,"BESS3_rack03_status,12,59",
儲能櫃1_2,戶外,BESS3_rack03_alert,4,35,rack03環境溫度下限告警,Boolean,1,warning,"BESS3_rack03_status,12,59",
儲能櫃1_2,戶外,BESS3_rack03_alert,4,36,rack03動力線溫度上限告警,Boolean,1,warning,,
儲能櫃1_2,戶外,BESS3_rack03_alert,4,37,rack03組SOC上限告警,Boolean,1,warning,"BESS3_rack03_status,12,55",
儲能櫃1_2,戶外,BESS3_rack03_alert,4,38,rack03組SOC下限告警,Boolean,1,warning,"BESS3_rack03_status,12,55",
儲能櫃1_2,戶外,BESS3_rack03_alert,4,39,rack03正極絕緣電阻下限告警,Boolean,1,warning,"BESS3_rack03_status,12,61",
儲能櫃1_2,戶外,BESS3_rack03_alert,4,40,rack03負極絕緣電阻下限告警,Boolean,1,warning,"BESS3_rack03_status,12,63",
儲能櫃1_2,戶外,BESS3_rack03_alert,4,41,rack03箱壓差上限告警,Boolean,1,warning,,
儲能櫃1_2,戶外,BESS3_rack03_alert,4,42,rack03箱溫差上限告警,Boolean,1,warning,,
儲能櫃1_2,戶外,BESS3_rack03_alert,4,43,rack03組端電壓上限保護,Boolean,1,protection,"BESS3_rack03_status,12,51",PCS1
儲能櫃1_2,戶外,BESS3_rack03_alert,4,44,rack03組端電壓下限保護,Boolean,1,protection,"BESS3_rack03_status,12,51",PCS1
儲能櫃1_2,戶外,BESS3_rack03_alert,4,45,rack03充電電流上限保護,Boolean,1,protection,"BESS3_rack03_status,12,53",PCS1
儲能櫃1_2,戶外,BESS3_rack03_alert,4,46,rack03放電電流上限保護,Boolean,1,protection,"BESS3_rack03_status,12,53",PCS1
儲能櫃1_2,戶外,BESS3_rack03_alert,4,47,rack03單體電壓上限保護,Boolean,1,protection,"BESS3_rack03_status,12,81",PCS1
儲能櫃1_2,戶外,BESS3_rack03_alert,4,48,rack03單體電壓下限保護,Boolean,1,protection,"BESS3_rack03_status,12,83",PCS1
儲能櫃1_2,戶外,BESS3_rack03_alert,4,49,rack03充電溫度上限保護,Boolean,1,protection,"BESS3_rack03_status,12,89",PCS1
儲能櫃1_2,戶外,BESS3_rack03_alert,4,50,rack03充電溫度下限保護,Boolean,1,protection,"BESS3_rack03_status,12,91",PCS1
儲能櫃1_2,戶外,BESS3_rack03_alert,4,51,rack03放電溫度上限保護,Boolean,1,protection,"BESS3_rack03_status,12,89",PCS1
儲能櫃1_2,戶外,BESS3_rack03_alert,4,52,rack03放電溫度下限保護,Boolean,1,protection,"BESS3_rack03_status,12,91",PCS1
儲能櫃1_2,戶外,BESS3_rack03_alert,4,53,rack03單體溫度上限保護,Boolean,1,protection,"BESS3_rack03_status,12,89",PCS1
儲能櫃1_2,戶外,BESS3_rack03_alert,4,54,rack03單體溫度下限保護,Boolean,1,protection,"BESS3_rack03_status,12,91",PCS1
儲能櫃1_2,戶外,BESS3_rack03_alert,4,55,rack03環境溫度上限保護,Boolean,1,protection,"BESS3_rack03_status,12,59",PCS1
儲能櫃1_2,戶外,BESS3_rack03_alert,4,56,rack03環境溫度下限保護,Boolean,1,protection,"BESS3_rack03_status,12,59",PCS1
儲能櫃1_2,戶外,BESS3_rack03_alert,4,57,rack03動力線溫度上限保護,Boolean,1,protection,,PCS1
儲能櫃1_2,戶外,BESS3_rack03_alert,4,58,rack03組SOC上限保護,Boolean,1,protection,"BESS3_rack03_status,12,55",PCS1
儲能櫃1_2,戶外,BESS3_rack03_alert,4,59,rack03組SOC下限保護,Boolean,1,protection,"BESS3_rack03_status,12,55",PCS1
儲能櫃1_2,戶外,BESS3_rack03_alert,4,60,rack03正極絕緣電阻下限保護,Boolean,1,protection,"BESS3_rack03_status,12,61",PCS1
儲能櫃1_2,戶外,BESS3_rack03_alert,4,61,rack03負極絕緣電阻下限保護,Boolean,1,protection,"BESS3_rack03_status,12,63",PCS1
儲能櫃1_2,戶外,BESS3_rack03_alert,4,62,rack03箱壓差上限保護,Boolean,1,protection,,PCS1
儲能櫃1_2,戶外,BESS3_rack03_alert,4,63,rack03箱溫差上限保護,Boolean,1,protection,,PCS1
儲能櫃1_2,戶外,BESS3_rack03_alert,4,64,rack03電池溫度溫升過快,Boolean,1,warning,,
儲能櫃1_2,戶外,BESS3_rack03_alert,4,65,rack03動力線溫度溫升過快,Boolean,1,warning,,
儲能櫃1_2,戶外,BESS3_rack03_alert,4,66,rack03BMU通訊故障,Boolean,1,fault,,
儲能櫃1_2,戶外,BESS3_rack03_alert,4,67,rack03BCMU通訊故障,Boolean,1,fault,,
儲能櫃1_2,戶外,BESS3_rack03_alert,4,68,rack03單體電壓採集線故障,Boolean,1,fault,,
儲能櫃1_2,戶外,BESS3_rack03_alert,4,69,rack03總壓採集線故障,Boolean,1,fault,,
儲能櫃1_2,戶外,BESS3_rack03_alert,4,70,rack03電流採集線故障,Boolean,1,fault,,
儲能櫃1_2,戶外,BESS3_rack03_alert,4,71,rack03溫度採集斷線,Boolean,1,fault,,
儲能櫃1_2,戶外,BESS3_rack03_alert,4,72,rack03溫度採集短路,Boolean,1,fault,,
儲能櫃1_2,戶外,BESS3_rack03_alert,4,73,rack03BMS設備故障,Boolean,1,fault,,
儲能櫃1_2,戶外,BESS3_rack03_alert,4,74,rack03單體電壓無效,Boolean,1,fault,,
儲能櫃1_2,戶外,BESS3_rack03_alert,4,75,rack03單體溫度無效,Boolean,1,fault,,
儲能櫃1_2,戶外,BESS3_rack03_alert,4,76,rack03組端電壓無效,Boolean,1,protection,,PCS1
儲能櫃1_2,戶外,BESS3_rack03_alert,4,77,rack03組電流異常,Boolean,1,protection,,PCS1
儲能櫃1_2,戶外,BESS3_rack03_alert,4,78,rack03消防報警,Boolean,1,protection,,PCS1
儲能櫃1_2,戶外,BESS3_rack03_alert,4,79,rack03水浸報警,Boolean,1,protection,,PCS1
儲能櫃1_2,戶外,BESS3_rack04_alert,5,1,rack04組端電壓上限預警,Boolean,1,earlywarning,"BESS3_rack04_status,13,51",
儲能櫃1_2,戶外,BESS3_rack04_alert,5,2,rack04組端電壓下限預警,Boolean,1,earlywarning,"BESS3_rack04_status,13,51",
儲能櫃1_2,戶外,BESS3_rack04_alert,5,3,rack04充電電流上限預警,Boolean,1,earlywarning,"BESS3_rack04_status,13,53",
儲能櫃1_2,戶外,BESS3_rack04_alert,5,4,rack04放電電流上限預警,Boolean,1,earlywarning,"BESS3_rack04_status,13,53",
儲能櫃1_2,戶外,BESS3_rack04_alert,5,5,rack04單體電壓上限預警,Boolean,1,earlywarning,"BESS3_rack04_status,13,81",
儲能櫃1_2,戶外,BESS3_rack04_alert,5,6,rack04單體電壓下限預警,Boolean,1,earlywarning,"BESS3_rack04_status,13,83",
儲能櫃1_2,戶外,BESS3_rack04_alert,5,7,rack04充電溫度上限預警,Boolean,1,earlywarning,"BESS3_rack04_status,13,89",
儲能櫃1_2,戶外,BESS3_rack04_alert,5,8,rack04充電溫度下限預警,Boolean,1,earlywarning,"BESS3_rack04_status,13,91",
儲能櫃1_2,戶外,BESS3_rack04_alert,5,9,rack04放電溫度上限預警,Boolean,1,earlywarning,"BESS3_rack04_status,13,89",
儲能櫃1_2,戶外,BESS3_rack04_alert,5,10,rack04放電溫度下限預警,Boolean,1,earlywarning,"BESS3_rack04_status,13,91",
儲能櫃1_2,戶外,BESS3_rack04_alert,5,11,rack04單體溫度上限預警,Boolean,1,earlywarning,"BESS3_rack04_status,13,89",
儲能櫃1_2,戶外,BESS3_rack04_alert,5,12,rack04單體溫度下限預警,Boolean,1,earlywarning,"BESS3_rack04_status,13,91",
儲能櫃1_2,戶外,BESS3_rack04_alert,5,13,rack04環境溫度上限預警,Boolean,1,earlywarning,"BESS3_rack04_status,13,59",
儲能櫃1_2,戶外,BESS3_rack04_alert,5,14,rack04環境溫度下限預警,Boolean,1,earlywarning,"BESS3_rack04_status,13,59",
儲能櫃1_2,戶外,BESS3_rack04_alert,5,15,rack04動力線溫度上限預警,Boolean,1,earlywarning,,
儲能櫃1_2,戶外,BESS3_rack04_alert,5,16,rack04組SOC上限預警,Boolean,1,earlywarning,"BESS3_rack04_status,13,55",
儲能櫃1_2,戶外,BESS3_rack04_alert,5,17,rack04組SOC下限預警,Boolean,1,earlywarning,"BESS3_rack04_status,13,55",
儲能櫃1_2,戶外,BESS3_rack04_alert,5,18,rack04正極絕緣電阻下限預警,Boolean,1,earlywarning,"BESS3_rack04_status,13,61",
儲能櫃1_2,戶外,BESS3_rack04_alert,5,19,rack04負極絕緣電阻下限預警,Boolean,1,earlywarning,"BESS3_rack04_status,13,63",
儲能櫃1_2,戶外,BESS3_rack04_alert,5,20,rack04箱壓差上限預警,Boolean,1,earlywarning,,
儲能櫃1_2,戶外,BESS3_rack04_alert,5,21,rack04箱溫差上限預警,Boolean,1,earlywarning,,
儲能櫃1_2,戶外,BESS3_rack04_alert,5,22,rack04組端電壓上限告警,Boolean,1,warning,"BESS3_rack04_status,13,51",
儲能櫃1_2,戶外,BESS3_rack04_alert,5,23,rack04組端電壓下限告警,Boolean,1,warning,"BESS3_rack04_status,13,51",
儲能櫃1_2,戶外,BESS3_rack04_alert,5,24,rack04充電電流上限告警,Boolean,1,warning,"BESS3_rack04_status,13,53",
儲能櫃1_2,戶外,BESS3_rack04_alert,5,25,rack04放電電流上限告警,Boolean,1,warning,"BESS3_rack04_status,13,53",
儲能櫃1_2,戶外,BESS3_rack04_alert,5,26,rack04單體電壓上限告警,Boolean,1,warning,"BESS3_rack04_status,13,81",
儲能櫃1_2,戶外,BESS3_rack04_alert,5,27,rack04單體電壓下限告警,Boolean,1,warning,"BESS3_rack04_status,13,83",
儲能櫃1_2,戶外,BESS3_rack04_alert,5,28,rack04充電溫度上限告警,Boolean,1,warning,"BESS3_rack04_status,13,89",
儲能櫃1_2,戶外,BESS3_rack04_alert,5,29,rack04充電溫度下限告警,Boolean,1,warning,"BESS3_rack04_status,13,91",
儲能櫃1_2,戶外,BESS3_rack04_alert,5,30,rack04放電溫度上限告警,Boolean,1,warning,"BESS3_rack04_status,13,89",
儲能櫃1_2,戶外,BESS3_rack04_alert,5,31,rack04放電溫度下限告警,Boolean,1,warning,"BESS3_rack04_status,13,91",
儲能櫃1_2,戶外,BESS3_rack04_alert,5,32,rack04單體溫度上限告警,Boolean,1,warning,"BESS3_rack04_status,13,89",
儲能櫃1_2,戶外,BESS3_rack04_alert,5,33,rack04單體溫度下限告警,Boolean,1,warning,"BESS3_rack04_status,13,91",
儲能櫃1_2,戶外,BESS3_rack04_alert,5,34,rack04環境溫度上限告警,Boolean,1,warning,"BESS3_rack04_status,13,59",
儲能櫃1_2,戶外,BESS3_rack04_alert,5,35,rack04環境溫度下限告警,Boolean,1,warning,"BESS3_rack04_status,13,59",
儲能櫃1_2,戶外,BESS3_rack04_alert,5,36,rack04動力線溫度上限告警,Boolean,1,warning,,
儲能櫃1_2,戶外,BESS3_rack04_alert,5,37,rack04組SOC上限告警,Boolean,1,warning,"BESS3_rack04_status,13,55",
儲能櫃1_2,戶外,BESS3_rack04_alert,5,38,rack04組SOC下限告警,Boolean,1,warning,"BESS3_rack04_status,13,55",
儲能櫃1_2,戶外,BESS3_rack04_alert,5,39,rack04正極絕緣電阻下限告警,Boolean,1,warning,"BESS3_rack04_status,13,61",
儲能櫃1_2,戶外,BESS3_rack04_alert,5,40,rack04負極絕緣電阻下限告警,Boolean,1,warning,"BESS3_rack04_status,13,63",
儲能櫃1_2,戶外,BESS3_rack04_alert,5,41,rack04箱壓差上限告警,Boolean,1,warning,,
儲能櫃1_2,戶外,BESS3_rack04_alert,5,42,rack04箱溫差上限告警,Boolean,1,warning,,
儲能櫃1_2,戶外,BESS3_rack04_alert,5,43,rack04組端電壓上限保護,Boolean,1,protection,"BESS3_rack04_status,13,51",PCS1
儲能櫃1_2,戶外,BESS3_rack04_alert,5,44,rack04組端電壓下限保護,Boolean,1,protection,"BESS3_rack04_status,13,51",PCS1
儲能櫃1_2,戶外,BESS3_rack04_alert,5,45,rack04充電電流上限保護,Boolean,1,protection,"BESS3_rack04_status,13,53",PCS1
儲能櫃1_2,戶外,BESS3_rack04_alert,5,46,rack04放電電流上限保護,Boolean,1,protection,"BESS3_rack04_status,13,53",PCS1
儲能櫃1_2,戶外,BESS3_rack04_alert,5,47,rack04單體電壓上限保護,Boolean,1,protection,"BESS3_rack04_status,13,81",PCS1
儲能櫃1_2,戶外,BESS3_rack04_alert,5,48,rack04單體電壓下限保護,Boolean,1,protection,"BESS3_rack04_status,13,83",PCS1
儲能櫃1_2,戶外,BESS3_rack04_alert,5,49,rack04充電溫度上限保護,Boolean,1,protection,"BESS3_rack04_status,13,89",PCS1
儲能櫃1_2,戶外,BESS3_rack04_alert,5,50,rack04充電溫度下限保護,Boolean,1,protection,"BESS3_rack04_status,13,91",PCS1
儲能櫃1_2,戶外,BESS3_rack04_alert,5,51,rack04放電溫度上限保護,Boolean,1,protection,"BESS3_rack04_status,13,89",PCS1
儲能櫃1_2,戶外,BESS3_rack04_alert,5,52,rack04放電溫度下限保護,Boolean,1,protection,"BESS3_rack04_status,13,91",PCS1
儲能櫃1_2,戶外,BESS3_rack04_alert,5,53,rack04單體溫度上限保護,Boolean,1,protection,"BESS3_rack04_status,13,89",PCS1
儲能櫃1_2,戶外,BESS3_rack04_alert,5,54,rack04單體溫度下限保護,Boolean,1,protection,"BESS3_rack04_status,13,91",PCS1
儲能櫃1_2,戶外,BESS3_rack04_alert,5,55,rack04環境溫度上限保護,Boolean,1,protection,"BESS3_rack04_status,13,59",PCS1
儲能櫃1_2,戶外,BESS3_rack04_alert,5,56,rack04環境溫度下限保護,Boolean,1,protection,"BESS3_rack04_status,13,59",PCS1
儲能櫃1_2,戶外,BESS3_rack04_alert,5,57,rack04動力線溫度上限保護,Boolean,1,protection,,PCS1
儲能櫃1_2,戶外,BESS3_rack04_alert,5,58,rack04組SOC上限保護,Boolean,1,protection,"BESS3_rack04_status,13,55",PCS1
儲能櫃1_2,戶外,BESS3_rack04_alert,5,59,rack04組SOC下限保護,Boolean,1,protection,"BESS3_rack04_status,13,55",PCS1
儲能櫃1_2,戶外,BESS3_rack04_alert,5,60,rack04正極絕緣電阻下限保護,Boolean,1,protection,"BESS3_rack04_status,13,61",PCS1
儲能櫃1_2,戶外,BESS3_rack04_alert,5,61,rack04負極絕緣電阻下限保護,Boolean,1,protection,"BESS3_rack04_status,13,63",PCS1
儲能櫃1_2,戶外,BESS3_rack04_alert,5,62,rack04箱壓差上限保護,Boolean,1,protection,,PCS1
儲能櫃1_2,戶外,BESS3_rack04_alert,5,63,rack04箱溫差上限保護,Boolean,1,protection,,PCS1
儲能櫃1_2,戶外,BESS3_rack04_alert,5,64,rack04電池溫度溫升過快,Boolean,1,warning,,
儲能櫃1_2,戶外,BESS3_rack04_alert,5,65,rack04動力線溫度溫升過快,Boolean,1,warning,,
儲能櫃1_2,戶外,BESS3_rack04_alert,5,66,rack04BMU通訊故障,Boolean,1,fault,,
儲能櫃1_2,戶外,BESS3_rack04_alert,5,67,rack04BCMU通訊故障,Boolean,1,fault,,
儲能櫃1_2,戶外,BESS3_rack04_alert,5,68,rack04單體電壓採集線故障,Boolean,1,fault,,
儲能櫃1_2,戶外,BESS3_rack04_alert,5,69,rack04總壓採集線故障,Boolean,1,fault,,
儲能櫃1_2,戶外,BESS3_rack04_alert,5,70,rack04電流採集線故障,Boolean,1,fault,,
儲能櫃1_2,戶外,BESS3_rack04_alert,5,71,rack04溫度採集斷線,Boolean,1,fault,,
儲能櫃1_2,戶外,BESS3_rack04_alert,5,72,rack04溫度採集短路,Boolean,1,fault,,
儲能櫃1_2,戶外,BESS3_rack04_alert,5,73,rack04BMS設備故障,Boolean,1,fault,,
儲能櫃1_2,戶外,BESS3_rack04_alert,5,74,rack04單體電壓無效,Boolean,1,fault,,
儲能櫃1_2,戶外,BESS3_rack04_alert,5,75,rack04單體溫度無效,Boolean,1,fault,,
儲能櫃1_2,戶外,BESS3_rack04_alert,5,76,rack04組端電壓無效,Boolean,1,protection,,PCS1
儲能櫃1_2,戶外,BESS3_rack04_alert,5,77,rack04組電流異常,Boolean,1,protection,,PCS1
儲能櫃1_2,戶外,BESS3_rack04_alert,5,78,rack04消防報警,Boolean,1,protection,,PCS1
儲能櫃1_2,戶外,BESS3_rack04_alert,5,79,rack04水浸報警,Boolean,1,protection,,PCS1
儲能櫃1_2,戶外,BESS3_rack05_alert,6,1,rack05組端電壓上限預警,Boolean,1,earlywarning,"BESS3_rack05_status,14,51",
儲能櫃1_2,戶外,BESS3_rack05_alert,6,2,rack05組端電壓下限預警,Boolean,1,earlywarning,"BESS3_rack05_status,14,51",
儲能櫃1_2,戶外,BESS3_rack05_alert,6,3,rack05充電電流上限預警,Boolean,1,earlywarning,"BESS3_rack05_status,14,53",
儲能櫃1_2,戶外,BESS3_rack05_alert,6,4,rack05放電電流上限預警,Boolean,1,earlywarning,"BESS3_rack05_status,14,53",
儲能櫃1_2,戶外,BESS3_rack05_alert,6,5,rack05單體電壓上限預警,Boolean,1,earlywarning,"BESS3_rack05_status,14,81",
儲能櫃1_2,戶外,BESS3_rack05_alert,6,6,rack05單體電壓下限預警,Boolean,1,earlywarning,"BESS3_rack05_status,14,83",
儲能櫃1_2,戶外,BESS3_rack05_alert,6,7,rack05充電溫度上限預警,Boolean,1,earlywarning,"BESS3_rack05_status,14,89",
儲能櫃1_2,戶外,BESS3_rack05_alert,6,8,rack05充電溫度下限預警,Boolean,1,earlywarning,"BESS3_rack05_status,14,91",
儲能櫃1_2,戶外,BESS3_rack05_alert,6,9,rack05放電溫度上限預警,Boolean,1,earlywarning,"BESS3_rack05_status,14,89",
儲能櫃1_2,戶外,BESS3_rack05_alert,6,10,rack05放電溫度下限預警,Boolean,1,earlywarning,"BESS3_rack05_status,14,91",
儲能櫃1_2,戶外,BESS3_rack05_alert,6,11,rack05單體溫度上限預警,Boolean,1,earlywarning,"BESS3_rack05_status,14,89",
儲能櫃1_2,戶外,BESS3_rack05_alert,6,12,rack05單體溫度下限預警,Boolean,1,earlywarning,"BESS3_rack05_status,14,91",
儲能櫃1_2,戶外,BESS3_rack05_alert,6,13,rack05環境溫度上限預警,Boolean,1,earlywarning,"BESS3_rack05_status,14,59",
儲能櫃1_2,戶外,BESS3_rack05_alert,6,14,rack05環境溫度下限預警,Boolean,1,earlywarning,"BESS3_rack05_status,14,59",
儲能櫃1_2,戶外,BESS3_rack05_alert,6,15,rack05動力線溫度上限預警,Boolean,1,earlywarning,,
儲能櫃1_2,戶外,BESS3_rack05_alert,6,16,rack05組SOC上限預警,Boolean,1,earlywarning,"BESS3_rack05_status,14,55",
儲能櫃1_2,戶外,BESS3_rack05_alert,6,17,rack05組SOC下限預警,Boolean,1,earlywarning,"BESS3_rack05_status,14,55",
儲能櫃1_2,戶外,BESS3_rack05_alert,6,18,rack05正極絕緣電阻下限預警,Boolean,1,earlywarning,"BESS3_rack05_status,14,61",
儲能櫃1_2,戶外,BESS3_rack05_alert,6,19,rack05負極絕緣電阻下限預警,Boolean,1,earlywarning,"BESS3_rack05_status,14,63",
儲能櫃1_2,戶外,BESS3_rack05_alert,6,20,rack05箱壓差上限預警,Boolean,1,earlywarning,,
儲能櫃1_2,戶外,BESS3_rack05_alert,6,21,rack05箱溫差上限預警,Boolean,1,earlywarning,,
儲能櫃1_2,戶外,BESS3_rack05_alert,6,22,rack05組端電壓上限告警,Boolean,1,warning,"BESS3_rack05_status,14,51",
儲能櫃1_2,戶外,BESS3_rack05_alert,6,23,rack05組端電壓下限告警,Boolean,1,warning,"BESS3_rack05_status,14,51",
儲能櫃1_2,戶外,BESS3_rack05_alert,6,24,rack05充電電流上限告警,Boolean,1,warning,"BESS3_rack05_status,14,53",
儲能櫃1_2,戶外,BESS3_rack05_alert,6,25,rack05放電電流上限告警,Boolean,1,warning,"BESS3_rack05_status,14,53",
儲能櫃1_2,戶外,BESS3_rack05_alert,6,26,rack05單體電壓上限告警,Boolean,1,warning,"BESS3_rack05_status,14,81",
儲能櫃1_2,戶外,BESS3_rack05_alert,6,27,rack05單體電壓下限告警,Boolean,1,warning,"BESS3_rack05_status,14,83",
儲能櫃1_2,戶外,BESS3_rack05_alert,6,28,rack05充電溫度上限告警,Boolean,1,warning,"BESS3_rack05_status,14,89",
儲能櫃1_2,戶外,BESS3_rack05_alert,6,29,rack05充電溫度下限告警,Boolean,1,warning,"BESS3_rack05_status,14,91",
儲能櫃1_2,戶外,BESS3_rack05_alert,6,30,rack05放電溫度上限告警,Boolean,1,warning,"BESS3_rack05_status,14,89",
儲能櫃1_2,戶外,BESS3_rack05_alert,6,31,rack05放電溫度下限告警,Boolean,1,warning,"BESS3_rack05_status,14,91",
儲能櫃1_2,戶外,BESS3_rack05_alert,6,32,rack05單體溫度上限告警,Boolean,1,warning,"BESS3_rack05_status,14,89",
儲能櫃1_2,戶外,BESS3_rack05_alert,6,33,rack05單體溫度下限告警,Boolean,1,warning,"BESS3_rack05_status,14,91",
儲能櫃1_2,戶外,BESS3_rack05_alert,6,34,rack05環境溫度上限告警,Boolean,1,warning,"BESS3_rack05_status,14,59",
儲能櫃1_2,戶外,BESS3_rack05_alert,6,35,rack05環境溫度下限告警,Boolean,1,warning,"BESS3_rack05_status,14,59",
儲能櫃1_2,戶外,BESS3_rack05_alert,6,36,rack05動力線溫度上限告警,Boolean,1,warning,,
儲能櫃1_2,戶外,BESS3_rack05_alert,6,37,rack05組SOC上限告警,Boolean,1,warning,"BESS3_rack05_status,14,55",
儲能櫃1_2,戶外,BESS3_rack05_alert,6,38,rack05組SOC下限告警,Boolean,1,warning,"BESS3_rack05_status,14,55",
儲能櫃1_2,戶外,BESS3_rack05_alert,6,39,rack05正極絕緣電阻下限告警,Boolean,1,warning,"BESS3_rack05_status,14,61",
儲能櫃1_2,戶外,BESS3_rack05_alert,6,40,rack05負極絕緣電阻下限告警,Boolean,1,warning,"BESS3_rack05_status,14,63",
儲能櫃1_2,戶外,BESS3_rack05_alert,6,41,rack05箱壓差上限告警,Boolean,1,warning,,
儲能櫃1_2,戶外,BESS3_rack05_alert,6,42,rack05箱溫差上限告警,Boolean,1,warning,,
儲能櫃1_2,戶外,BESS3_rack05_alert,6,43,rack05組端電壓上限保護,Boolean,1,protection,"BESS3_rack05_status,14,51",PCS1
儲能櫃1_2,戶外,BESS3_rack05_alert,6,44,rack05組端電壓下限保護,Boolean,1,protection,"BESS3_rack05_status,14,51",PCS1
儲能櫃1_2,戶外,BESS3_rack05_alert,6,45,rack05充電電流上限保護,Boolean,1,protection,"BESS3_rack05_status,14,53",PCS1
儲能櫃1_2,戶外,BESS3_rack05_alert,6,46,rack05放電電流上限保護,Boolean,1,protection,"BESS3_rack05_status,14,53",PCS1
儲能櫃1_2,戶外,BESS3_rack05_alert,6,47,rack05單體電壓上限保護,Boolean,1,protection,"BESS3_rack05_status,14,81",PCS1
儲能櫃1_2,戶外,BESS3_rack05_alert,6,48,rack05單體電壓下限保護,Boolean,1,protection,"BESS3_rack05_status,14,83",PCS1
儲能櫃1_2,戶外,BESS3_rack05_alert,6,49,rack05充電溫度上限保護,Boolean,1,protection,"BESS3_rack05_status,14,89",PCS1
儲能櫃1_2,戶外,BESS3_rack05_alert,6,50,rack05充電溫度下限保護,Boolean,1,protection,"BESS3_rack05_status,14,91",PCS1
儲能櫃1_2,戶外,BESS3_rack05_alert,6,51,rack05放電溫度上限保護,Boolean,1,protection,"BESS3_rack05_status,14,89",PCS1
儲能櫃1_2,戶外,BESS3_rack05_alert,6,52,rack05放電溫度下限保護,Boolean,1,protection,"BESS3_rack05_status,14,91",PCS1
儲能櫃1_2,戶外,BESS3_rack05_alert,6,53,rack05單體溫度上限保護,Boolean,1,protection,"BESS3_rack05_status,14,89",PCS1
儲能櫃1_2,戶外,BESS3_rack05_alert,6,54,rack05單體溫度下限保護,Boolean,1,protection,"BESS3_rack05_status,14,91",PCS1
儲能櫃1_2,戶外,BESS3_rack05_alert,6,55,rack05環境溫度上限保護,Boolean,1,protection,"BESS3_rack05_status,14,59",PCS1
儲能櫃1_2,戶外,BESS3_rack05_alert,6,56,rack05環境溫度下限保護,Boolean,1,protection,"BESS3_rack05_status,14,59",PCS1
儲能櫃1_2,戶外,BESS3_rack05_alert,6,57,rack05動力線溫度上限保護,Boolean,1,protection,,PCS1
儲能櫃1_2,戶外,BESS3_rack05_alert,6,58,rack05組SOC上限保護,Boolean,1,protection,"BESS3_rack05_status,14,55",PCS1
儲能櫃1_2,戶外,BESS3_rack05_alert,6,59,rack05組SOC下限保護,Boolean,1,protection,"BESS3_rack05_status,14,55",PCS1
儲能櫃1_2,戶外,BESS3_rack05_alert,6,60,rack05正極絕緣電阻下限保護,Boolean,1,protection,"BESS3_rack05_status,14,61",PCS1
儲能櫃1_2,戶外,BESS3_rack05_alert,6,61,rack05負極絕緣電阻下限保護,Boolean,1,protection,"BESS3_rack05_status,14,63",PCS1
儲能櫃1_2,戶外,BESS3_rack05_alert,6,62,rack05箱壓差上限保護,Boolean,1,protection,,PCS1
儲能櫃1_2,戶外,BESS3_rack05_alert,6,63,rack05箱溫差上限保護,Boolean,1,protection,,PCS1
儲能櫃1_2,戶外,BESS3_rack05_alert,6,64,rack05電池溫度溫升過快,Boolean,1,warning,,
儲能櫃1_2,戶外,BESS3_rack05_alert,6,65,rack05動力線溫度溫升過快,Boolean,1,warning,,
儲能櫃1_2,戶外,BESS3_rack05_alert,6,66,rack05BMU通訊故障,Boolean,1,fault,,
儲能櫃1_2,戶外,BESS3_rack05_alert,6,67,rack05BCMU通訊故障,Boolean,1,fault,,
儲能櫃1_2,戶外,BESS3_rack05_alert,6,68,rack05單體電壓採集線故障,Boolean,1,fault,,
儲能櫃1_2,戶外,BESS3_rack05_alert,6,69,rack05總壓採集線故障,Boolean,1,fault,,
儲能櫃1_2,戶外,BESS3_rack05_alert,6,70,rack05電流採集線故障,Boolean,1,fault,,
儲能櫃1_2,戶外,BESS3_rack05_alert,6,71,rack05溫度採集斷線,Boolean,1,fault,,
儲能櫃1_2,戶外,BESS3_rack05_alert,6,72,rack05溫度採集短路,Boolean,1,fault,,
儲能櫃1_2,戶外,BESS3_rack05_alert,6,73,rack05BMS設備故障,Boolean,1,fault,,
儲能櫃1_2,戶外,BESS3_rack05_alert,6,74,rack05單體電壓無效,Boolean,1,fault,,
儲能櫃1_2,戶外,BESS3_rack05_alert,6,75,rack05單體溫度無效,Boolean,1,fault,,
儲能櫃1_2,戶外,BESS3_rack05_alert,6,76,rack05組端電壓無效,Boolean,1,protection,,PCS1
儲能櫃1_2,戶外,BESS3_rack05_alert,6,77,rack05組電流異常,Boolean,1,protection,,PCS1
儲能櫃1_2,戶外,BESS3_rack05_alert,6,78,rack05消防報警,Boolean,1,protection,,PCS1
儲能櫃1_2,戶外,BESS3_rack05_alert,6,79,rack05水浸報警,Boolean,1,protection,,PCS1
儲能櫃1_2,戶外,BESS3_rack06_alert,7,1,rack06組端電壓上限預警,Boolean,1,earlywarning,"BESS3_rack06_status,15,51",
儲能櫃1_2,戶外,BESS3_rack06_alert,7,2,rack06組端電壓下限預警,Boolean,1,earlywarning,"BESS3_rack06_status,15,51",
儲能櫃1_2,戶外,BESS3_rack06_alert,7,3,rack06充電電流上限預警,Boolean,1,earlywarning,"BESS3_rack06_status,15,53",
儲能櫃1_2,戶外,BESS3_rack06_alert,7,4,rack06放電電流上限預警,Boolean,1,earlywarning,"BESS3_rack06_status,15,53",
儲能櫃1_2,戶外,BESS3_rack06_alert,7,5,rack06單體電壓上限預警,Boolean,1,earlywarning,"BESS3_rack06_status,15,81",
儲能櫃1_2,戶外,BESS3_rack06_alert,7,6,rack06單體電壓下限預警,Boolean,1,earlywarning,"BESS3_rack06_status,15,83",
儲能櫃1_2,戶外,BESS3_rack06_alert,7,7,rack06充電溫度上限預警,Boolean,1,earlywarning,"BESS3_rack06_status,15,89",
儲能櫃1_2,戶外,BESS3_rack06_alert,7,8,rack06充電溫度下限預警,Boolean,1,earlywarning,"BESS3_rack06_status,15,91",
儲能櫃1_2,戶外,BESS3_rack06_alert,7,9,rack06放電溫度上限預警,Boolean,1,earlywarning,"BESS3_rack06_status,15,89",
儲能櫃1_2,戶外,BESS3_rack06_alert,7,10,rack06放電溫度下限預警,Boolean,1,earlywarning,"BESS3_rack06_status,15,91",
儲能櫃1_2,戶外,BESS3_rack06_alert,7,11,rack06單體溫度上限預警,Boolean,1,earlywarning,"BESS3_rack06_status,15,89",
儲能櫃1_2,戶外,BESS3_rack06_alert,7,12,rack06單體溫度下限預警,Boolean,1,earlywarning,"BESS3_rack06_status,15,91",
儲能櫃1_2,戶外,BESS3_rack06_alert,7,13,rack06環境溫度上限預警,Boolean,1,earlywarning,"BESS3_rack06_status,15,59",
儲能櫃1_2,戶外,BESS3_rack06_alert,7,14,rack06環境溫度下限預警,Boolean,1,earlywarning,"BESS3_rack06_status,15,59",
儲能櫃1_2,戶外,BESS3_rack06_alert,7,15,rack06動力線溫度上限預警,Boolean,1,earlywarning,,
儲能櫃1_2,戶外,BESS3_rack06_alert,7,16,rack06組SOC上限預警,Boolean,1,earlywarning,"BESS3_rack06_status,15,55",
儲能櫃1_2,戶外,BESS3_rack06_alert,7,17,rack06組SOC下限預警,Boolean,1,earlywarning,"BESS3_rack06_status,15,55",
儲能櫃1_2,戶外,BESS3_rack06_alert,7,18,rack06正極絕緣電阻下限預警,Boolean,1,earlywarning,"BESS3_rack06_status,15,61",
儲能櫃1_2,戶外,BESS3_rack06_alert,7,19,rack06負極絕緣電阻下限預警,Boolean,1,earlywarning,"BESS3_rack06_status,15,63",
儲能櫃1_2,戶外,BESS3_rack06_alert,7,20,rack06箱壓差上限預警,Boolean,1,earlywarning,,
儲能櫃1_2,戶外,BESS3_rack06_alert,7,21,rack06箱溫差上限預警,Boolean,1,earlywarning,,
儲能櫃1_2,戶外,BESS3_rack06_alert,7,22,rack06組端電壓上限告警,Boolean,1,warning,"BESS3_rack06_status,15,51",
儲能櫃1_2,戶外,BESS3_rack06_alert,7,23,rack06組端電壓下限告警,Boolean,1,warning,"BESS3_rack06_status,15,51",
儲能櫃1_2,戶外,BESS3_rack06_alert,7,24,rack06充電電流上限告警,Boolean,1,warning,"BESS3_rack06_status,15,53",
儲能櫃1_2,戶外,BESS3_rack06_alert,7,25,rack06放電電流上限告警,Boolean,1,warning,"BESS3_rack06_status,15,53",
儲能櫃1_2,戶外,BESS3_rack06_alert,7,26,rack06單體電壓上限告警,Boolean,1,warning,"BESS3_rack06_status,15,81",
儲能櫃1_2,戶外,BESS3_rack06_alert,7,27,rack06單體電壓下限告警,Boolean,1,warning,"BESS3_rack06_status,15,83",
儲能櫃1_2,戶外,BESS3_rack06_alert,7,28,rack06充電溫度上限告警,Boolean,1,warning,"BESS3_rack06_status,15,89",
儲能櫃1_2,戶外,BESS3_rack06_alert,7,29,rack06充電溫度下限告警,Boolean,1,warning,"BESS3_rack06_status,15,91",
儲能櫃1_2,戶外,BESS3_rack06_alert,7,30,rack06放電溫度上限告警,Boolean,1,warning,"BESS3_rack06_status,15,89",
儲能櫃1_2,戶外,BESS3_rack06_alert,7,31,rack06放電溫度下限告警,Boolean,1,warning,"BESS3_rack06_status,15,91",
儲能櫃1_2,戶外,BESS3_rack06_alert,7,32,rack06單體溫度上限告警,Boolean,1,warning,"BESS3_rack06_status,15,89",
儲能櫃1_2,戶外,BESS3_rack06_alert,7,33,rack06單體溫度下限告警,Boolean,1,warning,"BESS3_rack06_status,15,91",
儲能櫃1_2,戶外,BESS3_rack06_alert,7,34,rack06環境溫度上限告警,Boolean,1,warning,"BESS3_rack06_status,15,59",
儲能櫃1_2,戶外,BESS3_rack06_alert,7,35,rack06環境溫度下限告警,Boolean,1,warning,"BESS3_rack06_status,15,59",
儲能櫃1_2,戶外,BESS3_rack06_alert,7,36,rack06動力線溫度上限告警,Boolean,1,warning,,
儲能櫃1_2,戶外,BESS3_rack06_alert,7,37,rack06組SOC上限告警,Boolean,1,warning,"BESS3_rack06_status,15,55",
儲能櫃1_2,戶外,BESS3_rack06_alert,7,38,rack06組SOC下限告警,Boolean,1,warning,"BESS3_rack06_status,15,55",
儲能櫃1_2,戶外,BESS3_rack06_alert,7,39,rack06正極絕緣電阻下限告警,Boolean,1,warning,"BESS3_rack06_status,15,61",
儲能櫃1_2,戶外,BESS3_rack06_alert,7,40,rack06負極絕緣電阻下限告警,Boolean,1,warning,"BESS3_rack06_status,15,63",
儲能櫃1_2,戶外,BESS3_rack06_alert,7,41,rack06箱壓差上限告警,Boolean,1,warning,,
儲能櫃1_2,戶外,BESS3_rack06_alert,7,42,rack06箱溫差上限告警,Boolean,1,warning,,
儲能櫃1_2,戶外,BESS3_rack06_alert,7,43,rack06組端電壓上限保護,Boolean,1,protection,"BESS3_rack06_status,15,51",PCS1
儲能櫃1_2,戶外,BESS3_rack06_alert,7,44,rack06組端電壓下限保護,Boolean,1,protection,"BESS3_rack06_status,15,51",PCS1
儲能櫃1_2,戶外,BESS3_rack06_alert,7,45,rack06充電電流上限保護,Boolean,1,protection,"BESS3_rack06_status,15,53",PCS1
儲能櫃1_2,戶外,BESS3_rack06_alert,7,46,rack06放電電流上限保護,Boolean,1,protection,"BESS3_rack06_status,15,53",PCS1
儲能櫃1_2,戶外,BESS3_rack06_alert,7,47,rack06單體電壓上限保護,Boolean,1,protection,"BESS3_rack06_status,15,81",PCS1
儲能櫃1_2,戶外,BESS3_rack06_alert,7,48,rack06單體電壓下限保護,Boolean,1,protection,"BESS3_rack06_status,15,83",PCS1
儲能櫃1_2,戶外,BESS3_rack06_alert,7,49,rack06充電溫度上限保護,Boolean,1,protection,"BESS3_rack06_status,15,89",PCS1
儲能櫃1_2,戶外,BESS3_rack06_alert,7,50,rack06充電溫度下限保護,Boolean,1,protection,"BESS3_rack06_status,15,91",PCS1
儲能櫃1_2,戶外,BESS3_rack06_alert,7,51,rack06放電溫度上限保護,Boolean,1,protection,"BESS3_rack06_status,15,89",PCS1
儲能櫃1_2,戶外,BESS3_rack06_alert,7,52,rack06放電溫度下限保護,Boolean,1,protection,"BESS3_rack06_status,15,91",PCS1
儲能櫃1_2,戶外,BESS3_rack06_alert,7,53,rack06單體溫度上限保護,Boolean,1,protection,"BESS3_rack06_status,15,89",PCS1
儲能櫃1_2,戶外,BESS3_rack06_alert,7,54,rack06單體溫度下限保護,Boolean,1,protection,"BESS3_rack06_status,15,91",PCS1
儲能櫃1_2,戶外,BESS3_rack06_alert,7,55,rack06環境溫度上限保護,Boolean,1,protection,"BESS3_rack06_status,15,59",PCS1
儲能櫃1_2,戶外,BESS3_rack06_alert,7,56,rack06環境溫度下限保護,Boolean,1,protection,"BESS3_rack06_status,15,59",PCS1
儲能櫃1_2,戶外,BESS3_rack06_alert,7,57,rack06動力線溫度上限保護,Boolean,1,protection,,PCS1
儲能櫃1_2,戶外,BESS3_rack06_alert,7,58,rack06組SOC上限保護,Boolean,1,protection,"BESS3_rack06_status,15,55",PCS1
儲能櫃1_2,戶外,BESS3_rack06_alert,7,59,rack06組SOC下限保護,Boolean,1,protection,"BESS3_rack06_status,15,55",PCS1
儲能櫃1_2,戶外,BESS3_rack06_alert,7,60,rack06正極絕緣電阻下限保護,Boolean,1,protection,"BESS3_rack06_status,15,61",PCS1
儲能櫃1_2,戶外,BESS3_rack06_alert,7,61,rack06負極絕緣電阻下限保護,Boolean,1,protection,"BESS3_rack06_status,15,63",PCS1
儲能櫃1_2,戶外,BESS3_rack06_alert,7,62,rack06箱壓差上限保護,Boolean,1,protection,,PCS1
儲能櫃1_2,戶外,BESS3_rack06_alert,7,63,rack06箱溫差上限保護,Boolean,1,protection,,PCS1
儲能櫃1_2,戶外,BESS3_rack06_alert,7,64,rack06電池溫度溫升過快,Boolean,1,warning,,
儲能櫃1_2,戶外,BESS3_rack06_alert,7,65,rack06動力線溫度溫升過快,Boolean,1,warning,,
儲能櫃1_2,戶外,BESS3_rack06_alert,7,66,rack06BMU通訊故障,Boolean,1,fault,,
儲能櫃1_2,戶外,BESS3_rack06_alert,7,67,rack06BCMU通訊故障,Boolean,1,fault,,
儲能櫃1_2,戶外,BESS3_rack06_alert,7,68,rack06單體電壓採集線故障,Boolean,1,fault,,
儲能櫃1_2,戶外,BESS3_rack06_alert,7,69,rack06總壓採集線故障,Boolean,1,fault,,
儲能櫃1_2,戶外,BESS3_rack06_alert,7,70,rack06電流採集線故障,Boolean,1,fault,,
儲能櫃1_2,戶外,BESS3_rack06_alert,7,71,rack06溫度採集斷線,Boolean,1,fault,,
儲能櫃1_2,戶外,BESS3_rack06_alert,7,72,rack06溫度採集短路,Boolean,1,fault,,
儲能櫃1_2,戶外,BESS3_rack06_alert,7,73,rack06BMS設備故障,Boolean,1,fault,,
儲能櫃1_2,戶外,BESS3_rack06_alert,7,74,rack06單體電壓無效,Boolean,1,fault,,
儲能櫃1_2,戶外,BESS3_rack06_alert,7,75,rack06單體溫度無效,Boolean,1,fault,,
儲能櫃1_2,戶外,BESS3_rack06_alert,7,76,rack06組端電壓無效,Boolean,1,protection,,PCS1
儲能櫃1_2,戶外,BESS3_rack06_alert,7,77,rack06組電流異常,Boolean,1,protection,,PCS1
儲能櫃1_2,戶外,BESS3_rack06_alert,7,78,rack06消防報警,Boolean,1,protection,,PCS1
儲能櫃1_2,戶外,BESS3_rack06_alert,7,79,rack06水浸報警,Boolean,1,protection,,PCS1
儲能櫃1_2,戶外,BESS3_rack07_alert,8,1,rack07組端電壓上限預警,Boolean,1,earlywarning,"BESS3_rack07_status,16,51",
儲能櫃1_2,戶外,BESS3_rack07_alert,8,2,rack07組端電壓下限預警,Boolean,1,earlywarning,"BESS3_rack07_status,16,51",
儲能櫃1_2,戶外,BESS3_rack07_alert,8,3,rack07充電電流上限預警,Boolean,1,earlywarning,"BESS3_rack07_status,16,53",
儲能櫃1_2,戶外,BESS3_rack07_alert,8,4,rack07放電電流上限預警,Boolean,1,earlywarning,"BESS3_rack07_status,16,53",
儲能櫃1_2,戶外,BESS3_rack07_alert,8,5,rack07單體電壓上限預警,Boolean,1,earlywarning,"BESS3_rack07_status,16,81",
儲能櫃1_2,戶外,BESS3_rack07_alert,8,6,rack07單體電壓下限預警,Boolean,1,earlywarning,"BESS3_rack07_status,16,83",
儲能櫃1_2,戶外,BESS3_rack07_alert,8,7,rack07充電溫度上限預警,Boolean,1,earlywarning,"BESS3_rack07_status,16,89",
儲能櫃1_2,戶外,BESS3_rack07_alert,8,8,rack07充電溫度下限預警,Boolean,1,earlywarning,"BESS3_rack07_status,16,91",
儲能櫃1_2,戶外,BESS3_rack07_alert,8,9,rack07放電溫度上限預警,Boolean,1,earlywarning,"BESS3_rack07_status,16,89",
儲能櫃1_2,戶外,BESS3_rack07_alert,8,10,rack07放電溫度下限預警,Boolean,1,earlywarning,"BESS3_rack07_status,16,91",
儲能櫃1_2,戶外,BESS3_rack07_alert,8,11,rack07單體溫度上限預警,Boolean,1,earlywarning,"BESS3_rack07_status,16,89",
儲能櫃1_2,戶外,BESS3_rack07_alert,8,12,rack07單體溫度下限預警,Boolean,1,earlywarning,"BESS3_rack07_status,16,91",
儲能櫃1_2,戶外,BESS3_rack07_alert,8,13,rack07環境溫度上限預警,Boolean,1,earlywarning,"BESS3_rack07_status,16,59",
儲能櫃1_2,戶外,BESS3_rack07_alert,8,14,rack07環境溫度下限預警,Boolean,1,earlywarning,"BESS3_rack07_status,16,59",
儲能櫃1_2,戶外,BESS3_rack07_alert,8,15,rack07動力線溫度上限預警,Boolean,1,earlywarning,,
儲能櫃1_2,戶外,BESS3_rack07_alert,8,16,rack07組SOC上限預警,Boolean,1,earlywarning,"BESS3_rack07_status,16,55",
儲能櫃1_2,戶外,BESS3_rack07_alert,8,17,rack07組SOC下限預警,Boolean,1,earlywarning,"BESS3_rack07_status,16,55",
儲能櫃1_2,戶外,BESS3_rack07_alert,8,18,rack07正極絕緣電阻下限預警,Boolean,1,earlywarning,"BESS3_rack07_status,16,61",
儲能櫃1_2,戶外,BESS3_rack07_alert,8,19,rack07負極絕緣電阻下限預警,Boolean,1,earlywarning,"BESS3_rack07_status,16,63",
儲能櫃1_2,戶外,BESS3_rack07_alert,8,20,rack07箱壓差上限預警,Boolean,1,earlywarning,,
儲能櫃1_2,戶外,BESS3_rack07_alert,8,21,rack07箱溫差上限預警,Boolean,1,earlywarning,,
儲能櫃1_2,戶外,BESS3_rack07_alert,8,22,rack07組端電壓上限告警,Boolean,1,warning,"BESS3_rack07_status,16,51",
儲能櫃1_2,戶外,BESS3_rack07_alert,8,23,rack07組端電壓下限告警,Boolean,1,warning,"BESS3_rack07_status,16,51",
儲能櫃1_2,戶外,BESS3_rack07_alert,8,24,rack07充電電流上限告警,Boolean,1,warning,"BESS3_rack07_status,16,53",
儲能櫃1_2,戶外,BESS3_rack07_alert,8,25,rack07放電電流上限告警,Boolean,1,warning,"BESS3_rack07_status,16,53",
儲能櫃1_2,戶外,BESS3_rack07_alert,8,26,rack07單體電壓上限告警,Boolean,1,warning,"BESS3_rack07_status,16,81",
儲能櫃1_2,戶外,BESS3_rack07_alert,8,27,rack07單體電壓下限告警,Boolean,1,warning,"BESS3_rack07_status,16,83",
儲能櫃1_2,戶外,BESS3_rack07_alert,8,28,rack07充電溫度上限告警,Boolean,1,warning,"BESS3_rack07_status,16,89",
儲能櫃1_2,戶外,BESS3_rack07_alert,8,29,rack07充電溫度下限告警,Boolean,1,warning,"BESS3_rack07_status,16,91",
儲能櫃1_2,戶外,BESS3_rack07_alert,8,30,rack07放電溫度上限告警,Boolean,1,warning,"BESS3_rack07_status,16,89",
儲能櫃1_2,戶外,BESS3_rack07_alert,8,31,rack07放電溫度下限告警,Boolean,1,warning,"BESS3_rack07_status,16,91",
儲能櫃1_2,戶外,BESS3_rack07_alert,8,32,rack07單體溫度上限告警,Boolean,1,warning,"BESS3_rack07_status,16,89",
儲能櫃1_2,戶外,BESS3_rack07_alert,8,33,rack07單體溫度下限告警,Boolean,1,warning,"BESS3_rack07_status,16,91",
儲能櫃1_2,戶外,BESS3_rack07_alert,8,34,rack07環境溫度上限告警,Boolean,1,warning,"BESS3_rack07_status,16,59",
儲能櫃1_2,戶外,BESS3_rack07_alert,8,35,rack07環境溫度下限告警,Boolean,1,warning,"BESS3_rack07_status,16,59",
儲能櫃1_2,戶外,BESS3_rack07_alert,8,36,rack07動力線溫度上限告警,Boolean,1,warning,,
儲能櫃1_2,戶外,BESS3_rack07_alert,8,37,rack07組SOC上限告警,Boolean,1,warning,"BESS3_rack07_status,16,55",
儲能櫃1_2,戶外,BESS3_rack07_alert,8,38,rack07組SOC下限告警,Boolean,1,warning,"BESS3_rack07_status,16,55",
儲能櫃1_2,戶外,BESS3_rack07_alert,8,39,rack07正極絕緣電阻下限告警,Boolean,1,warning,"BESS3_rack07_status,16,61",
儲能櫃1_2,戶外,BESS3_rack07_alert,8,40,rack07負極絕緣電阻下限告警,Boolean,1,warning,"BESS3_rack07_status,16,63",
儲能櫃1_2,戶外,BESS3_rack07_alert,8,41,rack07箱壓差上限告警,Boolean,1,warning,,
儲能櫃1_2,戶外,BESS3_rack07_alert,8,42,rack07箱溫差上限告警,Boolean,1,warning,,
儲能櫃1_2,戶外,BESS3_rack07_alert,8,43,rack07組端電壓上限保護,Boolean,1,protection,"BESS3_rack07_status,16,51",PCS1
儲能櫃1_2,戶外,BESS3_rack07_alert,8,44,rack07組端電壓下限保護,Boolean,1,protection,"BESS3_rack07_status,16,51",PCS1
儲能櫃1_2,戶外,BESS3_rack07_alert,8,45,rack07充電電流上限保護,Boolean,1,protection,"BESS3_rack07_status,16,53",PCS1
儲能櫃1_2,戶外,BESS3_rack07_alert,8,46,rack07放電電流上限保護,Boolean,1,protection,"BESS3_rack07_status,16,53",PCS1
儲能櫃1_2,戶外,BESS3_rack07_alert,8,47,rack07單體電壓上限保護,Boolean,1,protection,"BESS3_rack07_status,16,81",PCS1
儲能櫃1_2,戶外,BESS3_rack07_alert,8,48,rack07單體電壓下限保護,Boolean,1,protection,"BESS3_rack07_status,16,83",PCS1
儲能櫃1_2,戶外,BESS3_rack07_alert,8,49,rack07充電溫度上限保護,Boolean,1,protection,"BESS3_rack07_status,16,89",PCS1
儲能櫃1_2,戶外,BESS3_rack07_alert,8,50,rack07充電溫度下限保護,Boolean,1,protection,"BESS3_rack07_status,16,91",PCS1
儲能櫃1_2,戶外,BESS3_rack07_alert,8,51,rack07放電溫度上限保護,Boolean,1,protection,"BESS3_rack07_status,16,89",PCS1
儲能櫃1_2,戶外,BESS3_rack07_alert,8,52,rack07放電溫度下限保護,Boolean,1,protection,"BESS3_rack07_status,16,91",PCS1
儲能櫃1_2,戶外,BESS3_rack07_alert,8,53,rack07單體溫度上限保護,Boolean,1,protection,"BESS3_rack07_status,16,89",PCS1
儲能櫃1_2,戶外,BESS3_rack07_alert,8,54,rack07單體溫度下限保護,Boolean,1,protection,"BESS3_rack07_status,16,91",PCS1
儲能櫃1_2,戶外,BESS3_rack07_alert,8,55,rack07環境溫度上限保護,Boolean,1,protection,"BESS3_rack07_status,16,59",PCS1
儲能櫃1_2,戶外,BESS3_rack07_alert,8,56,rack07環境溫度下限保護,Boolean,1,protection,"BESS3_rack07_status,16,59",PCS1
儲能櫃1_2,戶外,BESS3_rack07_alert,8,57,rack07動力線溫度上限保護,Boolean,1,protection,,PCS1
儲能櫃1_2,戶外,BESS3_rack07_alert,8,58,rack07組SOC上限保護,Boolean,1,protection,"BESS3_rack07_status,16,55",PCS1
儲能櫃1_2,戶外,BESS3_rack07_alert,8,59,rack07組SOC下限保護,Boolean,1,protection,"BESS3_rack07_status,16,55",PCS1
儲能櫃1_2,戶外,BESS3_rack07_alert,8,60,rack07正極絕緣電阻下限保護,Boolean,1,protection,"BESS3_rack07_status,16,61",PCS1
儲能櫃1_2,戶外,BESS3_rack07_alert,8,61,rack07負極絕緣電阻下限保護,Boolean,1,protection,"BESS3_rack07_status,16,63",PCS1
儲能櫃1_2,戶外,BESS3_rack07_alert,8,62,rack07箱壓差上限保護,Boolean,1,protection,,PCS1
儲能櫃1_2,戶外,BESS3_rack07_alert,8,63,rack07箱溫差上限保護,Boolean,1,protection,,PCS1
儲能櫃1_2,戶外,BESS3_rack07_alert,8,64,rack07電池溫度溫升過快,Boolean,1,warning,,
儲能櫃1_2,戶外,BESS3_rack07_alert,8,65,rack07動力線溫度溫升過快,Boolean,1,warning,,
儲能櫃1_2,戶外,BESS3_rack07_alert,8,66,rack07BMU通訊故障,Boolean,1,fault,,
儲能櫃1_2,戶外,BESS3_rack07_alert,8,67,rack07BCMU通訊故障,Boolean,1,fault,,
儲能櫃1_2,戶外,BESS3_rack07_alert,8,68,rack07單體電壓採集線故障,Boolean,1,fault,,
儲能櫃1_2,戶外,BESS3_rack07_alert,8,69,rack07總壓採集線故障,Boolean,1,fault,,
儲能櫃1_2,戶外,BESS3_rack07_alert,8,70,rack07電流採集線故障,Boolean,1,fault,,
儲能櫃1_2,戶外,BESS3_rack07_alert,8,71,rack07溫度採集斷線,Boolean,1,fault,,
儲能櫃1_2,戶外,BESS3_rack07_alert,8,72,rack07溫度採集短路,Boolean,1,fault,,
儲能櫃1_2,戶外,BESS3_rack07_alert,8,73,rack07BMS設備故障,Boolean,1,fault,,
儲能櫃1_2,戶外,BESS3_rack07_alert,8,74,rack07單體電壓無效,Boolean,1,fault,,
儲能櫃1_2,戶外,BESS3_rack07_alert,8,75,rack07單體溫度無效,Boolean,1,fault,,
儲能櫃1_2,戶外,BESS3_rack07_alert,8,76,rack07組端電壓無效,Boolean,1,protection,,PCS1
儲能櫃1_2,戶外,BESS3_rack07_alert,8,77,rack07組電流異常,Boolean,1,protection,,PCS1
儲能櫃1_2,戶外,BESS3_rack07_alert,8,78,rack07消防報警,Boolean,1,protection,,PCS1
儲能櫃1_2,戶外,BESS3_rack07_alert,8,79,rack07水浸報警,Boolean,1,protection,,PCS1
儲能櫃1_2,戶外,BESS3_rack08_alert,9,1,rack08組端電壓上限預警,Boolean,1,earlywarning,"BESS3_rack08_status,17,51",
儲能櫃1_2,戶外,BESS3_rack08_alert,9,2,rack08組端電壓下限預警,Boolean,1,earlywarning,"BESS3_rack08_status,17,51",
儲能櫃1_2,戶外,BESS3_rack08_alert,9,3,rack08充電電流上限預警,Boolean,1,earlywarning,"BESS3_rack08_status,17,53",
儲能櫃1_2,戶外,BESS3_rack08_alert,9,4,rack08放電電流上限預警,Boolean,1,earlywarning,"BESS3_rack08_status,17,53",
儲能櫃1_2,戶外,BESS3_rack08_alert,9,5,rack08單體電壓上限預警,Boolean,1,earlywarning,"BESS3_rack08_status,17,81",
儲能櫃1_2,戶外,BESS3_rack08_alert,9,6,rack08單體電壓下限預警,Boolean,1,earlywarning,"BESS3_rack08_status,17,83",
儲能櫃1_2,戶外,BESS3_rack08_alert,9,7,rack08充電溫度上限預警,Boolean,1,earlywarning,"BESS3_rack08_status,17,89",
儲能櫃1_2,戶外,BESS3_rack08_alert,9,8,rack08充電溫度下限預警,Boolean,1,earlywarning,"BESS3_rack08_status,17,91",
儲能櫃1_2,戶外,BESS3_rack08_alert,9,9,rack08放電溫度上限預警,Boolean,1,earlywarning,"BESS3_rack08_status,17,89",
儲能櫃1_2,戶外,BESS3_rack08_alert,9,10,rack08放電溫度下限預警,Boolean,1,earlywarning,"BESS3_rack08_status,17,91",
儲能櫃1_2,戶外,BESS3_rack08_alert,9,11,rack08單體溫度上限預警,Boolean,1,earlywarning,"BESS3_rack08_status,17,89",
儲能櫃1_2,戶外,BESS3_rack08_alert,9,12,rack08單體溫度下限預警,Boolean,1,earlywarning,"BESS3_rack08_status,17,91",
儲能櫃1_2,戶外,BESS3_rack08_alert,9,13,rack08環境溫度上限預警,Boolean,1,earlywarning,"BESS3_rack08_status,17,59",
儲能櫃1_2,戶外,BESS3_rack08_alert,9,14,rack08環境溫度下限預警,Boolean,1,earlywarning,"BESS3_rack08_status,17,59",
儲能櫃1_2,戶外,BESS3_rack08_alert,9,15,rack08動力線溫度上限預警,Boolean,1,earlywarning,,
儲能櫃1_2,戶外,BESS3_rack08_alert,9,16,rack08組SOC上限預警,Boolean,1,earlywarning,"BESS3_rack08_status,17,55",
儲能櫃1_2,戶外,BESS3_rack08_alert,9,17,rack08組SOC下限預警,Boolean,1,earlywarning,"BESS3_rack08_status,17,55",
儲能櫃1_2,戶外,BESS3_rack08_alert,9,18,rack08正極絕緣電阻下限預警,Boolean,1,earlywarning,"BESS3_rack08_status,17,61",
儲能櫃1_2,戶外,BESS3_rack08_alert,9,19,rack08負極絕緣電阻下限預警,Boolean,1,earlywarning,"BESS3_rack08_status,17,63",
儲能櫃1_2,戶外,BESS3_rack08_alert,9,20,rack08箱壓差上限預警,Boolean,1,earlywarning,,
儲能櫃1_2,戶外,BESS3_rack08_alert,9,21,rack08箱溫差上限預警,Boolean,1,earlywarning,,
儲能櫃1_2,戶外,BESS3_rack08_alert,9,22,rack08組端電壓上限告警,Boolean,1,warning,"BESS3_rack08_status,17,51",
儲能櫃1_2,戶外,BESS3_rack08_alert,9,23,rack08組端電壓下限告警,Boolean,1,warning,"BESS3_rack08_status,17,51",
儲能櫃1_2,戶外,BESS3_rack08_alert,9,24,rack08充電電流上限告警,Boolean,1,warning,"BESS3_rack08_status,17,53",
儲能櫃1_2,戶外,BESS3_rack08_alert,9,25,rack08放電電流上限告警,Boolean,1,warning,"BESS3_rack08_status,17,53",
儲能櫃1_2,戶外,BESS3_rack08_alert,9,26,rack08單體電壓上限告警,Boolean,1,warning,"BESS3_rack08_status,17,81",
儲能櫃1_2,戶外,BESS3_rack08_alert,9,27,rack08單體電壓下限告警,Boolean,1,warning,"BESS3_rack08_status,17,83",
儲能櫃1_2,戶外,BESS3_rack08_alert,9,28,rack08充電溫度上限告警,Boolean,1,warning,"BESS3_rack08_status,17,89",
儲能櫃1_2,戶外,BESS3_rack08_alert,9,29,rack08充電溫度下限告警,Boolean,1,warning,"BESS3_rack08_status,17,91",
儲能櫃1_2,戶外,BESS3_rack08_alert,9,30,rack08放電溫度上限告警,Boolean,1,warning,"BESS3_rack08_status,17,89",
儲能櫃1_2,戶外,BESS3_rack08_alert,9,31,rack08放電溫度下限告警,Boolean,1,warning,"BESS3_rack08_status,17,91",
儲能櫃1_2,戶外,BESS3_rack08_alert,9,32,rack08單體溫度上限告警,Boolean,1,warning,"BESS3_rack08_status,17,89",
儲能櫃1_2,戶外,BESS3_rack08_alert,9,33,rack08單體溫度下限告警,Boolean,1,warning,"BESS3_rack08_status,17,91",
儲能櫃1_2,戶外,BESS3_rack08_alert,9,34,rack08環境溫度上限告警,Boolean,1,warning,"BESS3_rack08_status,17,59",
儲能櫃1_2,戶外,BESS3_rack08_alert,9,35,rack08環境溫度下限告警,Boolean,1,warning,"BESS3_rack08_status,17,59",
儲能櫃1_2,戶外,BESS3_rack08_alert,9,36,rack08動力線溫度上限告警,Boolean,1,warning,,
儲能櫃1_2,戶外,BESS3_rack08_alert,9,37,rack08組SOC上限告警,Boolean,1,warning,"BESS3_rack08_status,17,55",
儲能櫃1_2,戶外,BESS3_rack08_alert,9,38,rack08組SOC下限告警,Boolean,1,warning,"BESS3_rack08_status,17,55",
儲能櫃1_2,戶外,BESS3_rack08_alert,9,39,rack08正極絕緣電阻下限告警,Boolean,1,warning,"BESS3_rack08_status,17,61",
儲能櫃1_2,戶外,BESS3_rack08_alert,9,40,rack08負極絕緣電阻下限告警,Boolean,1,warning,"BESS3_rack08_status,17,63",
儲能櫃1_2,戶外,BESS3_rack08_alert,9,41,rack08箱壓差上限告警,Boolean,1,warning,,
儲能櫃1_2,戶外,BESS3_rack08_alert,9,42,rack08箱溫差上限告警,Boolean,1,warning,,
儲能櫃1_2,戶外,BESS3_rack08_alert,9,43,rack08組端電壓上限保護,Boolean,1,protection,"BESS3_rack08_status,17,51",PCS1
儲能櫃1_2,戶外,BESS3_rack08_alert,9,44,rack08組端電壓下限保護,Boolean,1,protection,"BESS3_rack08_status,17,51",PCS1
儲能櫃1_2,戶外,BESS3_rack08_alert,9,45,rack08充電電流上限保護,Boolean,1,protection,"BESS3_rack08_status,17,53",PCS1
儲能櫃1_2,戶外,BESS3_rack08_alert,9,46,rack08放電電流上限保護,Boolean,1,protection,"BESS3_rack08_status,17,53",PCS1
儲能櫃1_2,戶外,BESS3_rack08_alert,9,47,rack08單體電壓上限保護,Boolean,1,protection,"BESS3_rack08_status,17,81",PCS1
儲能櫃1_2,戶外,BESS3_rack08_alert,9,48,rack08單體電壓下限保護,Boolean,1,protection,"BESS3_rack08_status,17,83",PCS1
儲能櫃1_2,戶外,BESS3_rack08_alert,9,49,rack08充電溫度上限保護,Boolean,1,protection,"BESS3_rack08_status,17,89",PCS1
儲能櫃1_2,戶外,BESS3_rack08_alert,9,50,rack08充電溫度下限保護,Boolean,1,protection,"BESS3_rack08_status,17,91",PCS1
儲能櫃1_2,戶外,BESS3_rack08_alert,9,51,rack08放電溫度上限保護,Boolean,1,protection,"BESS3_rack08_status,17,89",PCS1
儲能櫃1_2,戶外,BESS3_rack08_alert,9,52,rack08放電溫度下限保護,Boolean,1,protection,"BESS3_rack08_status,17,91",PCS1
儲能櫃1_2,戶外,BESS3_rack08_alert,9,53,rack08單體溫度上限保護,Boolean,1,protection,"BESS3_rack08_status,17,89",PCS1
儲能櫃1_2,戶外,BESS3_rack08_alert,9,54,rack08單體溫度下限保護,Boolean,1,protection,"BESS3_rack08_status,17,91",PCS1
儲能櫃1_2,戶外,BESS3_rack08_alert,9,55,rack08環境溫度上限保護,Boolean,1,protection,"BESS3_rack08_status,17,59",PCS1
儲能櫃1_2,戶外,BESS3_rack08_alert,9,56,rack08環境溫度下限保護,Boolean,1,protection,"BESS3_rack08_status,17,59",PCS1
儲能櫃1_2,戶外,BESS3_rack08_alert,9,57,rack08動力線溫度上限保護,Boolean,1,protection,,PCS1
儲能櫃1_2,戶外,BESS3_rack08_alert,9,58,rack08組SOC上限保護,Boolean,1,protection,"BESS3_rack08_status,17,55",PCS1
儲能櫃1_2,戶外,BESS3_rack08_alert,9,59,rack08組SOC下限保護,Boolean,1,protection,"BESS3_rack08_status,17,55",PCS1
儲能櫃1_2,戶外,BESS3_rack08_alert,9,60,rack08正極絕緣電阻下限保護,Boolean,1,protection,"BESS3_rack08_status,17,61",PCS1
儲能櫃1_2,戶外,BESS3_rack08_alert,9,61,rack08負極絕緣電阻下限保護,Boolean,1,protection,"BESS3_rack08_status,17,63",PCS1
儲能櫃1_2,戶外,BESS3_rack08_alert,9,62,rack08箱壓差上限保護,Boolean,1,protection,,PCS1
儲能櫃1_2,戶外,BESS3_rack08_alert,9,63,rack08箱溫差上限保護,Boolean,1,protection,,PCS1
儲能櫃1_2,戶外,BESS3_rack08_alert,9,64,rack08電池溫度溫升過快,Boolean,1,warning,,
儲能櫃1_2,戶外,BESS3_rack08_alert,9,65,rack08動力線溫度溫升過快,Boolean,1,warning,,
儲能櫃1_2,戶外,BESS3_rack08_alert,9,66,rack08BMU通訊故障,Boolean,1,fault,,
儲能櫃1_2,戶外,BESS3_rack08_alert,9,67,rack08BCMU通訊故障,Boolean,1,fault,,
儲能櫃1_2,戶外,BESS3_rack08_alert,9,68,rack08單體電壓採集線故障,Boolean,1,fault,,
儲能櫃1_2,戶外,BESS3_rack08_alert,9,69,rack08總壓採集線故障,Boolean,1,fault,,
儲能櫃1_2,戶外,BESS3_rack08_alert,9,70,rack08電流採集線故障,Boolean,1,fault,,
儲能櫃1_2,戶外,BESS3_rack08_alert,9,71,rack08溫度採集斷線,Boolean,1,fault,,
儲能櫃1_2,戶外,BESS3_rack08_alert,9,72,rack08溫度採集短路,Boolean,1,fault,,
儲能櫃1_2,戶外,BESS3_rack08_alert,9,73,rack08BMS設備故障,Boolean,1,fault,,
儲能櫃1_2,戶外,BESS3_rack08_alert,9,74,rack08單體電壓無效,Boolean,1,fault,,
儲能櫃1_2,戶外,BESS3_rack08_alert,9,75,rack08單體溫度無效,Boolean,1,fault,,
儲能櫃1_2,戶外,BESS3_rack08_alert,9,76,rack08組端電壓無效,Boolean,1,protection,,PCS1
儲能櫃1_2,戶外,BESS3_rack08_alert,9,77,rack08組電流異常,Boolean,1,protection,,PCS1
儲能櫃1_2,戶外,BESS3_rack08_alert,9,78,rack08消防報警,Boolean,1,protection,,PCS1
儲能櫃1_2,戶外,BESS3_rack08_alert,9,79,rack08水浸報警,Boolean,1,protection,,PCS1
儲能櫃2_1,戶外,BESS2_rack01_alert,2,1,Rack01組端電壓上限預警,Boolean,1,earlywarning,"BESS2_rack01_status,2,51",
儲能櫃2_1,戶外,BESS2_rack01_alert,2,2,Rack01組端電壓下限預警,Boolean,1,earlywarning,"BESS2_rack01_status,2,51",
儲能櫃2_1,戶外,BESS2_rack01_alert,2,3,Rack01充電電流上限預警,Boolean,1,earlywarning,"BESS2_rack01_status,2,53",
儲能櫃2_1,戶外,BESS2_rack01_alert,2,4,Rack01放電電流上限預警,Boolean,1,earlywarning,"BESS2_rack01_status,2,53",
儲能櫃2_1,戶外,BESS2_rack01_alert,2,5,Rack01單體電壓上限預警,Boolean,1,earlywarning,"BESS2_rack01_status,2,81",
儲能櫃2_1,戶外,BESS2_rack01_alert,2,6,Rack01單體電壓下限預警,Boolean,1,earlywarning,"BESS2_rack01_status,2,83",
儲能櫃2_1,戶外,BESS2_rack01_alert,2,7,Rack01充電溫度上限預警,Boolean,1,earlywarning,"BESS2_rack01_status,2,89",
儲能櫃2_1,戶外,BESS2_rack01_alert,2,8,Rack01充電溫度下限預警,Boolean,1,earlywarning,"BESS2_rack01_status,2,91",
儲能櫃2_1,戶外,BESS2_rack01_alert,2,9,Rack01放電溫度上限預警,Boolean,1,earlywarning,"BESS2_rack01_status,2,89",
儲能櫃2_1,戶外,BESS2_rack01_alert,2,10,Rack01放電溫度下限預警,Boolean,1,earlywarning,"BESS2_rack01_status,2,91",
儲能櫃2_1,戶外,BESS2_rack01_alert,2,11,Rack01單體溫度上限預警,Boolean,1,earlywarning,"BESS2_rack01_status,2,89",
儲能櫃2_1,戶外,BESS2_rack01_alert,2,12,Rack01單體溫度下限預警,Boolean,1,earlywarning,"BESS2_rack01_status,2,91",
儲能櫃2_1,戶外,BESS2_rack01_alert,2,13,Rack01環境溫度上限預警,Boolean,1,earlywarning,"BESS2_rack01_status,2,59",
儲能櫃2_1,戶外,BESS2_rack01_alert,2,14,Rack01環境溫度下限預警,Boolean,1,earlywarning,"BESS2_rack01_status,2,59",
儲能櫃2_1,戶外,BESS2_rack01_alert,2,15,Rack01動力線溫度上限預警,Boolean,1,earlywarning,,
儲能櫃2_1,戶外,BESS2_rack01_alert,2,16,Rack01組SOC上限預警,Boolean,1,earlywarning,"BESS2_rack01_status,2,55",
儲能櫃2_1,戶外,BESS2_rack01_alert,2,17,Rack01組SOC下限預警,Boolean,1,earlywarning,"BESS2_rack01_status,2,55",
儲能櫃2_1,戶外,BESS2_rack01_alert,2,18,Rack01正極絕緣電阻下限預警,Boolean,1,earlywarning,"BESS2_rack01_status,2,61",
儲能櫃2_1,戶外,BESS2_rack01_alert,2,19,Rack01負極絕緣電阻下限預警,Boolean,1,earlywarning,"BESS2_rack01_status,2,63",
儲能櫃2_1,戶外,BESS2_rack01_alert,2,20,Rack01箱壓差上限預警,Boolean,1,earlywarning,,
儲能櫃2_1,戶外,BESS2_rack01_alert,2,21,Rack01箱溫差上限預警,Boolean,1,earlywarning,,
儲能櫃2_1,戶外,BESS2_rack01_alert,2,22,Rack01組端電壓上限告警,Boolean,1,warning,"BESS2_rack01_status,2,51",
儲能櫃2_1,戶外,BESS2_rack01_alert,2,23,Rack01組端電壓下限告警,Boolean,1,warning,"BESS2_rack01_status,2,51",
儲能櫃2_1,戶外,BESS2_rack01_alert,2,24,Rack01充電電流上限告警,Boolean,1,warning,"BESS2_rack01_status,2,53",
儲能櫃2_1,戶外,BESS2_rack01_alert,2,25,Rack01放電電流上限告警,Boolean,1,warning,"BESS2_rack01_status,2,53",
儲能櫃2_1,戶外,BESS2_rack01_alert,2,26,Rack01單體電壓上限告警,Boolean,1,warning,"BESS2_rack01_status,2,81",
儲能櫃2_1,戶外,BESS2_rack01_alert,2,27,Rack01單體電壓下限告警,Boolean,1,warning,"BESS2_rack01_status,2,83",
儲能櫃2_1,戶外,BESS2_rack01_alert,2,28,Rack01充電溫度上限告警,Boolean,1,warning,"BESS2_rack01_status,2,89",
儲能櫃2_1,戶外,BESS2_rack01_alert,2,29,Rack01充電溫度下限告警,Boolean,1,warning,"BESS2_rack01_status,2,91",
儲能櫃2_1,戶外,BESS2_rack01_alert,2,30,Rack01放電溫度上限告警,Boolean,1,warning,"BESS2_rack01_status,2,89",
儲能櫃2_1,戶外,BESS2_rack01_alert,2,31,Rack01放電溫度下限告警,Boolean,1,warning,"BESS2_rack01_status,2,91",
儲能櫃2_1,戶外,BESS2_rack01_alert,2,32,Rack01單體溫度上限告警,Boolean,1,warning,"BESS2_rack01_status,2,89",
儲能櫃2_1,戶外,BESS2_rack01_alert,2,33,Rack01單體溫度下限告警,Boolean,1,warning,"BESS2_rack01_status,2,91",
儲能櫃2_1,戶外,BESS2_rack01_alert,2,34,Rack01環境溫度上限告警,Boolean,1,warning,"BESS2_rack01_status,2,59",
儲能櫃2_1,戶外,BESS2_rack01_alert,2,35,Rack01環境溫度下限告警,Boolean,1,warning,"BESS2_rack01_status,2,59",
儲能櫃2_1,戶外,BESS2_rack01_alert,2,36,Rack01動力線溫度上限告警,Boolean,1,warning,,
儲能櫃2_1,戶外,BESS2_rack01_alert,2,37,Rack01組SOC上限告警,Boolean,1,warning,"BESS2_rack01_status,2,55",
儲能櫃2_1,戶外,BESS2_rack01_alert,2,38,Rack01組SOC下限告警,Boolean,1,warning,"BESS2_rack01_status,2,55",
儲能櫃2_1,戶外,BESS2_rack01_alert,2,39,Rack01正極絕緣電阻下限告警,Boolean,1,warning,"BESS2_rack01_status,2,61",
儲能櫃2_1,戶外,BESS2_rack01_alert,2,40,Rack01負極絕緣電阻下限告警,Boolean,1,warning,"BESS2_rack01_status,2,63",
儲能櫃2_1,戶外,BESS2_rack01_alert,2,41,Rack01箱壓差上限告警,Boolean,1,warning,,
儲能櫃2_1,戶外,BESS2_rack01_alert,2,42,Rack01箱溫差上限告警,Boolean,1,warning,,
儲能櫃2_1,戶外,BESS2_rack01_alert,2,43,Rack01組端電壓上限保護,Boolean,1,protection,"BESS2_rack01_status,2,51",PCS2
儲能櫃2_1,戶外,BESS2_rack01_alert,2,44,Rack01組端電壓下限保護,Boolean,1,protection,"BESS2_rack01_status,2,51",PCS2
儲能櫃2_1,戶外,BESS2_rack01_alert,2,45,Rack01充電電流上限保護,Boolean,1,protection,"BESS2_rack01_status,2,53",PCS2
儲能櫃2_1,戶外,BESS2_rack01_alert,2,46,Rack01放電電流上限保護,Boolean,1,protection,"BESS2_rack01_status,2,53",PCS2
儲能櫃2_1,戶外,BESS2_rack01_alert,2,47,Rack01單體電壓上限保護,Boolean,1,protection,"BESS2_rack01_status,2,81",PCS2
儲能櫃2_1,戶外,BESS2_rack01_alert,2,48,Rack01單體電壓下限保護,Boolean,1,protection,"BESS2_rack01_status,2,83",PCS2
儲能櫃2_1,戶外,BESS2_rack01_alert,2,49,Rack01充電溫度上限保護,Boolean,1,protection,"BESS2_rack01_status,2,89",PCS2
儲能櫃2_1,戶外,BESS2_rack01_alert,2,50,Rack01充電溫度下限保護,Boolean,1,protection,"BESS2_rack01_status,2,91",PCS2
儲能櫃2_1,戶外,BESS2_rack01_alert,2,51,Rack01放電溫度上限保護,Boolean,1,protection,"BESS2_rack01_status,2,89",PCS2
儲能櫃2_1,戶外,BESS2_rack01_alert,2,52,Rack01放電溫度下限保護,Boolean,1,protection,"BESS2_rack01_status,2,91",PCS2
儲能櫃2_1,戶外,BESS2_rack01_alert,2,53,Rack01單體溫度上限保護,Boolean,1,protection,"BESS2_rack01_status,2,89",PCS2
儲能櫃2_1,戶外,BESS2_rack01_alert,2,54,Rack01單體溫度下限保護,Boolean,1,protection,"BESS2_rack01_status,2,91",PCS2
儲能櫃2_1,戶外,BESS2_rack01_alert,2,55,Rack01環境溫度上限保護,Boolean,1,protection,"BESS2_rack01_status,2,59",PCS2
儲能櫃2_1,戶外,BESS2_rack01_alert,2,56,Rack01環境溫度下限保護,Boolean,1,protection,"BESS2_rack01_status,2,59",PCS2
儲能櫃2_1,戶外,BESS2_rack01_alert,2,57,Rack01動力線溫度上限保護,Boolean,1,protection,,PCS2
儲能櫃2_1,戶外,BESS2_rack01_alert,2,58,Rack01組SOC上限保護,Boolean,1,protection,"BESS2_rack01_status,2,55",PCS2
儲能櫃2_1,戶外,BESS2_rack01_alert,2,59,Rack01組SOC下限保護,Boolean,1,protection,"BESS2_rack01_status,2,55",PCS2
儲能櫃2_1,戶外,BESS2_rack01_alert,2,60,Rack01正極絕緣電阻下限保護,Boolean,1,protection,"BESS2_rack01_status,2,61",PCS2
儲能櫃2_1,戶外,BESS2_rack01_alert,2,61,Rack01負極絕緣電阻下限保護,Boolean,1,protection,"BESS2_rack01_status,2,63",PCS2
儲能櫃2_1,戶外,BESS2_rack01_alert,2,62,Rack01箱壓差上限保護,Boolean,1,protection,,PCS2
儲能櫃2_1,戶外,BESS2_rack01_alert,2,63,Rack01箱溫差上限保護,Boolean,1,protection,,PCS2
儲能櫃2_1,戶外,BESS2_rack01_alert,2,64,Rack01電池溫度溫升過快,Boolean,1,warning,,
儲能櫃2_1,戶外,BESS2_rack01_alert,2,65,Rack01動力線溫度溫升過快,Boolean,1,warning,,
儲能櫃2_1,戶外,BESS2_rack01_alert,2,66,Rack01BMU通訊故障,Boolean,1,fault,,
儲能櫃2_1,戶外,BESS2_rack01_alert,2,67,Rack01BCMU通訊故障,Boolean,1,fault,,
儲能櫃2_1,戶外,BESS2_rack01_alert,2,68,Rack01單體電壓採集線故障,Boolean,1,fault,,
儲能櫃2_1,戶外,BESS2_rack01_alert,2,69,Rack01總壓採集線故障,Boolean,1,fault,,
儲能櫃2_1,戶外,BESS2_rack01_alert,2,70,Rack01電流採集線故障,Boolean,1,fault,,
儲能櫃2_1,戶外,BESS2_rack01_alert,2,71,Rack01溫度採集斷線,Boolean,1,fault,,
儲能櫃2_1,戶外,BESS2_rack01_alert,2,72,Rack01溫度採集短路,Boolean,1,fault,,
儲能櫃2_1,戶外,BESS2_rack01_alert,2,73,Rack01BMS設備故障,Boolean,1,fault,,
儲能櫃2_1,戶外,BESS2_rack01_alert,2,74,Rack01單體電壓無效,Boolean,1,fault,,
儲能櫃2_1,戶外,BESS2_rack01_alert,2,75,Rack01單體溫度無效,Boolean,1,fault,,
儲能櫃2_1,戶外,BESS2_rack01_alert,2,76,Rack01組端電壓無效,Boolean,1,protection,,PCS2
儲能櫃2_1,戶外,BESS2_rack01_alert,2,77,Rack01組電流異常,Boolean,1,protection,,PCS2
儲能櫃2_1,戶外,BESS2_rack01_alert,2,78,Rack01消防報警,Boolean,1,protection,,PCS2
儲能櫃2_1,戶外,BESS2_rack01_alert,2,79,Rack01水浸報警,Boolean,1,protection,,PCS2
儲能櫃2_1,戶外,BESS2_rack02_alert,3,1,Rack02組端電壓上限預警,Boolean,1,earlywarning,"BESS2_rack02_status,3,51",
儲能櫃2_1,戶外,BESS2_rack02_alert,3,2,Rack02組端電壓下限預警,Boolean,1,earlywarning,"BESS2_rack02_status,3,51",
儲能櫃2_1,戶外,BESS2_rack02_alert,3,3,Rack02充電電流上限預警,Boolean,1,earlywarning,"BESS2_rack02_status,3,53",
儲能櫃2_1,戶外,BESS2_rack02_alert,3,4,Rack02放電電流上限預警,Boolean,1,earlywarning,"BESS2_rack02_status,3,53",
儲能櫃2_1,戶外,BESS2_rack02_alert,3,5,Rack02單體電壓上限預警,Boolean,1,earlywarning,"BESS2_rack02_status,3,81",
儲能櫃2_1,戶外,BESS2_rack02_alert,3,6,Rack02單體電壓下限預警,Boolean,1,earlywarning,"BESS2_rack02_status,3,83",
儲能櫃2_1,戶外,BESS2_rack02_alert,3,7,Rack02充電溫度上限預警,Boolean,1,earlywarning,"BESS2_rack02_status,3,89",
儲能櫃2_1,戶外,BESS2_rack02_alert,3,8,Rack02充電溫度下限預警,Boolean,1,earlywarning,"BESS2_rack02_status,3,91",
儲能櫃2_1,戶外,BESS2_rack02_alert,3,9,Rack02放電溫度上限預警,Boolean,1,earlywarning,"BESS2_rack02_status,3,89",
儲能櫃2_1,戶外,BESS2_rack02_alert,3,10,Rack02放電溫度下限預警,Boolean,1,earlywarning,"BESS2_rack02_status,3,91",
儲能櫃2_1,戶外,BESS2_rack02_alert,3,11,Rack02單體溫度上限預警,Boolean,1,earlywarning,"BESS2_rack02_status,3,89",
儲能櫃2_1,戶外,BESS2_rack02_alert,3,12,Rack02單體溫度下限預警,Boolean,1,earlywarning,"BESS2_rack02_status,3,91",
儲能櫃2_1,戶外,BESS2_rack02_alert,3,13,Rack02環境溫度上限預警,Boolean,1,earlywarning,"BESS2_rack02_status,3,59",
儲能櫃2_1,戶外,BESS2_rack02_alert,3,14,Rack02環境溫度下限預警,Boolean,1,earlywarning,"BESS2_rack02_status,3,59",
儲能櫃2_1,戶外,BESS2_rack02_alert,3,15,Rack02動力線溫度上限預警,Boolean,1,earlywarning,,
儲能櫃2_1,戶外,BESS2_rack02_alert,3,16,Rack02組SOC上限預警,Boolean,1,earlywarning,"BESS2_rack02_status,3,55",
儲能櫃2_1,戶外,BESS2_rack02_alert,3,17,Rack02組SOC下限預警,Boolean,1,earlywarning,"BESS2_rack02_status,3,55",
儲能櫃2_1,戶外,BESS2_rack02_alert,3,18,Rack02正極絕緣電阻下限預警,Boolean,1,earlywarning,"BESS2_rack02_status,3,61",
儲能櫃2_1,戶外,BESS2_rack02_alert,3,19,Rack02負極絕緣電阻下限預警,Boolean,1,earlywarning,"BESS2_rack02_status,3,63",
儲能櫃2_1,戶外,BESS2_rack02_alert,3,20,Rack02箱壓差上限預警,Boolean,1,earlywarning,,
儲能櫃2_1,戶外,BESS2_rack02_alert,3,21,Rack02箱溫差上限預警,Boolean,1,earlywarning,,
儲能櫃2_1,戶外,BESS2_rack02_alert,3,22,Rack02組端電壓上限告警,Boolean,1,warning,"BESS2_rack02_status,3,51",
儲能櫃2_1,戶外,BESS2_rack02_alert,3,23,Rack02組端電壓下限告警,Boolean,1,warning,"BESS2_rack02_status,3,51",
儲能櫃2_1,戶外,BESS2_rack02_alert,3,24,Rack02充電電流上限告警,Boolean,1,warning,"BESS2_rack02_status,3,53",
儲能櫃2_1,戶外,BESS2_rack02_alert,3,25,Rack02放電電流上限告警,Boolean,1,warning,"BESS2_rack02_status,3,53",
儲能櫃2_1,戶外,BESS2_rack02_alert,3,26,Rack02單體電壓上限告警,Boolean,1,warning,"BESS2_rack02_status,3,81",
儲能櫃2_1,戶外,BESS2_rack02_alert,3,27,Rack02單體電壓下限告警,Boolean,1,warning,"BESS2_rack02_status,3,83",
儲能櫃2_1,戶外,BESS2_rack02_alert,3,28,Rack02充電溫度上限告警,Boolean,1,warning,"BESS2_rack02_status,3,89",
儲能櫃2_1,戶外,BESS2_rack02_alert,3,29,Rack02充電溫度下限告警,Boolean,1,warning,"BESS2_rack02_status,3,91",
儲能櫃2_1,戶外,BESS2_rack02_alert,3,30,Rack02放電溫度上限告警,Boolean,1,warning,"BESS2_rack02_status,3,89",
儲能櫃2_1,戶外,BESS2_rack02_alert,3,31,Rack02放電溫度下限告警,Boolean,1,warning,"BESS2_rack02_status,3,91",
儲能櫃2_1,戶外,BESS2_rack02_alert,3,32,Rack02單體溫度上限告警,Boolean,1,warning,"BESS2_rack02_status,3,89",
儲能櫃2_1,戶外,BESS2_rack02_alert,3,33,Rack02單體溫度下限告警,Boolean,1,warning,"BESS2_rack02_status,3,91",
儲能櫃2_1,戶外,BESS2_rack02_alert,3,34,Rack02環境溫度上限告警,Boolean,1,warning,"BESS2_rack02_status,3,59",
儲能櫃2_1,戶外,BESS2_rack02_alert,3,35,Rack02環境溫度下限告警,Boolean,1,warning,"BESS2_rack02_status,3,59",
儲能櫃2_1,戶外,BESS2_rack02_alert,3,36,Rack02動力線溫度上限告警,Boolean,1,warning,,
儲能櫃2_1,戶外,BESS2_rack02_alert,3,37,Rack02組SOC上限告警,Boolean,1,warning,"BESS2_rack02_status,3,55",
儲能櫃2_1,戶外,BESS2_rack02_alert,3,38,Rack02組SOC下限告警,Boolean,1,warning,"BESS2_rack02_status,3,55",
儲能櫃2_1,戶外,BESS2_rack02_alert,3,39,Rack02正極絕緣電阻下限告警,Boolean,1,warning,"BESS2_rack02_status,3,61",
儲能櫃2_1,戶外,BESS2_rack02_alert,3,40,Rack02負極絕緣電阻下限告警,Boolean,1,warning,"BESS2_rack02_status,3,63",
儲能櫃2_1,戶外,BESS2_rack02_alert,3,41,Rack02箱壓差上限告警,Boolean,1,warning,,
儲能櫃2_1,戶外,BESS2_rack02_alert,3,42,Rack02箱溫差上限告警,Boolean,1,warning,,
儲能櫃2_1,戶外,BESS2_rack02_alert,3,43,Rack02組端電壓上限保護,Boolean,1,protection,"BESS2_rack02_status,3,51",PCS2
儲能櫃2_1,戶外,BESS2_rack02_alert,3,44,Rack02組端電壓下限保護,Boolean,1,protection,"BESS2_rack02_status,3,51",PCS2
儲能櫃2_1,戶外,BESS2_rack02_alert,3,45,Rack02充電電流上限保護,Boolean,1,protection,"BESS2_rack02_status,3,53",PCS2
儲能櫃2_1,戶外,BESS2_rack02_alert,3,46,Rack02放電電流上限保護,Boolean,1,protection,"BESS2_rack02_status,3,53",PCS2
儲能櫃2_1,戶外,BESS2_rack02_alert,3,47,Rack02單體電壓上限保護,Boolean,1,protection,"BESS2_rack02_status,3,81",PCS2
儲能櫃2_1,戶外,BESS2_rack02_alert,3,48,Rack02單體電壓下限保護,Boolean,1,protection,"BESS2_rack02_status,3,83",PCS2
儲能櫃2_1,戶外,BESS2_rack02_alert,3,49,Rack02充電溫度上限保護,Boolean,1,protection,"BESS2_rack02_status,3,89",PCS2
儲能櫃2_1,戶外,BESS2_rack02_alert,3,50,Rack02充電溫度下限保護,Boolean,1,protection,"BESS2_rack02_status,3,91",PCS2
儲能櫃2_1,戶外,BESS2_rack02_alert,3,51,Rack02放電溫度上限保護,Boolean,1,protection,"BESS2_rack02_status,3,89",PCS2
儲能櫃2_1,戶外,BESS2_rack02_alert,3,52,Rack02放電溫度下限保護,Boolean,1,protection,"BESS2_rack02_status,3,91",PCS2
儲能櫃2_1,戶外,BESS2_rack02_alert,3,53,Rack02單體溫度上限保護,Boolean,1,protection,"BESS2_rack02_status,3,89",PCS2
儲能櫃2_1,戶外,BESS2_rack02_alert,3,54,Rack02單體溫度下限保護,Boolean,1,protection,"BESS2_rack02_status,3,91",PCS2
儲能櫃2_1,戶外,BESS2_rack02_alert,3,55,Rack02環境溫度上限保護,Boolean,1,protection,"BESS2_rack02_status,3,59",PCS2
儲能櫃2_1,戶外,BESS2_rack02_alert,3,56,Rack02環境溫度下限保護,Boolean,1,protection,"BESS2_rack02_status,3,59",PCS2
儲能櫃2_1,戶外,BESS2_rack02_alert,3,57,Rack02動力線溫度上限保護,Boolean,1,protection,,PCS2
儲能櫃2_1,戶外,BESS2_rack02_alert,3,58,Rack02組SOC上限保護,Boolean,1,protection,"BESS2_rack02_status,3,55",PCS2
儲能櫃2_1,戶外,BESS2_rack02_alert,3,59,Rack02組SOC下限保護,Boolean,1,protection,"BESS2_rack02_status,3,55",PCS2
儲能櫃2_1,戶外,BESS2_rack02_alert,3,60,Rack02正極絕緣電阻下限保護,Boolean,1,protection,"BESS2_rack02_status,3,61",PCS2
儲能櫃2_1,戶外,BESS2_rack02_alert,3,61,Rack02負極絕緣電阻下限保護,Boolean,1,protection,"BESS2_rack02_status,3,63",PCS2
儲能櫃2_1,戶外,BESS2_rack02_alert,3,62,Rack02箱壓差上限保護,Boolean,1,protection,,PCS2
儲能櫃2_1,戶外,BESS2_rack02_alert,3,63,Rack02箱溫差上限保護,Boolean,1,protection,,PCS2
儲能櫃2_1,戶外,BESS2_rack02_alert,3,64,Rack02電池溫度溫升過快,Boolean,1,warning,,
儲能櫃2_1,戶外,BESS2_rack02_alert,3,65,Rack02動力線溫度溫升過快,Boolean,1,warning,,
儲能櫃2_1,戶外,BESS2_rack02_alert,3,66,Rack02BMU通訊故障,Boolean,1,fault,,
儲能櫃2_1,戶外,BESS2_rack02_alert,3,67,Rack02BCMU通訊故障,Boolean,1,fault,,
儲能櫃2_1,戶外,BESS2_rack02_alert,3,68,Rack02單體電壓採集線故障,Boolean,1,fault,,
儲能櫃2_1,戶外,BESS2_rack02_alert,3,69,Rack02總壓採集線故障,Boolean,1,fault,,
儲能櫃2_1,戶外,BESS2_rack02_alert,3,70,Rack02電流採集線故障,Boolean,1,fault,,
儲能櫃2_1,戶外,BESS2_rack02_alert,3,71,Rack02溫度採集斷線,Boolean,1,fault,,
儲能櫃2_1,戶外,BESS2_rack02_alert,3,72,Rack02溫度採集短路,Boolean,1,fault,,
儲能櫃2_1,戶外,BESS2_rack02_alert,3,73,Rack02BMS設備故障,Boolean,1,fault,,
儲能櫃2_1,戶外,BESS2_rack02_alert,3,74,Rack02單體電壓無效,Boolean,1,fault,,
儲能櫃2_1,戶外,BESS2_rack02_alert,3,75,Rack02單體溫度無效,Boolean,1,fault,,
儲能櫃2_1,戶外,BESS2_rack02_alert,3,76,Rack02組端電壓無效,Boolean,1,protection,,PCS2
儲能櫃2_1,戶外,BESS2_rack02_alert,3,77,Rack02組電流異常,Boolean,1,protection,,PCS2
儲能櫃2_1,戶外,BESS2_rack02_alert,3,78,Rack02消防報警,Boolean,1,protection,,PCS2
儲能櫃2_1,戶外,BESS2_rack02_alert,3,79,Rack02水浸報警,Boolean,1,protection,,PCS2
儲能櫃2_1,戶外,BESS2_rack03_alert,4,1,Rack03組端電壓上限預警,Boolean,1,earlywarning,"BESS2_rack03_status,4,51",
儲能櫃2_1,戶外,BESS2_rack03_alert,4,2,Rack03組端電壓下限預警,Boolean,1,earlywarning,"BESS2_rack03_status,4,51",
儲能櫃2_1,戶外,BESS2_rack03_alert,4,3,Rack03充電電流上限預警,Boolean,1,earlywarning,"BESS2_rack03_status,4,53",
儲能櫃2_1,戶外,BESS2_rack03_alert,4,4,Rack03放電電流上限預警,Boolean,1,earlywarning,"BESS2_rack03_status,4,53",
儲能櫃2_1,戶外,BESS2_rack03_alert,4,5,Rack03單體電壓上限預警,Boolean,1,earlywarning,"BESS2_rack03_status,4,81",
儲能櫃2_1,戶外,BESS2_rack03_alert,4,6,Rack03單體電壓下限預警,Boolean,1,earlywarning,"BESS2_rack03_status,4,83",
儲能櫃2_1,戶外,BESS2_rack03_alert,4,7,Rack03充電溫度上限預警,Boolean,1,earlywarning,"BESS2_rack03_status,4,89",
儲能櫃2_1,戶外,BESS2_rack03_alert,4,8,Rack03充電溫度下限預警,Boolean,1,earlywarning,"BESS2_rack03_status,4,91",
儲能櫃2_1,戶外,BESS2_rack03_alert,4,9,Rack03放電溫度上限預警,Boolean,1,earlywarning,"BESS2_rack03_status,4,89",
儲能櫃2_1,戶外,BESS2_rack03_alert,4,10,Rack03放電溫度下限預警,Boolean,1,earlywarning,"BESS2_rack03_status,4,91",
儲能櫃2_1,戶外,BESS2_rack03_alert,4,11,Rack03單體溫度上限預警,Boolean,1,earlywarning,"BESS2_rack03_status,4,89",
儲能櫃2_1,戶外,BESS2_rack03_alert,4,12,Rack03單體溫度下限預警,Boolean,1,earlywarning,"BESS2_rack03_status,4,91",
儲能櫃2_1,戶外,BESS2_rack03_alert,4,13,Rack03環境溫度上限預警,Boolean,1,earlywarning,"BESS2_rack03_status,4,59",
儲能櫃2_1,戶外,BESS2_rack03_alert,4,14,Rack03環境溫度下限預警,Boolean,1,earlywarning,"BESS2_rack03_status,4,59",
儲能櫃2_1,戶外,BESS2_rack03_alert,4,15,Rack03動力線溫度上限預警,Boolean,1,earlywarning,,
儲能櫃2_1,戶外,BESS2_rack03_alert,4,16,Rack03組SOC上限預警,Boolean,1,earlywarning,"BESS2_rack03_status,4,55",
儲能櫃2_1,戶外,BESS2_rack03_alert,4,17,Rack03組SOC下限預警,Boolean,1,earlywarning,"BESS2_rack03_status,4,55",
儲能櫃2_1,戶外,BESS2_rack03_alert,4,18,Rack03正極絕緣電阻下限預警,Boolean,1,earlywarning,"BESS2_rack03_status,4,61",
儲能櫃2_1,戶外,BESS2_rack03_alert,4,19,Rack03負極絕緣電阻下限預警,Boolean,1,earlywarning,"BESS2_rack03_status,4,63",
儲能櫃2_1,戶外,BESS2_rack03_alert,4,20,Rack03箱壓差上限預警,Boolean,1,earlywarning,,
儲能櫃2_1,戶外,BESS2_rack03_alert,4,21,Rack03箱溫差上限預警,Boolean,1,earlywarning,,
儲能櫃2_1,戶外,BESS2_rack03_alert,4,22,Rack03組端電壓上限告警,Boolean,1,warning,"BESS2_rack03_status,4,51",
儲能櫃2_1,戶外,BESS2_rack03_alert,4,23,Rack03組端電壓下限告警,Boolean,1,warning,"BESS2_rack03_status,4,51",
儲能櫃2_1,戶外,BESS2_rack03_alert,4,24,Rack03充電電流上限告警,Boolean,1,warning,"BESS2_rack03_status,4,53",
儲能櫃2_1,戶外,BESS2_rack03_alert,4,25,Rack03放電電流上限告警,Boolean,1,warning,"BESS2_rack03_status,4,53",
儲能櫃2_1,戶外,BESS2_rack03_alert,4,26,Rack03單體電壓上限告警,Boolean,1,warning,"BESS2_rack03_status,4,81",
儲能櫃2_1,戶外,BESS2_rack03_alert,4,27,Rack03單體電壓下限告警,Boolean,1,warning,"BESS2_rack03_status,4,83",
儲能櫃2_1,戶外,BESS2_rack03_alert,4,28,Rack03充電溫度上限告警,Boolean,1,warning,"BESS2_rack03_status,4,89",
儲能櫃2_1,戶外,BESS2_rack03_alert,4,29,Rack03充電溫度下限告警,Boolean,1,warning,"BESS2_rack03_status,4,91",
儲能櫃2_1,戶外,BESS2_rack03_alert,4,30,Rack03放電溫度上限告警,Boolean,1,warning,"BESS2_rack03_status,4,89",
儲能櫃2_1,戶外,BESS2_rack03_alert,4,31,Rack03放電溫度下限告警,Boolean,1,warning,"BESS2_rack03_status,4,91",
儲能櫃2_1,戶外,BESS2_rack03_alert,4,32,Rack03單體溫度上限告警,Boolean,1,warning,"BESS2_rack03_status,4,89",
儲能櫃2_1,戶外,BESS2_rack03_alert,4,33,Rack03單體溫度下限告警,Boolean,1,warning,"BESS2_rack03_status,4,91",
儲能櫃2_1,戶外,BESS2_rack03_alert,4,34,Rack03環境溫度上限告警,Boolean,1,warning,"BESS2_rack03_status,4,59",
儲能櫃2_1,戶外,BESS2_rack03_alert,4,35,Rack03環境溫度下限告警,Boolean,1,warning,"BESS2_rack03_status,4,59",
儲能櫃2_1,戶外,BESS2_rack03_alert,4,36,Rack03動力線溫度上限告警,Boolean,1,warning,,
儲能櫃2_1,戶外,BESS2_rack03_alert,4,37,Rack03組SOC上限告警,Boolean,1,warning,"BESS2_rack03_status,4,55",
儲能櫃2_1,戶外,BESS2_rack03_alert,4,38,Rack03組SOC下限告警,Boolean,1,warning,"BESS2_rack03_status,4,55",
儲能櫃2_1,戶外,BESS2_rack03_alert,4,39,Rack03正極絕緣電阻下限告警,Boolean,1,warning,"BESS2_rack03_status,4,61",
儲能櫃2_1,戶外,BESS2_rack03_alert,4,40,Rack03負極絕緣電阻下限告警,Boolean,1,warning,"BESS2_rack03_status,4,63",
儲能櫃2_1,戶外,BESS2_rack03_alert,4,41,Rack03箱壓差上限告警,Boolean,1,warning,,
儲能櫃2_1,戶外,BESS2_rack03_alert,4,42,Rack03箱溫差上限告警,Boolean,1,warning,,
儲能櫃2_1,戶外,BESS2_rack03_alert,4,43,Rack03組端電壓上限保護,Boolean,1,protection,"BESS2_rack03_status,4,51",PCS2
儲能櫃2_1,戶外,BESS2_rack03_alert,4,44,Rack03組端電壓下限保護,Boolean,1,protection,"BESS2_rack03_status,4,51",PCS2
儲能櫃2_1,戶外,BESS2_rack03_alert,4,45,Rack03充電電流上限保護,Boolean,1,protection,"BESS2_rack03_status,4,53",PCS2
儲能櫃2_1,戶外,BESS2_rack03_alert,4,46,Rack03放電電流上限保護,Boolean,1,protection,"BESS2_rack03_status,4,53",PCS2
儲能櫃2_1,戶外,BESS2_rack03_alert,4,47,Rack03單體電壓上限保護,Boolean,1,protection,"BESS2_rack03_status,4,81",PCS2
儲能櫃2_1,戶外,BESS2_rack03_alert,4,48,Rack03單體電壓下限保護,Boolean,1,protection,"BESS2_rack03_status,4,83",PCS2
儲能櫃2_1,戶外,BESS2_rack03_alert,4,49,Rack03充電溫度上限保護,Boolean,1,protection,"BESS2_rack03_status,4,89",PCS2
儲能櫃2_1,戶外,BESS2_rack03_alert,4,50,Rack03充電溫度下限保護,Boolean,1,protection,"BESS2_rack03_status,4,91",PCS2
儲能櫃2_1,戶外,BESS2_rack03_alert,4,51,Rack03放電溫度上限保護,Boolean,1,protection,"BESS2_rack03_status,4,89",PCS2
儲能櫃2_1,戶外,BESS2_rack03_alert,4,52,Rack03放電溫度下限保護,Boolean,1,protection,"BESS2_rack03_status,4,91",PCS2
儲能櫃2_1,戶外,BESS2_rack03_alert,4,53,Rack03單體溫度上限保護,Boolean,1,protection,"BESS2_rack03_status,4,89",PCS2
儲能櫃2_1,戶外,BESS2_rack03_alert,4,54,Rack03單體溫度下限保護,Boolean,1,protection,"BESS2_rack03_status,4,91",PCS2
儲能櫃2_1,戶外,BESS2_rack03_alert,4,55,Rack03環境溫度上限保護,Boolean,1,protection,"BESS2_rack03_status,4,59",PCS2
儲能櫃2_1,戶外,BESS2_rack03_alert,4,56,Rack03環境溫度下限保護,Boolean,1,protection,"BESS2_rack03_status,4,59",PCS2
儲能櫃2_1,戶外,BESS2_rack03_alert,4,57,Rack03動力線溫度上限保護,Boolean,1,protection,,PCS2
儲能櫃2_1,戶外,BESS2_rack03_alert,4,58,Rack03組SOC上限保護,Boolean,1,protection,"BESS2_rack03_status,4,55",PCS2
儲能櫃2_1,戶外,BESS2_rack03_alert,4,59,Rack03組SOC下限保護,Boolean,1,protection,"BESS2_rack03_status,4,55",PCS2
儲能櫃2_1,戶外,BESS2_rack03_alert,4,60,Rack03正極絕緣電阻下限保護,Boolean,1,protection,"BESS2_rack03_status,4,61",PCS2
儲能櫃2_1,戶外,BESS2_rack03_alert,4,61,Rack03負極絕緣電阻下限保護,Boolean,1,protection,"BESS2_rack03_status,4,63",PCS2
儲能櫃2_1,戶外,BESS2_rack03_alert,4,62,Rack03箱壓差上限保護,Boolean,1,protection,,PCS2
儲能櫃2_1,戶外,BESS2_rack03_alert,4,63,Rack03箱溫差上限保護,Boolean,1,protection,,PCS2
儲能櫃2_1,戶外,BESS2_rack03_alert,4,64,Rack03電池溫度溫升過快,Boolean,1,warning,,
儲能櫃2_1,戶外,BESS2_rack03_alert,4,65,Rack03動力線溫度溫升過快,Boolean,1,warning,,
儲能櫃2_1,戶外,BESS2_rack03_alert,4,66,Rack03BMU通訊故障,Boolean,1,fault,,
儲能櫃2_1,戶外,BESS2_rack03_alert,4,67,Rack03BCMU通訊故障,Boolean,1,fault,,
儲能櫃2_1,戶外,BESS2_rack03_alert,4,68,Rack03單體電壓採集線故障,Boolean,1,fault,,
儲能櫃2_1,戶外,BESS2_rack03_alert,4,69,Rack03總壓採集線故障,Boolean,1,fault,,
儲能櫃2_1,戶外,BESS2_rack03_alert,4,70,Rack03電流採集線故障,Boolean,1,fault,,
儲能櫃2_1,戶外,BESS2_rack03_alert,4,71,Rack03溫度採集斷線,Boolean,1,fault,,
儲能櫃2_1,戶外,BESS2_rack03_alert,4,72,Rack03溫度採集短路,Boolean,1,fault,,
儲能櫃2_1,戶外,BESS2_rack03_alert,4,73,Rack03BMS設備故障,Boolean,1,fault,,
儲能櫃2_1,戶外,BESS2_rack03_alert,4,74,Rack03單體電壓無效,Boolean,1,fault,,
儲能櫃2_1,戶外,BESS2_rack03_alert,4,75,Rack03單體溫度無效,Boolean,1,fault,,
儲能櫃2_1,戶外,BESS2_rack03_alert,4,76,Rack03組端電壓無效,Boolean,1,protection,,PCS2
儲能櫃2_1,戶外,BESS2_rack03_alert,4,77,Rack03組電流異常,Boolean,1,protection,,PCS2
儲能櫃2_1,戶外,BESS2_rack03_alert,4,78,Rack03消防報警,Boolean,1,protection,,PCS2
儲能櫃2_1,戶外,BESS2_rack03_alert,4,79,Rack03水浸報警,Boolean,1,protection,,PCS2
儲能櫃2_1,戶外,BESS2_rack04_alert,5,1,Rack04組端電壓上限預警,Boolean,1,earlywarning,"BESS2_rack04_status,5,51",
儲能櫃2_1,戶外,BESS2_rack04_alert,5,2,Rack04組端電壓下限預警,Boolean,1,earlywarning,"BESS2_rack04_status,5,51",
儲能櫃2_1,戶外,BESS2_rack04_alert,5,3,Rack04充電電流上限預警,Boolean,1,earlywarning,"BESS2_rack04_status,5,53",
儲能櫃2_1,戶外,BESS2_rack04_alert,5,4,Rack04放電電流上限預警,Boolean,1,earlywarning,"BESS2_rack04_status,5,53",
儲能櫃2_1,戶外,BESS2_rack04_alert,5,5,Rack04單體電壓上限預警,Boolean,1,earlywarning,"BESS2_rack04_status,5,81",
儲能櫃2_1,戶外,BESS2_rack04_alert,5,6,Rack04單體電壓下限預警,Boolean,1,earlywarning,"BESS2_rack04_status,5,83",
儲能櫃2_1,戶外,BESS2_rack04_alert,5,7,Rack04充電溫度上限預警,Boolean,1,earlywarning,"BESS2_rack04_status,5,89",
儲能櫃2_1,戶外,BESS2_rack04_alert,5,8,Rack04充電溫度下限預警,Boolean,1,earlywarning,"BESS2_rack04_status,5,91",
儲能櫃2_1,戶外,BESS2_rack04_alert,5,9,Rack04放電溫度上限預警,Boolean,1,earlywarning,"BESS2_rack04_status,5,89",
儲能櫃2_1,戶外,BESS2_rack04_alert,5,10,Rack04放電溫度下限預警,Boolean,1,earlywarning,"BESS2_rack04_status,5,91",
儲能櫃2_1,戶外,BESS2_rack04_alert,5,11,Rack04單體溫度上限預警,Boolean,1,earlywarning,"BESS2_rack04_status,5,89",
儲能櫃2_1,戶外,BESS2_rack04_alert,5,12,Rack04單體溫度下限預警,Boolean,1,earlywarning,"BESS2_rack04_status,5,91",
儲能櫃2_1,戶外,BESS2_rack04_alert,5,13,Rack04環境溫度上限預警,Boolean,1,earlywarning,"BESS2_rack04_status,5,59",
儲能櫃2_1,戶外,BESS2_rack04_alert,5,14,Rack04環境溫度下限預警,Boolean,1,earlywarning,"BESS2_rack04_status,5,59",
儲能櫃2_1,戶外,BESS2_rack04_alert,5,15,Rack04動力線溫度上限預警,Boolean,1,earlywarning,,
儲能櫃2_1,戶外,BESS2_rack04_alert,5,16,Rack04組SOC上限預警,Boolean,1,earlywarning,"BESS2_rack04_status,5,55",
儲能櫃2_1,戶外,BESS2_rack04_alert,5,17,Rack04組SOC下限預警,Boolean,1,earlywarning,"BESS2_rack04_status,5,55",
儲能櫃2_1,戶外,BESS2_rack04_alert,5,18,Rack04正極絕緣電阻下限預警,Boolean,1,earlywarning,"BESS2_rack04_status,5,61",
儲能櫃2_1,戶外,BESS2_rack04_alert,5,19,Rack04負極絕緣電阻下限預警,Boolean,1,earlywarning,"BESS2_rack04_status,5,63",
儲能櫃2_1,戶外,BESS2_rack04_alert,5,20,Rack04箱壓差上限預警,Boolean,1,earlywarning,,
儲能櫃2_1,戶外,BESS2_rack04_alert,5,21,Rack04箱溫差上限預警,Boolean,1,earlywarning,,
儲能櫃2_1,戶外,BESS2_rack04_alert,5,22,Rack04組端電壓上限告警,Boolean,1,warning,"BESS2_rack04_status,5,51",
儲能櫃2_1,戶外,BESS2_rack04_alert,5,23,Rack04組端電壓下限告警,Boolean,1,warning,"BESS2_rack04_status,5,51",
儲能櫃2_1,戶外,BESS2_rack04_alert,5,24,Rack04充電電流上限告警,Boolean,1,warning,"BESS2_rack04_status,5,53",
儲能櫃2_1,戶外,BESS2_rack04_alert,5,25,Rack04放電電流上限告警,Boolean,1,warning,"BESS2_rack04_status,5,53",
儲能櫃2_1,戶外,BESS2_rack04_alert,5,26,Rack04單體電壓上限告警,Boolean,1,warning,"BESS2_rack04_status,5,81",
儲能櫃2_1,戶外,BESS2_rack04_alert,5,27,Rack04單體電壓下限告警,Boolean,1,warning,"BESS2_rack04_status,5,83",
儲能櫃2_1,戶外,BESS2_rack04_alert,5,28,Rack04充電溫度上限告警,Boolean,1,warning,"BESS2_rack04_status,5,89",
儲能櫃2_1,戶外,BESS2_rack04_alert,5,29,Rack04充電溫度下限告警,Boolean,1,warning,"BESS2_rack04_status,5,91",
儲能櫃2_1,戶外,BESS2_rack04_alert,5,30,Rack04放電溫度上限告警,Boolean,1,warning,"BESS2_rack04_status,5,89",
儲能櫃2_1,戶外,BESS2_rack04_alert,5,31,Rack04放電溫度下限告警,Boolean,1,warning,"BESS2_rack04_status,5,91",
儲能櫃2_1,戶外,BESS2_rack04_alert,5,32,Rack04單體溫度上限告警,Boolean,1,warning,"BESS2_rack04_status,5,89",
儲能櫃2_1,戶外,BESS2_rack04_alert,5,33,Rack04單體溫度下限告警,Boolean,1,warning,"BESS2_rack04_status,5,91",
儲能櫃2_1,戶外,BESS2_rack04_alert,5,34,Rack04環境溫度上限告警,Boolean,1,warning,"BESS2_rack04_status,5,59",
儲能櫃2_1,戶外,BESS2_rack04_alert,5,35,Rack04環境溫度下限告警,Boolean,1,warning,"BESS2_rack04_status,5,59",
儲能櫃2_1,戶外,BESS2_rack04_alert,5,36,Rack04動力線溫度上限告警,Boolean,1,warning,,
儲能櫃2_1,戶外,BESS2_rack04_alert,5,37,Rack04組SOC上限告警,Boolean,1,warning,"BESS2_rack04_status,5,55",
儲能櫃2_1,戶外,BESS2_rack04_alert,5,38,Rack04組SOC下限告警,Boolean,1,warning,"BESS2_rack04_status,5,55",
儲能櫃2_1,戶外,BESS2_rack04_alert,5,39,Rack04正極絕緣電阻下限告警,Boolean,1,warning,"BESS2_rack04_status,5,61",
儲能櫃2_1,戶外,BESS2_rack04_alert,5,40,Rack04負極絕緣電阻下限告警,Boolean,1,warning,"BESS2_rack04_status,5,63",
儲能櫃2_1,戶外,BESS2_rack04_alert,5,41,Rack04箱壓差上限告警,Boolean,1,warning,,
儲能櫃2_1,戶外,BESS2_rack04_alert,5,42,Rack04箱溫差上限告警,Boolean,1,warning,,
儲能櫃2_1,戶外,BESS2_rack04_alert,5,43,Rack04組端電壓上限保護,Boolean,1,protection,"BESS2_rack04_status,5,51",PCS2
儲能櫃2_1,戶外,BESS2_rack04_alert,5,44,Rack04組端電壓下限保護,Boolean,1,protection,"BESS2_rack04_status,5,51",PCS2
儲能櫃2_1,戶外,BESS2_rack04_alert,5,45,Rack04充電電流上限保護,Boolean,1,protection,"BESS2_rack04_status,5,53",PCS2
儲能櫃2_1,戶外,BESS2_rack04_alert,5,46,Rack04放電電流上限保護,Boolean,1,protection,"BESS2_rack04_status,5,53",PCS2
儲能櫃2_1,戶外,BESS2_rack04_alert,5,47,Rack04單體電壓上限保護,Boolean,1,protection,"BESS2_rack04_status,5,81",PCS2
儲能櫃2_1,戶外,BESS2_rack04_alert,5,48,Rack04單體電壓下限保護,Boolean,1,protection,"BESS2_rack04_status,5,83",PCS2
儲能櫃2_1,戶外,BESS2_rack04_alert,5,49,Rack04充電溫度上限保護,Boolean,1,protection,"BESS2_rack04_status,5,89",PCS2
儲能櫃2_1,戶外,BESS2_rack04_alert,5,50,Rack04充電溫度下限保護,Boolean,1,protection,"BESS2_rack04_status,5,91",PCS2
儲能櫃2_1,戶外,BESS2_rack04_alert,5,51,Rack04放電溫度上限保護,Boolean,1,protection,"BESS2_rack04_status,5,89",PCS2
儲能櫃2_1,戶外,BESS2_rack04_alert,5,52,Rack04放電溫度下限保護,Boolean,1,protection,"BESS2_rack04_status,5,91",PCS2
儲能櫃2_1,戶外,BESS2_rack04_alert,5,53,Rack04單體溫度上限保護,Boolean,1,protection,"BESS2_rack04_status,5,89",PCS2
儲能櫃2_1,戶外,BESS2_rack04_alert,5,54,Rack04單體溫度下限保護,Boolean,1,protection,"BESS2_rack04_status,5,91",PCS2
儲能櫃2_1,戶外,BESS2_rack04_alert,5,55,Rack04環境溫度上限保護,Boolean,1,protection,"BESS2_rack04_status,5,59",PCS2
儲能櫃2_1,戶外,BESS2_rack04_alert,5,56,Rack04環境溫度下限保護,Boolean,1,protection,"BESS2_rack04_status,5,59",PCS2
儲能櫃2_1,戶外,BESS2_rack04_alert,5,57,Rack04動力線溫度上限保護,Boolean,1,protection,,PCS2
儲能櫃2_1,戶外,BESS2_rack04_alert,5,58,Rack04組SOC上限保護,Boolean,1,protection,"BESS2_rack04_status,5,55",PCS2
儲能櫃2_1,戶外,BESS2_rack04_alert,5,59,Rack04組SOC下限保護,Boolean,1,protection,"BESS2_rack04_status,5,55",PCS2
儲能櫃2_1,戶外,BESS2_rack04_alert,5,60,Rack04正極絕緣電阻下限保護,Boolean,1,protection,"BESS2_rack04_status,5,61",PCS2
儲能櫃2_1,戶外,BESS2_rack04_alert,5,61,Rack04負極絕緣電阻下限保護,Boolean,1,protection,"BESS2_rack04_status,5,63",PCS2
儲能櫃2_1,戶外,BESS2_rack04_alert,5,62,Rack04箱壓差上限保護,Boolean,1,protection,,PCS2
儲能櫃2_1,戶外,BESS2_rack04_alert,5,63,Rack04箱溫差上限保護,Boolean,1,protection,,PCS2
儲能櫃2_1,戶外,BESS2_rack04_alert,5,64,Rack04電池溫度溫升過快,Boolean,1,warning,,
儲能櫃2_1,戶外,BESS2_rack04_alert,5,65,Rack04動力線溫度溫升過快,Boolean,1,warning,,
儲能櫃2_1,戶外,BESS2_rack04_alert,5,66,Rack04BMU通訊故障,Boolean,1,fault,,
儲能櫃2_1,戶外,BESS2_rack04_alert,5,67,Rack04BCMU通訊故障,Boolean,1,fault,,
儲能櫃2_1,戶外,BESS2_rack04_alert,5,68,Rack04單體電壓採集線故障,Boolean,1,fault,,
儲能櫃2_1,戶外,BESS2_rack04_alert,5,69,Rack04總壓採集線故障,Boolean,1,fault,,
儲能櫃2_1,戶外,BESS2_rack04_alert,5,70,Rack04電流採集線故障,Boolean,1,fault,,
儲能櫃2_1,戶外,BESS2_rack04_alert,5,71,Rack04溫度採集斷線,Boolean,1,fault,,
儲能櫃2_1,戶外,BESS2_rack04_alert,5,72,Rack04溫度採集短路,Boolean,1,fault,,
儲能櫃2_1,戶外,BESS2_rack04_alert,5,73,Rack04BMS設備故障,Boolean,1,fault,,
儲能櫃2_1,戶外,BESS2_rack04_alert,5,74,Rack04單體電壓無效,Boolean,1,fault,,
儲能櫃2_1,戶外,BESS2_rack04_alert,5,75,Rack04單體溫度無效,Boolean,1,fault,,
儲能櫃2_1,戶外,BESS2_rack04_alert,5,76,Rack04組端電壓無效,Boolean,1,protection,,PCS2
儲能櫃2_1,戶外,BESS2_rack04_alert,5,77,Rack04組電流異常,Boolean,1,protection,,PCS2
儲能櫃2_1,戶外,BESS2_rack04_alert,5,78,Rack04消防報警,Boolean,1,protection,,PCS2
儲能櫃2_1,戶外,BESS2_rack04_alert,5,79,Rack04水浸報警,Boolean,1,protection,,PCS2
儲能櫃2_1,戶外,BESS2_rack05_alert,6,1,Rack05組端電壓上限預警,Boolean,1,earlywarning,"BESS2_rack05_status,6,51",
儲能櫃2_1,戶外,BESS2_rack05_alert,6,2,Rack05組端電壓下限預警,Boolean,1,earlywarning,"BESS2_rack05_status,6,51",
儲能櫃2_1,戶外,BESS2_rack05_alert,6,3,Rack05充電電流上限預警,Boolean,1,earlywarning,"BESS2_rack05_status,6,53",
儲能櫃2_1,戶外,BESS2_rack05_alert,6,4,Rack05放電電流上限預警,Boolean,1,earlywarning,"BESS2_rack05_status,6,53",
儲能櫃2_1,戶外,BESS2_rack05_alert,6,5,Rack05單體電壓上限預警,Boolean,1,earlywarning,"BESS2_rack05_status,6,81",
儲能櫃2_1,戶外,BESS2_rack05_alert,6,6,Rack05單體電壓下限預警,Boolean,1,earlywarning,"BESS2_rack05_status,6,83",
儲能櫃2_1,戶外,BESS2_rack05_alert,6,7,Rack05充電溫度上限預警,Boolean,1,earlywarning,"BESS2_rack05_status,6,89",
儲能櫃2_1,戶外,BESS2_rack05_alert,6,8,Rack05充電溫度下限預警,Boolean,1,earlywarning,"BESS2_rack05_status,6,91",
儲能櫃2_1,戶外,BESS2_rack05_alert,6,9,Rack05放電溫度上限預警,Boolean,1,earlywarning,"BESS2_rack05_status,6,89",
儲能櫃2_1,戶外,BESS2_rack05_alert,6,10,Rack05放電溫度下限預警,Boolean,1,earlywarning,"BESS2_rack05_status,6,91",
儲能櫃2_1,戶外,BESS2_rack05_alert,6,11,Rack05單體溫度上限預警,Boolean,1,earlywarning,"BESS2_rack05_status,6,89",
儲能櫃2_1,戶外,BESS2_rack05_alert,6,12,Rack05單體溫度下限預警,Boolean,1,earlywarning,"BESS2_rack05_status,6,91",
儲能櫃2_1,戶外,BESS2_rack05_alert,6,13,Rack05環境溫度上限預警,Boolean,1,earlywarning,"BESS2_rack05_status,6,59",
儲能櫃2_1,戶外,BESS2_rack05_alert,6,14,Rack05環境溫度下限預警,Boolean,1,earlywarning,"BESS2_rack05_status,6,59",
儲能櫃2_1,戶外,BESS2_rack05_alert,6,15,Rack05動力線溫度上限預警,Boolean,1,earlywarning,,
儲能櫃2_1,戶外,BESS2_rack05_alert,6,16,Rack05組SOC上限預警,Boolean,1,earlywarning,"BESS2_rack05_status,6,55",
儲能櫃2_1,戶外,BESS2_rack05_alert,6,17,Rack05組SOC下限預警,Boolean,1,earlywarning,"BESS2_rack05_status,6,55",
儲能櫃2_1,戶外,BESS2_rack05_alert,6,18,Rack05正極絕緣電阻下限預警,Boolean,1,earlywarning,"BESS2_rack05_status,6,61",
儲能櫃2_1,戶外,BESS2_rack05_alert,6,19,Rack05負極絕緣電阻下限預警,Boolean,1,earlywarning,"BESS2_rack05_status,6,63",
儲能櫃2_1,戶外,BESS2_rack05_alert,6,20,Rack05箱壓差上限預警,Boolean,1,earlywarning,,
儲能櫃2_1,戶外,BESS2_rack05_alert,6,21,Rack05箱溫差上限預警,Boolean,1,earlywarning,,
儲能櫃2_1,戶外,BESS2_rack05_alert,6,22,Rack05組端電壓上限告警,Boolean,1,warning,"BESS2_rack05_status,6,51",
儲能櫃2_1,戶外,BESS2_rack05_alert,6,23,Rack05組端電壓下限告警,Boolean,1,warning,"BESS2_rack05_status,6,51",
儲能櫃2_1,戶外,BESS2_rack05_alert,6,24,Rack05充電電流上限告警,Boolean,1,warning,"BESS2_rack05_status,6,53",
儲能櫃2_1,戶外,BESS2_rack05_alert,6,25,Rack05放電電流上限告警,Boolean,1,warning,"BESS2_rack05_status,6,53",
儲能櫃2_1,戶外,BESS2_rack05_alert,6,26,Rack05單體電壓上限告警,Boolean,1,warning,"BESS2_rack05_status,6,81",
儲能櫃2_1,戶外,BESS2_rack05_alert,6,27,Rack05單體電壓下限告警,Boolean,1,warning,"BESS2_rack05_status,6,83",
儲能櫃2_1,戶外,BESS2_rack05_alert,6,28,Rack05充電溫度上限告警,Boolean,1,warning,"BESS2_rack05_status,6,89",
儲能櫃2_1,戶外,BESS2_rack05_alert,6,29,Rack05充電溫度下限告警,Boolean,1,warning,"BESS2_rack05_status,6,91",
儲能櫃2_1,戶外,BESS2_rack05_alert,6,30,Rack05放電溫度上限告警,Boolean,1,warning,"BESS2_rack05_status,6,89",
儲能櫃2_1,戶外,BESS2_rack05_alert,6,31,Rack05放電溫度下限告警,Boolean,1,warning,"BESS2_rack05_status,6,91",
儲能櫃2_1,戶外,BESS2_rack05_alert,6,32,Rack05單體溫度上限告警,Boolean,1,warning,"BESS2_rack05_status,6,89",
儲能櫃2_1,戶外,BESS2_rack05_alert,6,33,Rack05單體溫度下限告警,Boolean,1,warning,"BESS2_rack05_status,6,91",
儲能櫃2_1,戶外,BESS2_rack05_alert,6,34,Rack05環境溫度上限告警,Boolean,1,warning,"BESS2_rack05_status,6,59",
儲能櫃2_1,戶外,BESS2_rack05_alert,6,35,Rack05環境溫度下限告警,Boolean,1,warning,"BESS2_rack05_status,6,59",
儲能櫃2_1,戶外,BESS2_rack05_alert,6,36,Rack05動力線溫度上限告警,Boolean,1,warning,,
儲能櫃2_1,戶外,BESS2_rack05_alert,6,37,Rack05組SOC上限告警,Boolean,1,warning,"BESS2_rack05_status,6,55",
儲能櫃2_1,戶外,BESS2_rack05_alert,6,38,Rack05組SOC下限告警,Boolean,1,warning,"BESS2_rack05_status,6,55",
儲能櫃2_1,戶外,BESS2_rack05_alert,6,39,Rack05正極絕緣電阻下限告警,Boolean,1,warning,"BESS2_rack05_status,6,61",
儲能櫃2_1,戶外,BESS2_rack05_alert,6,40,Rack05負極絕緣電阻下限告警,Boolean,1,warning,"BESS2_rack05_status,6,63",
儲能櫃2_1,戶外,BESS2_rack05_alert,6,41,Rack05箱壓差上限告警,Boolean,1,warning,,
儲能櫃2_1,戶外,BESS2_rack05_alert,6,42,Rack05箱溫差上限告警,Boolean,1,warning,,
儲能櫃2_1,戶外,BESS2_rack05_alert,6,43,Rack05組端電壓上限保護,Boolean,1,protection,"BESS2_rack05_status,6,51",PCS2
儲能櫃2_1,戶外,BESS2_rack05_alert,6,44,Rack05組端電壓下限保護,Boolean,1,protection,"BESS2_rack05_status,6,51",PCS2
儲能櫃2_1,戶外,BESS2_rack05_alert,6,45,Rack05充電電流上限保護,Boolean,1,protection,"BESS2_rack05_status,6,53",PCS2
儲能櫃2_1,戶外,BESS2_rack05_alert,6,46,Rack05放電電流上限保護,Boolean,1,protection,"BESS2_rack05_status,6,53",PCS2
儲能櫃2_1,戶外,BESS2_rack05_alert,6,47,Rack05單體電壓上限保護,Boolean,1,protection,"BESS2_rack05_status,6,81",PCS2
儲能櫃2_1,戶外,BESS2_rack05_alert,6,48,Rack05單體電壓下限保護,Boolean,1,protection,"BESS2_rack05_status,6,83",PCS2
儲能櫃2_1,戶外,BESS2_rack05_alert,6,49,Rack05充電溫度上限保護,Boolean,1,protection,"BESS2_rack05_status,6,89",PCS2
儲能櫃2_1,戶外,BESS2_rack05_alert,6,50,Rack05充電溫度下限保護,Boolean,1,protection,"BESS2_rack05_status,6,91",PCS2
儲能櫃2_1,戶外,BESS2_rack05_alert,6,51,Rack05放電溫度上限保護,Boolean,1,protection,"BESS2_rack05_status,6,89",PCS2
儲能櫃2_1,戶外,BESS2_rack05_alert,6,52,Rack05放電溫度下限保護,Boolean,1,protection,"BESS2_rack05_status,6,91",PCS2
儲能櫃2_1,戶外,BESS2_rack05_alert,6,53,Rack05單體溫度上限保護,Boolean,1,protection,"BESS2_rack05_status,6,89",PCS2
儲能櫃2_1,戶外,BESS2_rack05_alert,6,54,Rack05單體溫度下限保護,Boolean,1,protection,"BESS2_rack05_status,6,91",PCS2
儲能櫃2_1,戶外,BESS2_rack05_alert,6,55,Rack05環境溫度上限保護,Boolean,1,protection,"BESS2_rack05_status,6,59",PCS2
儲能櫃2_1,戶外,BESS2_rack05_alert,6,56,Rack05環境溫度下限保護,Boolean,1,protection,"BESS2_rack05_status,6,59",PCS2
儲能櫃2_1,戶外,BESS2_rack05_alert,6,57,Rack05動力線溫度上限保護,Boolean,1,protection,,PCS2
儲能櫃2_1,戶外,BESS2_rack05_alert,6,58,Rack05組SOC上限保護,Boolean,1,protection,"BESS2_rack05_status,6,55",PCS2
儲能櫃2_1,戶外,BESS2_rack05_alert,6,59,Rack05組SOC下限保護,Boolean,1,protection,"BESS2_rack05_status,6,55",PCS2
儲能櫃2_1,戶外,BESS2_rack05_alert,6,60,Rack05正極絕緣電阻下限保護,Boolean,1,protection,"BESS2_rack05_status,6,61",PCS2
儲能櫃2_1,戶外,BESS2_rack05_alert,6,61,Rack05負極絕緣電阻下限保護,Boolean,1,protection,"BESS2_rack05_status,6,63",PCS2
儲能櫃2_1,戶外,BESS2_rack05_alert,6,62,Rack05箱壓差上限保護,Boolean,1,protection,,PCS2
儲能櫃2_1,戶外,BESS2_rack05_alert,6,63,Rack05箱溫差上限保護,Boolean,1,protection,,PCS2
儲能櫃2_1,戶外,BESS2_rack05_alert,6,64,Rack05電池溫度溫升過快,Boolean,1,warning,,
儲能櫃2_1,戶外,BESS2_rack05_alert,6,65,Rack05動力線溫度溫升過快,Boolean,1,warning,,
儲能櫃2_1,戶外,BESS2_rack05_alert,6,66,Rack05BMU通訊故障,Boolean,1,fault,,
儲能櫃2_1,戶外,BESS2_rack05_alert,6,67,Rack05BCMU通訊故障,Boolean,1,fault,,
儲能櫃2_1,戶外,BESS2_rack05_alert,6,68,Rack05單體電壓採集線故障,Boolean,1,fault,,
儲能櫃2_1,戶外,BESS2_rack05_alert,6,69,Rack05總壓採集線故障,Boolean,1,fault,,
儲能櫃2_1,戶外,BESS2_rack05_alert,6,70,Rack05電流採集線故障,Boolean,1,fault,,
儲能櫃2_1,戶外,BESS2_rack05_alert,6,71,Rack05溫度採集斷線,Boolean,1,fault,,
儲能櫃2_1,戶外,BESS2_rack05_alert,6,72,Rack05溫度採集短路,Boolean,1,fault,,
儲能櫃2_1,戶外,BESS2_rack05_alert,6,73,Rack05BMS設備故障,Boolean,1,fault,,
儲能櫃2_1,戶外,BESS2_rack05_alert,6,74,Rack05單體電壓無效,Boolean,1,fault,,
儲能櫃2_1,戶外,BESS2_rack05_alert,6,75,Rack05單體溫度無效,Boolean,1,fault,,
儲能櫃2_1,戶外,BESS2_rack05_alert,6,76,Rack05組端電壓無效,Boolean,1,protection,,PCS2
儲能櫃2_1,戶外,BESS2_rack05_alert,6,77,Rack05組電流異常,Boolean,1,protection,,PCS2
儲能櫃2_1,戶外,BESS2_rack05_alert,6,78,Rack05消防報警,Boolean,1,protection,,PCS2
儲能櫃2_1,戶外,BESS2_rack05_alert,6,79,Rack05水浸報警,Boolean,1,protection,,PCS2
儲能櫃2_1,戶外,BESS2_rack06_alert,7,1,Rack06組端電壓上限預警,Boolean,1,earlywarning,"BESS2_rack06_status,7,51",
儲能櫃2_1,戶外,BESS2_rack06_alert,7,2,Rack06組端電壓下限預警,Boolean,1,earlywarning,"BESS2_rack06_status,7,51",
儲能櫃2_1,戶外,BESS2_rack06_alert,7,3,Rack06充電電流上限預警,Boolean,1,earlywarning,"BESS2_rack06_status,7,53",
儲能櫃2_1,戶外,BESS2_rack06_alert,7,4,Rack06放電電流上限預警,Boolean,1,earlywarning,"BESS2_rack06_status,7,53",
儲能櫃2_1,戶外,BESS2_rack06_alert,7,5,Rack06單體電壓上限預警,Boolean,1,earlywarning,"BESS2_rack06_status,7,81",
儲能櫃2_1,戶外,BESS2_rack06_alert,7,6,Rack06單體電壓下限預警,Boolean,1,earlywarning,"BESS2_rack06_status,7,83",
儲能櫃2_1,戶外,BESS2_rack06_alert,7,7,Rack06充電溫度上限預警,Boolean,1,earlywarning,"BESS2_rack06_status,7,89",
儲能櫃2_1,戶外,BESS2_rack06_alert,7,8,Rack06充電溫度下限預警,Boolean,1,earlywarning,"BESS2_rack06_status,7,91",
儲能櫃2_1,戶外,BESS2_rack06_alert,7,9,Rack06放電溫度上限預警,Boolean,1,earlywarning,"BESS2_rack06_status,7,89",
儲能櫃2_1,戶外,BESS2_rack06_alert,7,10,Rack06放電溫度下限預警,Boolean,1,earlywarning,"BESS2_rack06_status,7,91",
儲能櫃2_1,戶外,BESS2_rack06_alert,7,11,Rack06單體溫度上限預警,Boolean,1,earlywarning,"BESS2_rack06_status,7,89",
儲能櫃2_1,戶外,BESS2_rack06_alert,7,12,Rack06單體溫度下限預警,Boolean,1,earlywarning,"BESS2_rack06_status,7,91",
儲能櫃2_1,戶外,BESS2_rack06_alert,7,13,Rack06環境溫度上限預警,Boolean,1,earlywarning,"BESS2_rack06_status,7,59",
儲能櫃2_1,戶外,BESS2_rack06_alert,7,14,Rack06環境溫度下限預警,Boolean,1,earlywarning,"BESS2_rack06_status,7,59",
儲能櫃2_1,戶外,BESS2_rack06_alert,7,15,Rack06動力線溫度上限預警,Boolean,1,earlywarning,,
儲能櫃2_1,戶外,BESS2_rack06_alert,7,16,Rack06組SOC上限預警,Boolean,1,earlywarning,"BESS2_rack06_status,7,55",
儲能櫃2_1,戶外,BESS2_rack06_alert,7,17,Rack06組SOC下限預警,Boolean,1,earlywarning,"BESS2_rack06_status,7,55",
儲能櫃2_1,戶外,BESS2_rack06_alert,7,18,Rack06正極絕緣電阻下限預警,Boolean,1,earlywarning,"BESS2_rack06_status,7,61",
儲能櫃2_1,戶外,BESS2_rack06_alert,7,19,Rack06負極絕緣電阻下限預警,Boolean,1,earlywarning,"BESS2_rack06_status,7,63",
儲能櫃2_1,戶外,BESS2_rack06_alert,7,20,Rack06箱壓差上限預警,Boolean,1,earlywarning,,
儲能櫃2_1,戶外,BESS2_rack06_alert,7,21,Rack06箱溫差上限預警,Boolean,1,earlywarning,,
儲能櫃2_1,戶外,BESS2_rack06_alert,7,22,Rack06組端電壓上限告警,Boolean,1,warning,"BESS2_rack06_status,7,51",
儲能櫃2_1,戶外,BESS2_rack06_alert,7,23,Rack06組端電壓下限告警,Boolean,1,warning,"BESS2_rack06_status,7,51",
儲能櫃2_1,戶外,BESS2_rack06_alert,7,24,Rack06充電電流上限告警,Boolean,1,warning,"BESS2_rack06_status,7,53",
儲能櫃2_1,戶外,BESS2_rack06_alert,7,25,Rack06放電電流上限告警,Boolean,1,warning,"BESS2_rack06_status,7,53",
儲能櫃2_1,戶外,BESS2_rack06_alert,7,26,Rack06單體電壓上限告警,Boolean,1,warning,"BESS2_rack06_status,7,81",
儲能櫃2_1,戶外,BESS2_rack06_alert,7,27,Rack06單體電壓下限告警,Boolean,1,warning,"BESS2_rack06_status,7,83",
儲能櫃2_1,戶外,BESS2_rack06_alert,7,28,Rack06充電溫度上限告警,Boolean,1,warning,"BESS2_rack06_status,7,89",
儲能櫃2_1,戶外,BESS2_rack06_alert,7,29,Rack06充電溫度下限告警,Boolean,1,warning,"BESS2_rack06_status,7,91",
儲能櫃2_1,戶外,BESS2_rack06_alert,7,30,Rack06放電溫度上限告警,Boolean,1,warning,"BESS2_rack06_status,7,89",
儲能櫃2_1,戶外,BESS2_rack06_alert,7,31,Rack06放電溫度下限告警,Boolean,1,warning,"BESS2_rack06_status,7,91",
儲能櫃2_1,戶外,BESS2_rack06_alert,7,32,Rack06單體溫度上限告警,Boolean,1,warning,"BESS2_rack06_status,7,89",
儲能櫃2_1,戶外,BESS2_rack06_alert,7,33,Rack06單體溫度下限告警,Boolean,1,warning,"BESS2_rack06_status,7,91",
儲能櫃2_1,戶外,BESS2_rack06_alert,7,34,Rack06環境溫度上限告警,Boolean,1,warning,"BESS2_rack06_status,7,59",
儲能櫃2_1,戶外,BESS2_rack06_alert,7,35,Rack06環境溫度下限告警,Boolean,1,warning,"BESS2_rack06_status,7,59",
儲能櫃2_1,戶外,BESS2_rack06_alert,7,36,Rack06動力線溫度上限告警,Boolean,1,warning,,
儲能櫃2_1,戶外,BESS2_rack06_alert,7,37,Rack06組SOC上限告警,Boolean,1,warning,"BESS2_rack06_status,7,55",
儲能櫃2_1,戶外,BESS2_rack06_alert,7,38,Rack06組SOC下限告警,Boolean,1,warning,"BESS2_rack06_status,7,55",
儲能櫃2_1,戶外,BESS2_rack06_alert,7,39,Rack06正極絕緣電阻下限告警,Boolean,1,warning,"BESS2_rack06_status,7,61",
儲能櫃2_1,戶外,BESS2_rack06_alert,7,40,Rack06負極絕緣電阻下限告警,Boolean,1,warning,"BESS2_rack06_status,7,63",
儲能櫃2_1,戶外,BESS2_rack06_alert,7,41,Rack06箱壓差上限告警,Boolean,1,warning,,
儲能櫃2_1,戶外,BESS2_rack06_alert,7,42,Rack06箱溫差上限告警,Boolean,1,warning,,
儲能櫃2_1,戶外,BESS2_rack06_alert,7,43,Rack06組端電壓上限保護,Boolean,1,protection,"BESS2_rack06_status,7,51",PCS2
儲能櫃2_1,戶外,BESS2_rack06_alert,7,44,Rack06組端電壓下限保護,Boolean,1,protection,"BESS2_rack06_status,7,51",PCS2
儲能櫃2_1,戶外,BESS2_rack06_alert,7,45,Rack06充電電流上限保護,Boolean,1,protection,"BESS2_rack06_status,7,53",PCS2
儲能櫃2_1,戶外,BESS2_rack06_alert,7,46,Rack06放電電流上限保護,Boolean,1,protection,"BESS2_rack06_status,7,53",PCS2
儲能櫃2_1,戶外,BESS2_rack06_alert,7,47,Rack06單體電壓上限保護,Boolean,1,protection,"BESS2_rack06_status,7,81",PCS2
儲能櫃2_1,戶外,BESS2_rack06_alert,7,48,Rack06單體電壓下限保護,Boolean,1,protection,"BESS2_rack06_status,7,83",PCS2
儲能櫃2_1,戶外,BESS2_rack06_alert,7,49,Rack06充電溫度上限保護,Boolean,1,protection,"BESS2_rack06_status,7,89",PCS2
儲能櫃2_1,戶外,BESS2_rack06_alert,7,50,Rack06充電溫度下限保護,Boolean,1,protection,"BESS2_rack06_status,7,91",PCS2
儲能櫃2_1,戶外,BESS2_rack06_alert,7,51,Rack06放電溫度上限保護,Boolean,1,protection,"BESS2_rack06_status,7,89",PCS2
儲能櫃2_1,戶外,BESS2_rack06_alert,7,52,Rack06放電溫度下限保護,Boolean,1,protection,"BESS2_rack06_status,7,91",PCS2
儲能櫃2_1,戶外,BESS2_rack06_alert,7,53,Rack06單體溫度上限保護,Boolean,1,protection,"BESS2_rack06_status,7,89",PCS2
儲能櫃2_1,戶外,BESS2_rack06_alert,7,54,Rack06單體溫度下限保護,Boolean,1,protection,"BESS2_rack06_status,7,91",PCS2
儲能櫃2_1,戶外,BESS2_rack06_alert,7,55,Rack06環境溫度上限保護,Boolean,1,protection,"BESS2_rack06_status,7,59",PCS2
儲能櫃2_1,戶外,BESS2_rack06_alert,7,56,Rack06環境溫度下限保護,Boolean,1,protection,"BESS2_rack06_status,7,59",PCS2
儲能櫃2_1,戶外,BESS2_rack06_alert,7,57,Rack06動力線溫度上限保護,Boolean,1,protection,,PCS2
儲能櫃2_1,戶外,BESS2_rack06_alert,7,58,Rack06組SOC上限保護,Boolean,1,protection,"BESS2_rack06_status,7,55",PCS2
儲能櫃2_1,戶外,BESS2_rack06_alert,7,59,Rack06組SOC下限保護,Boolean,1,protection,"BESS2_rack06_status,7,55",PCS2
儲能櫃2_1,戶外,BESS2_rack06_alert,7,60,Rack06正極絕緣電阻下限保護,Boolean,1,protection,"BESS2_rack06_status,7,61",PCS2
儲能櫃2_1,戶外,BESS2_rack06_alert,7,61,Rack06負極絕緣電阻下限保護,Boolean,1,protection,"BESS2_rack06_status,7,63",PCS2
儲能櫃2_1,戶外,BESS2_rack06_alert,7,62,Rack06箱壓差上限保護,Boolean,1,protection,,PCS2
儲能櫃2_1,戶外,BESS2_rack06_alert,7,63,Rack06箱溫差上限保護,Boolean,1,protection,,PCS2
儲能櫃2_1,戶外,BESS2_rack06_alert,7,64,Rack06電池溫度溫升過快,Boolean,1,warning,,
儲能櫃2_1,戶外,BESS2_rack06_alert,7,65,Rack06動力線溫度溫升過快,Boolean,1,warning,,
儲能櫃2_1,戶外,BESS2_rack06_alert,7,66,Rack06BMU通訊故障,Boolean,1,fault,,
儲能櫃2_1,戶外,BESS2_rack06_alert,7,67,Rack06BCMU通訊故障,Boolean,1,fault,,
儲能櫃2_1,戶外,BESS2_rack06_alert,7,68,Rack06單體電壓採集線故障,Boolean,1,fault,,
儲能櫃2_1,戶外,BESS2_rack06_alert,7,69,Rack06總壓採集線故障,Boolean,1,fault,,
儲能櫃2_1,戶外,BESS2_rack06_alert,7,70,Rack06電流採集線故障,Boolean,1,fault,,
儲能櫃2_1,戶外,BESS2_rack06_alert,7,71,Rack06溫度採集斷線,Boolean,1,fault,,
儲能櫃2_1,戶外,BESS2_rack06_alert,7,72,Rack06溫度採集短路,Boolean,1,fault,,
儲能櫃2_1,戶外,BESS2_rack06_alert,7,73,Rack06BMS設備故障,Boolean,1,fault,,
儲能櫃2_1,戶外,BESS2_rack06_alert,7,74,Rack06單體電壓無效,Boolean,1,fault,,
儲能櫃2_1,戶外,BESS2_rack06_alert,7,75,Rack06單體溫度無效,Boolean,1,fault,,
儲能櫃2_1,戶外,BESS2_rack06_alert,7,76,Rack06組端電壓無效,Boolean,1,protection,,PCS2
儲能櫃2_1,戶外,BESS2_rack06_alert,7,77,Rack06組電流異常,Boolean,1,protection,,PCS2
儲能櫃2_1,戶外,BESS2_rack06_alert,7,78,Rack06消防報警,Boolean,1,protection,,PCS2
儲能櫃2_1,戶外,BESS2_rack06_alert,7,79,Rack06水浸報警,Boolean,1,protection,,PCS2
儲能櫃2_1,戶外,BESS2_rack07_alert,8,1,Rack07組端電壓上限預警,Boolean,1,earlywarning,"BESS2_rack07_status,8,51",
儲能櫃2_1,戶外,BESS2_rack07_alert,8,2,Rack07組端電壓下限預警,Boolean,1,earlywarning,"BESS2_rack07_status,8,51",
儲能櫃2_1,戶外,BESS2_rack07_alert,8,3,Rack07充電電流上限預警,Boolean,1,earlywarning,"BESS2_rack07_status,8,53",
儲能櫃2_1,戶外,BESS2_rack07_alert,8,4,Rack07放電電流上限預警,Boolean,1,earlywarning,"BESS2_rack07_status,8,53",
儲能櫃2_1,戶外,BESS2_rack07_alert,8,5,Rack07單體電壓上限預警,Boolean,1,earlywarning,"BESS2_rack07_status,8,81",
儲能櫃2_1,戶外,BESS2_rack07_alert,8,6,Rack07單體電壓下限預警,Boolean,1,earlywarning,"BESS2_rack07_status,8,83",
儲能櫃2_1,戶外,BESS2_rack07_alert,8,7,Rack07充電溫度上限預警,Boolean,1,earlywarning,"BESS2_rack07_status,8,89",
儲能櫃2_1,戶外,BESS2_rack07_alert,8,8,Rack07充電溫度下限預警,Boolean,1,earlywarning,"BESS2_rack07_status,8,91",
儲能櫃2_1,戶外,BESS2_rack07_alert,8,9,Rack07放電溫度上限預警,Boolean,1,earlywarning,"BESS2_rack07_status,8,89",
儲能櫃2_1,戶外,BESS2_rack07_alert,8,10,Rack07放電溫度下限預警,Boolean,1,earlywarning,"BESS2_rack07_status,8,91",
儲能櫃2_1,戶外,BESS2_rack07_alert,8,11,Rack07單體溫度上限預警,Boolean,1,earlywarning,"BESS2_rack07_status,8,89",
儲能櫃2_1,戶外,BESS2_rack07_alert,8,12,Rack07單體溫度下限預警,Boolean,1,earlywarning,"BESS2_rack07_status,8,91",
儲能櫃2_1,戶外,BESS2_rack07_alert,8,13,Rack07環境溫度上限預警,Boolean,1,earlywarning,"BESS2_rack07_status,8,59",
儲能櫃2_1,戶外,BESS2_rack07_alert,8,14,Rack07環境溫度下限預警,Boolean,1,earlywarning,"BESS2_rack07_status,8,59",
儲能櫃2_1,戶外,BESS2_rack07_alert,8,15,Rack07動力線溫度上限預警,Boolean,1,earlywarning,,
儲能櫃2_1,戶外,BESS2_rack07_alert,8,16,Rack07組SOC上限預警,Boolean,1,earlywarning,"BESS2_rack07_status,8,55",
儲能櫃2_1,戶外,BESS2_rack07_alert,8,17,Rack07組SOC下限預警,Boolean,1,earlywarning,"BESS2_rack07_status,8,55",
儲能櫃2_1,戶外,BESS2_rack07_alert,8,18,Rack07正極絕緣電阻下限預警,Boolean,1,earlywarning,"BESS2_rack07_status,8,61",
儲能櫃2_1,戶外,BESS2_rack07_alert,8,19,Rack07負極絕緣電阻下限預警,Boolean,1,earlywarning,"BESS2_rack07_status,8,63",
儲能櫃2_1,戶外,BESS2_rack07_alert,8,20,Rack07箱壓差上限預警,Boolean,1,earlywarning,,
儲能櫃2_1,戶外,BESS2_rack07_alert,8,21,Rack07箱溫差上限預警,Boolean,1,earlywarning,,
儲能櫃2_1,戶外,BESS2_rack07_alert,8,22,Rack07組端電壓上限告警,Boolean,1,warning,"BESS2_rack07_status,8,51",
儲能櫃2_1,戶外,BESS2_rack07_alert,8,23,Rack07組端電壓下限告警,Boolean,1,warning,"BESS2_rack07_status,8,51",
儲能櫃2_1,戶外,BESS2_rack07_alert,8,24,Rack07充電電流上限告警,Boolean,1,warning,"BESS2_rack07_status,8,53",
儲能櫃2_1,戶外,BESS2_rack07_alert,8,25,Rack07放電電流上限告警,Boolean,1,warning,"BESS2_rack07_status,8,53",
儲能櫃2_1,戶外,BESS2_rack07_alert,8,26,Rack07單體電壓上限告警,Boolean,1,warning,"BESS2_rack07_status,8,81",
儲能櫃2_1,戶外,BESS2_rack07_alert,8,27,Rack07單體電壓下限告警,Boolean,1,warning,"BESS2_rack07_status,8,83",
儲能櫃2_1,戶外,BESS2_rack07_alert,8,28,Rack07充電溫度上限告警,Boolean,1,warning,"BESS2_rack07_status,8,89",
儲能櫃2_1,戶外,BESS2_rack07_alert,8,29,Rack07充電溫度下限告警,Boolean,1,warning,"BESS2_rack07_status,8,91",
儲能櫃2_1,戶外,BESS2_rack07_alert,8,30,Rack07放電溫度上限告警,Boolean,1,warning,"BESS2_rack07_status,8,89",
儲能櫃2_1,戶外,BESS2_rack07_alert,8,31,Rack07放電溫度下限告警,Boolean,1,warning,"BESS2_rack07_status,8,91",
儲能櫃2_1,戶外,BESS2_rack07_alert,8,32,Rack07單體溫度上限告警,Boolean,1,warning,"BESS2_rack07_status,8,89",
儲能櫃2_1,戶外,BESS2_rack07_alert,8,33,Rack07單體溫度下限告警,Boolean,1,warning,"BESS2_rack07_status,8,91",
儲能櫃2_1,戶外,BESS2_rack07_alert,8,34,Rack07環境溫度上限告警,Boolean,1,warning,"BESS2_rack07_status,8,59",
儲能櫃2_1,戶外,BESS2_rack07_alert,8,35,Rack07環境溫度下限告警,Boolean,1,warning,"BESS2_rack07_status,8,59",
儲能櫃2_1,戶外,BESS2_rack07_alert,8,36,Rack07動力線溫度上限告警,Boolean,1,warning,,
儲能櫃2_1,戶外,BESS2_rack07_alert,8,37,Rack07組SOC上限告警,Boolean,1,warning,"BESS2_rack07_status,8,55",
儲能櫃2_1,戶外,BESS2_rack07_alert,8,38,Rack07組SOC下限告警,Boolean,1,warning,"BESS2_rack07_status,8,55",
儲能櫃2_1,戶外,BESS2_rack07_alert,8,39,Rack07正極絕緣電阻下限告警,Boolean,1,warning,"BESS2_rack07_status,8,61",
儲能櫃2_1,戶外,BESS2_rack07_alert,8,40,Rack07負極絕緣電阻下限告警,Boolean,1,warning,"BESS2_rack07_status,8,63",
儲能櫃2_1,戶外,BESS2_rack07_alert,8,41,Rack07箱壓差上限告警,Boolean,1,warning,,
儲能櫃2_1,戶外,BESS2_rack07_alert,8,42,Rack07箱溫差上限告警,Boolean,1,warning,,
儲能櫃2_1,戶外,BESS2_rack07_alert,8,43,Rack07組端電壓上限保護,Boolean,1,protection,"BESS2_rack07_status,8,51",PCS2
儲能櫃2_1,戶外,BESS2_rack07_alert,8,44,Rack07組端電壓下限保護,Boolean,1,protection,"BESS2_rack07_status,8,51",PCS2
儲能櫃2_1,戶外,BESS2_rack07_alert,8,45,Rack07充電電流上限保護,Boolean,1,protection,"BESS2_rack07_status,8,53",PCS2
儲能櫃2_1,戶外,BESS2_rack07_alert,8,46,Rack07放電電流上限保護,Boolean,1,protection,"BESS2_rack07_status,8,53",PCS2
儲能櫃2_1,戶外,BESS2_rack07_alert,8,47,Rack07單體電壓上限保護,Boolean,1,protection,"BESS2_rack07_status,8,81",PCS2
儲能櫃2_1,戶外,BESS2_rack07_alert,8,48,Rack07單體電壓下限保護,Boolean,1,protection,"BESS2_rack07_status,8,83",PCS2
儲能櫃2_1,戶外,BESS2_rack07_alert,8,49,Rack07充電溫度上限保護,Boolean,1,protection,"BESS2_rack07_status,8,89",PCS2
儲能櫃2_1,戶外,BESS2_rack07_alert,8,50,Rack07充電溫度下限保護,Boolean,1,protection,"BESS2_rack07_status,8,91",PCS2
儲能櫃2_1,戶外,BESS2_rack07_alert,8,51,Rack07放電溫度上限保護,Boolean,1,protection,"BESS2_rack07_status,8,89",PCS2
儲能櫃2_1,戶外,BESS2_rack07_alert,8,52,Rack07放電溫度下限保護,Boolean,1,protection,"BESS2_rack07_status,8,91",PCS2
儲能櫃2_1,戶外,BESS2_rack07_alert,8,53,Rack07單體溫度上限保護,Boolean,1,protection,"BESS2_rack07_status,8,89",PCS2
儲能櫃2_1,戶外,BESS2_rack07_alert,8,54,Rack07單體溫度下限保護,Boolean,1,protection,"BESS2_rack07_status,8,91",PCS2
儲能櫃2_1,戶外,BESS2_rack07_alert,8,55,Rack07環境溫度上限保護,Boolean,1,protection,"BESS2_rack07_status,8,59",PCS2
儲能櫃2_1,戶外,BESS2_rack07_alert,8,56,Rack07環境溫度下限保護,Boolean,1,protection,"BESS2_rack07_status,8,59",PCS2
儲能櫃2_1,戶外,BESS2_rack07_alert,8,57,Rack07動力線溫度上限保護,Boolean,1,protection,,PCS2
儲能櫃2_1,戶外,BESS2_rack07_alert,8,58,Rack07組SOC上限保護,Boolean,1,protection,"BESS2_rack07_status,8,55",PCS2
儲能櫃2_1,戶外,BESS2_rack07_alert,8,59,Rack07組SOC下限保護,Boolean,1,protection,"BESS2_rack07_status,8,55",PCS2
儲能櫃2_1,戶外,BESS2_rack07_alert,8,60,Rack07正極絕緣電阻下限保護,Boolean,1,protection,"BESS2_rack07_status,8,61",PCS2
儲能櫃2_1,戶外,BESS2_rack07_alert,8,61,Rack07負極絕緣電阻下限保護,Boolean,1,protection,"BESS2_rack07_status,8,63",PCS2
儲能櫃2_1,戶外,BESS2_rack07_alert,8,62,Rack07箱壓差上限保護,Boolean,1,protection,,PCS2
儲能櫃2_1,戶外,BESS2_rack07_alert,8,63,Rack07箱溫差上限保護,Boolean,1,protection,,PCS2
儲能櫃2_1,戶外,BESS2_rack07_alert,8,64,Rack07電池溫度溫升過快,Boolean,1,warning,,
儲能櫃2_1,戶外,BESS2_rack07_alert,8,65,Rack07動力線溫度溫升過快,Boolean,1,warning,,
儲能櫃2_1,戶外,BESS2_rack07_alert,8,66,Rack07BMU通訊故障,Boolean,1,fault,,
儲能櫃2_1,戶外,BESS2_rack07_alert,8,67,Rack07BCMU通訊故障,Boolean,1,fault,,
儲能櫃2_1,戶外,BESS2_rack07_alert,8,68,Rack07單體電壓採集線故障,Boolean,1,fault,,
儲能櫃2_1,戶外,BESS2_rack07_alert,8,69,Rack07總壓採集線故障,Boolean,1,fault,,
儲能櫃2_1,戶外,BESS2_rack07_alert,8,70,Rack07電流採集線故障,Boolean,1,fault,,
儲能櫃2_1,戶外,BESS2_rack07_alert,8,71,Rack07溫度採集斷線,Boolean,1,fault,,
儲能櫃2_1,戶外,BESS2_rack07_alert,8,72,Rack07溫度採集短路,Boolean,1,fault,,
儲能櫃2_1,戶外,BESS2_rack07_alert,8,73,Rack07BMS設備故障,Boolean,1,fault,,
儲能櫃2_1,戶外,BESS2_rack07_alert,8,74,Rack07單體電壓無效,Boolean,1,fault,,
儲能櫃2_1,戶外,BESS2_rack07_alert,8,75,Rack07單體溫度無效,Boolean,1,fault,,
儲能櫃2_1,戶外,BESS2_rack07_alert,8,76,Rack07組端電壓無效,Boolean,1,protection,,PCS2
儲能櫃2_1,戶外,BESS2_rack07_alert,8,77,Rack07組電流異常,Boolean,1,protection,,PCS2
儲能櫃2_1,戶外,BESS2_rack07_alert,8,78,Rack07消防報警,Boolean,1,protection,,PCS2
儲能櫃2_1,戶外,BESS2_rack07_alert,8,79,Rack07水浸報警,Boolean,1,protection,,PCS2
儲能櫃2_1,戶外,BESS2_rack08_alert,9,1,Rack08組端電壓上限預警,Boolean,1,earlywarning,"BESS2_rack08_status,9,51",
儲能櫃2_1,戶外,BESS2_rack08_alert,9,2,Rack08組端電壓下限預警,Boolean,1,earlywarning,"BESS2_rack08_status,9,51",
儲能櫃2_1,戶外,BESS2_rack08_alert,9,3,Rack08充電電流上限預警,Boolean,1,earlywarning,"BESS2_rack08_status,9,53",
儲能櫃2_1,戶外,BESS2_rack08_alert,9,4,Rack08放電電流上限預警,Boolean,1,earlywarning,"BESS2_rack08_status,9,53",
儲能櫃2_1,戶外,BESS2_rack08_alert,9,5,Rack08單體電壓上限預警,Boolean,1,earlywarning,"BESS2_rack08_status,9,81",
儲能櫃2_1,戶外,BESS2_rack08_alert,9,6,Rack08單體電壓下限預警,Boolean,1,earlywarning,"BESS2_rack08_status,9,83",
儲能櫃2_1,戶外,BESS2_rack08_alert,9,7,Rack08充電溫度上限預警,Boolean,1,earlywarning,"BESS2_rack08_status,9,89",
儲能櫃2_1,戶外,BESS2_rack08_alert,9,8,Rack08充電溫度下限預警,Boolean,1,earlywarning,"BESS2_rack08_status,9,91",
儲能櫃2_1,戶外,BESS2_rack08_alert,9,9,Rack08放電溫度上限預警,Boolean,1,earlywarning,"BESS2_rack08_status,9,89",
儲能櫃2_1,戶外,BESS2_rack08_alert,9,10,Rack08放電溫度下限預警,Boolean,1,earlywarning,"BESS2_rack08_status,9,91",
儲能櫃2_1,戶外,BESS2_rack08_alert,9,11,Rack08單體溫度上限預警,Boolean,1,earlywarning,"BESS2_rack08_status,9,89",
儲能櫃2_1,戶外,BESS2_rack08_alert,9,12,Rack08單體溫度下限預警,Boolean,1,earlywarning,"BESS2_rack08_status,9,91",
儲能櫃2_1,戶外,BESS2_rack08_alert,9,13,Rack08環境溫度上限預警,Boolean,1,earlywarning,"BESS2_rack08_status,9,59",
儲能櫃2_1,戶外,BESS2_rack08_alert,9,14,Rack08環境溫度下限預警,Boolean,1,earlywarning,"BESS2_rack08_status,9,59",
儲能櫃2_1,戶外,BESS2_rack08_alert,9,15,Rack08動力線溫度上限預警,Boolean,1,earlywarning,,
儲能櫃2_1,戶外,BESS2_rack08_alert,9,16,Rack08組SOC上限預警,Boolean,1,earlywarning,"BESS2_rack08_status,9,55",
儲能櫃2_1,戶外,BESS2_rack08_alert,9,17,Rack08組SOC下限預警,Boolean,1,earlywarning,"BESS2_rack08_status,9,55",
儲能櫃2_1,戶外,BESS2_rack08_alert,9,18,Rack08正極絕緣電阻下限預警,Boolean,1,earlywarning,"BESS2_rack08_status,9,61",
儲能櫃2_1,戶外,BESS2_rack08_alert,9,19,Rack08負極絕緣電阻下限預警,Boolean,1,earlywarning,"BESS2_rack08_status,9,63",
儲能櫃2_1,戶外,BESS2_rack08_alert,9,20,Rack08箱壓差上限預警,Boolean,1,earlywarning,,
儲能櫃2_1,戶外,BESS2_rack08_alert,9,21,Rack08箱溫差上限預警,Boolean,1,earlywarning,,
儲能櫃2_1,戶外,BESS2_rack08_alert,9,22,Rack08組端電壓上限告警,Boolean,1,warning,"BESS2_rack08_status,9,51",
儲能櫃2_1,戶外,BESS2_rack08_alert,9,23,Rack08組端電壓下限告警,Boolean,1,warning,"BESS2_rack08_status,9,51",
儲能櫃2_1,戶外,BESS2_rack08_alert,9,24,Rack08充電電流上限告警,Boolean,1,warning,"BESS2_rack08_status,9,53",
儲能櫃2_1,戶外,BESS2_rack08_alert,9,25,Rack08放電電流上限告警,Boolean,1,warning,"BESS2_rack08_status,9,53",
儲能櫃2_1,戶外,BESS2_rack08_alert,9,26,Rack08單體電壓上限告警,Boolean,1,warning,"BESS2_rack08_status,9,81",
儲能櫃2_1,戶外,BESS2_rack08_alert,9,27,Rack08單體電壓下限告警,Boolean,1,warning,"BESS2_rack08_status,9,83",
儲能櫃2_1,戶外,BESS2_rack08_alert,9,28,Rack08充電溫度上限告警,Boolean,1,warning,"BESS2_rack08_status,9,89",
儲能櫃2_1,戶外,BESS2_rack08_alert,9,29,Rack08充電溫度下限告警,Boolean,1,warning,"BESS2_rack08_status,9,91",
儲能櫃2_1,戶外,BESS2_rack08_alert,9,30,Rack08放電溫度上限告警,Boolean,1,warning,"BESS2_rack08_status,9,89",
儲能櫃2_1,戶外,BESS2_rack08_alert,9,31,Rack08放電溫度下限告警,Boolean,1,warning,"BESS2_rack08_status,9,91",
儲能櫃2_1,戶外,BESS2_rack08_alert,9,32,Rack08單體溫度上限告警,Boolean,1,warning,"BESS2_rack08_status,9,89",
儲能櫃2_1,戶外,BESS2_rack08_alert,9,33,Rack08單體溫度下限告警,Boolean,1,warning,"BESS2_rack08_status,9,91",
儲能櫃2_1,戶外,BESS2_rack08_alert,9,34,Rack08環境溫度上限告警,Boolean,1,warning,"BESS2_rack08_status,9,59",
儲能櫃2_1,戶外,BESS2_rack08_alert,9,35,Rack08環境溫度下限告警,Boolean,1,warning,"BESS2_rack08_status,9,59",
儲能櫃2_1,戶外,BESS2_rack08_alert,9,36,Rack08動力線溫度上限告警,Boolean,1,warning,,
儲能櫃2_1,戶外,BESS2_rack08_alert,9,37,Rack08組SOC上限告警,Boolean,1,warning,"BESS2_rack08_status,9,55",
儲能櫃2_1,戶外,BESS2_rack08_alert,9,38,Rack08組SOC下限告警,Boolean,1,warning,"BESS2_rack08_status,9,55",
儲能櫃2_1,戶外,BESS2_rack08_alert,9,39,Rack08正極絕緣電阻下限告警,Boolean,1,warning,"BESS2_rack08_status,9,61",
儲能櫃2_1,戶外,BESS2_rack08_alert,9,40,Rack08負極絕緣電阻下限告警,Boolean,1,warning,"BESS2_rack08_status,9,63",
儲能櫃2_1,戶外,BESS2_rack08_alert,9,41,Rack08箱壓差上限告警,Boolean,1,warning,,
儲能櫃2_1,戶外,BESS2_rack08_alert,9,42,Rack08箱溫差上限告警,Boolean,1,warning,,
儲能櫃2_1,戶外,BESS2_rack08_alert,9,43,Rack08組端電壓上限保護,Boolean,1,protection,"BESS2_rack08_status,9,51",PCS2
儲能櫃2_1,戶外,BESS2_rack08_alert,9,44,Rack08組端電壓下限保護,Boolean,1,protection,"BESS2_rack08_status,9,51",PCS2
儲能櫃2_1,戶外,BESS2_rack08_alert,9,45,Rack08充電電流上限保護,Boolean,1,protection,"BESS2_rack08_status,9,53",PCS2
儲能櫃2_1,戶外,BESS2_rack08_alert,9,46,Rack08放電電流上限保護,Boolean,1,protection,"BESS2_rack08_status,9,53",PCS2
儲能櫃2_1,戶外,BESS2_rack08_alert,9,47,Rack08單體電壓上限保護,Boolean,1,protection,"BESS2_rack08_status,9,81",PCS2
儲能櫃2_1,戶外,BESS2_rack08_alert,9,48,Rack08單體電壓下限保護,Boolean,1,protection,"BESS2_rack08_status,9,83",PCS2
儲能櫃2_1,戶外,BESS2_rack08_alert,9,49,Rack08充電溫度上限保護,Boolean,1,protection,"BESS2_rack08_status,9,89",PCS2
儲能櫃2_1,戶外,BESS2_rack08_alert,9,50,Rack08充電溫度下限保護,Boolean,1,protection,"BESS2_rack08_status,9,91",PCS2
儲能櫃2_1,戶外,BESS2_rack08_alert,9,51,Rack08放電溫度上限保護,Boolean,1,protection,"BESS2_rack08_status,9,89",PCS2
儲能櫃2_1,戶外,BESS2_rack08_alert,9,52,Rack08放電溫度下限保護,Boolean,1,protection,"BESS2_rack08_status,9,91",PCS2
儲能櫃2_1,戶外,BESS2_rack08_alert,9,53,Rack08單體溫度上限保護,Boolean,1,protection,"BESS2_rack08_status,9,89",PCS2
儲能櫃2_1,戶外,BESS2_rack08_alert,9,54,Rack08單體溫度下限保護,Boolean,1,protection,"BESS2_rack08_status,9,91",PCS2
儲能櫃2_1,戶外,BESS2_rack08_alert,9,55,Rack08環境溫度上限保護,Boolean,1,protection,"BESS2_rack08_status,9,59",PCS2
儲能櫃2_1,戶外,BESS2_rack08_alert,9,56,Rack08環境溫度下限保護,Boolean,1,protection,"BESS2_rack08_status,9,59",PCS2
儲能櫃2_1,戶外,BESS2_rack08_alert,9,57,Rack08動力線溫度上限保護,Boolean,1,protection,,PCS2
儲能櫃2_1,戶外,BESS2_rack08_alert,9,58,Rack08組SOC上限保護,Boolean,1,protection,"BESS2_rack08_status,9,55",PCS2
儲能櫃2_1,戶外,BESS2_rack08_alert,9,59,Rack08組SOC下限保護,Boolean,1,protection,"BESS2_rack08_status,9,55",PCS2
儲能櫃2_1,戶外,BESS2_rack08_alert,9,60,Rack08正極絕緣電阻下限保護,Boolean,1,protection,"BESS2_rack08_status,9,61",PCS2
儲能櫃2_1,戶外,BESS2_rack08_alert,9,61,Rack08負極絕緣電阻下限保護,Boolean,1,protection,"BESS2_rack08_status,9,63",PCS2
儲能櫃2_1,戶外,BESS2_rack08_alert,9,62,Rack08箱壓差上限保護,Boolean,1,protection,,PCS2
儲能櫃2_1,戶外,BESS2_rack08_alert,9,63,Rack08箱溫差上限保護,Boolean,1,protection,,PCS2
儲能櫃2_1,戶外,BESS2_rack08_alert,9,64,Rack08電池溫度溫升過快,Boolean,1,warning,,
儲能櫃2_1,戶外,BESS2_rack08_alert,9,65,Rack08動力線溫度溫升過快,Boolean,1,warning,,
儲能櫃2_1,戶外,BESS2_rack08_alert,9,66,Rack08BMU通訊故障,Boolean,1,fault,,
儲能櫃2_1,戶外,BESS2_rack08_alert,9,67,Rack08BCMU通訊故障,Boolean,1,fault,,
儲能櫃2_1,戶外,BESS2_rack08_alert,9,68,Rack08單體電壓採集線故障,Boolean,1,fault,,
儲能櫃2_1,戶外,BESS2_rack08_alert,9,69,Rack08總壓採集線故障,Boolean,1,fault,,
儲能櫃2_1,戶外,BESS2_rack08_alert,9,70,Rack08電流採集線故障,Boolean,1,fault,,
儲能櫃2_1,戶外,BESS2_rack08_alert,9,71,Rack08溫度採集斷線,Boolean,1,fault,,
儲能櫃2_1,戶外,BESS2_rack08_alert,9,72,Rack08溫度採集短路,Boolean,1,fault,,
儲能櫃2_1,戶外,BESS2_rack08_alert,9,73,Rack08BMS設備故障,Boolean,1,fault,,
儲能櫃2_1,戶外,BESS2_rack08_alert,9,74,Rack08單體電壓無效,Boolean,1,fault,,
儲能櫃2_1,戶外,BESS2_rack08_alert,9,75,Rack08單體溫度無效,Boolean,1,fault,,
儲能櫃2_1,戶外,BESS2_rack08_alert,9,76,Rack08組端電壓無效,Boolean,1,protection,,PCS2
儲能櫃2_1,戶外,BESS2_rack08_alert,9,77,Rack08組電流異常,Boolean,1,protection,,PCS2
儲能櫃2_1,戶外,BESS2_rack08_alert,9,78,Rack08消防報警,Boolean,1,protection,,PCS2
儲能櫃2_1,戶外,BESS2_rack08_alert,9,79,Rack08水浸報警,Boolean,1,protection,,PCS2
儲能櫃2_2,戶外,BESS4_rack01_alert,2,1,rack01組端電壓上限預警,Boolean,1,earlywarning,"BESS4_rack01_status,10,51",
儲能櫃2_2,戶外,BESS4_rack01_alert,2,2,rack01組端電壓下限預警,Boolean,1,earlywarning,"BESS4_rack01_status,10,51",
儲能櫃2_2,戶外,BESS4_rack01_alert,2,3,rack01充電電流上限預警,Boolean,1,earlywarning,"BESS4_rack01_status,10,53",
儲能櫃2_2,戶外,BESS4_rack01_alert,2,4,rack01放電電流上限預警,Boolean,1,earlywarning,"BESS4_rack01_status,10,53",
儲能櫃2_2,戶外,BESS4_rack01_alert,2,5,rack01單體電壓上限預警,Boolean,1,earlywarning,"BESS4_rack01_status,10,81",
儲能櫃2_2,戶外,BESS4_rack01_alert,2,6,rack01單體電壓下限預警,Boolean,1,earlywarning,"BESS4_rack01_status,10,83",
儲能櫃2_2,戶外,BESS4_rack01_alert,2,7,rack01充電溫度上限預警,Boolean,1,earlywarning,"BESS4_rack01_status,10,89",
儲能櫃2_2,戶外,BESS4_rack01_alert,2,8,rack01充電溫度下限預警,Boolean,1,earlywarning,"BESS4_rack01_status,10,91",
儲能櫃2_2,戶外,BESS4_rack01_alert,2,9,rack01放電溫度上限預警,Boolean,1,earlywarning,"BESS4_rack01_status,10,89",
儲能櫃2_2,戶外,BESS4_rack01_alert,2,10,rack01放電溫度下限預警,Boolean,1,earlywarning,"BESS4_rack01_status,10,91",
儲能櫃2_2,戶外,BESS4_rack01_alert,2,11,rack01單體溫度上限預警,Boolean,1,earlywarning,"BESS4_rack01_status,10,89",
儲能櫃2_2,戶外,BESS4_rack01_alert,2,12,rack01單體溫度下限預警,Boolean,1,earlywarning,"BESS4_rack01_status,10,91",
儲能櫃2_2,戶外,BESS4_rack01_alert,2,13,rack01環境溫度上限預警,Boolean,1,earlywarning,"BESS4_rack01_status,10,59",
儲能櫃2_2,戶外,BESS4_rack01_alert,2,14,rack01環境溫度下限預警,Boolean,1,earlywarning,"BESS4_rack01_status,10,59",
儲能櫃2_2,戶外,BESS4_rack01_alert,2,15,rack01動力線溫度上限預警,Boolean,1,earlywarning,,
儲能櫃2_2,戶外,BESS4_rack01_alert,2,16,rack01組SOC上限預警,Boolean,1,earlywarning,"BESS4_rack01_status,10,55",
儲能櫃2_2,戶外,BESS4_rack01_alert,2,17,rack01組SOC下限預警,Boolean,1,earlywarning,"BESS4_rack01_status,10,55",
儲能櫃2_2,戶外,BESS4_rack01_alert,2,18,rack01正極絕緣電阻下限預警,Boolean,1,earlywarning,"BESS4_rack01_status,10,61",
儲能櫃2_2,戶外,BESS4_rack01_alert,2,19,rack01負極絕緣電阻下限預警,Boolean,1,earlywarning,"BESS4_rack01_status,10,63",
儲能櫃2_2,戶外,BESS4_rack01_alert,2,20,rack01箱壓差上限預警,Boolean,1,earlywarning,,
儲能櫃2_2,戶外,BESS4_rack01_alert,2,21,rack01箱溫差上限預警,Boolean,1,earlywarning,,
儲能櫃2_2,戶外,BESS4_rack01_alert,2,22,rack01組端電壓上限告警,Boolean,1,warning,"BESS4_rack01_status,10,51",
儲能櫃2_2,戶外,BESS4_rack01_alert,2,23,rack01組端電壓下限告警,Boolean,1,warning,"BESS4_rack01_status,10,51",
儲能櫃2_2,戶外,BESS4_rack01_alert,2,24,rack01充電電流上限告警,Boolean,1,warning,"BESS4_rack01_status,10,53",
儲能櫃2_2,戶外,BESS4_rack01_alert,2,25,rack01放電電流上限告警,Boolean,1,warning,"BESS4_rack01_status,10,53",
儲能櫃2_2,戶外,BESS4_rack01_alert,2,26,rack01單體電壓上限告警,Boolean,1,warning,"BESS4_rack01_status,10,81",
儲能櫃2_2,戶外,BESS4_rack01_alert,2,27,rack01單體電壓下限告警,Boolean,1,warning,"BESS4_rack01_status,10,83",
儲能櫃2_2,戶外,BESS4_rack01_alert,2,28,rack01充電溫度上限告警,Boolean,1,warning,"BESS4_rack01_status,10,89",
儲能櫃2_2,戶外,BESS4_rack01_alert,2,29,rack01充電溫度下限告警,Boolean,1,warning,"BESS4_rack01_status,10,91",
儲能櫃2_2,戶外,BESS4_rack01_alert,2,30,rack01放電溫度上限告警,Boolean,1,warning,"BESS4_rack01_status,10,89",
儲能櫃2_2,戶外,BESS4_rack01_alert,2,31,rack01放電溫度下限告警,Boolean,1,warning,"BESS4_rack01_status,10,91",
儲能櫃2_2,戶外,BESS4_rack01_alert,2,32,rack01單體溫度上限告警,Boolean,1,warning,"BESS4_rack01_status,10,89",
儲能櫃2_2,戶外,BESS4_rack01_alert,2,33,rack01單體溫度下限告警,Boolean,1,warning,"BESS4_rack01_status,10,91",
儲能櫃2_2,戶外,BESS4_rack01_alert,2,34,rack01環境溫度上限告警,Boolean,1,warning,"BESS4_rack01_status,10,59",
儲能櫃2_2,戶外,BESS4_rack01_alert,2,35,rack01環境溫度下限告警,Boolean,1,warning,"BESS4_rack01_status,10,59",
儲能櫃2_2,戶外,BESS4_rack01_alert,2,36,rack01動力線溫度上限告警,Boolean,1,warning,,
儲能櫃2_2,戶外,BESS4_rack01_alert,2,37,rack01組SOC上限告警,Boolean,1,warning,"BESS4_rack01_status,10,55",
儲能櫃2_2,戶外,BESS4_rack01_alert,2,38,rack01組SOC下限告警,Boolean,1,warning,"BESS4_rack01_status,10,55",
儲能櫃2_2,戶外,BESS4_rack01_alert,2,39,rack01正極絕緣電阻下限告警,Boolean,1,warning,"BESS4_rack01_status,10,61",
儲能櫃2_2,戶外,BESS4_rack01_alert,2,40,rack01負極絕緣電阻下限告警,Boolean,1,warning,"BESS4_rack01_status,10,63",
儲能櫃2_2,戶外,BESS4_rack01_alert,2,41,rack01箱壓差上限告警,Boolean,1,warning,,
儲能櫃2_2,戶外,BESS4_rack01_alert,2,42,rack01箱溫差上限告警,Boolean,1,warning,,
儲能櫃2_2,戶外,BESS4_rack01_alert,2,43,rack01組端電壓上限保護,Boolean,1,protection,"BESS4_rack01_status,10,51",PCS2
儲能櫃2_2,戶外,BESS4_rack01_alert,2,44,rack01組端電壓下限保護,Boolean,1,protection,"BESS4_rack01_status,10,51",PCS2
儲能櫃2_2,戶外,BESS4_rack01_alert,2,45,rack01充電電流上限保護,Boolean,1,protection,"BESS4_rack01_status,10,53",PCS2
儲能櫃2_2,戶外,BESS4_rack01_alert,2,46,rack01放電電流上限保護,Boolean,1,protection,"BESS4_rack01_status,10,53",PCS2
儲能櫃2_2,戶外,BESS4_rack01_alert,2,47,rack01單體電壓上限保護,Boolean,1,protection,"BESS4_rack01_status,10,81",PCS2
儲能櫃2_2,戶外,BESS4_rack01_alert,2,48,rack01單體電壓下限保護,Boolean,1,protection,"BESS4_rack01_status,10,83",PCS2
儲能櫃2_2,戶外,BESS4_rack01_alert,2,49,rack01充電溫度上限保護,Boolean,1,protection,"BESS4_rack01_status,10,89",PCS2
儲能櫃2_2,戶外,BESS4_rack01_alert,2,50,rack01充電溫度下限保護,Boolean,1,protection,"BESS4_rack01_status,10,91",PCS2
儲能櫃2_2,戶外,BESS4_rack01_alert,2,51,rack01放電溫度上限保護,Boolean,1,protection,"BESS4_rack01_status,10,89",PCS2
儲能櫃2_2,戶外,BESS4_rack01_alert,2,52,rack01放電溫度下限保護,Boolean,1,protection,"BESS4_rack01_status,10,91",PCS2
儲能櫃2_2,戶外,BESS4_rack01_alert,2,53,rack01單體溫度上限保護,Boolean,1,protection,"BESS4_rack01_status,10,89",PCS2
儲能櫃2_2,戶外,BESS4_rack01_alert,2,54,rack01單體溫度下限保護,Boolean,1,protection,"BESS4_rack01_status,10,91",PCS2
儲能櫃2_2,戶外,BESS4_rack01_alert,2,55,rack01環境溫度上限保護,Boolean,1,protection,"BESS4_rack01_status,10,59",PCS2
儲能櫃2_2,戶外,BESS4_rack01_alert,2,56,rack01環境溫度下限保護,Boolean,1,protection,"BESS4_rack01_status,10,59",PCS2
儲能櫃2_2,戶外,BESS4_rack01_alert,2,57,rack01動力線溫度上限保護,Boolean,1,protection,,PCS2
儲能櫃2_2,戶外,BESS4_rack01_alert,2,58,rack01組SOC上限保護,Boolean,1,protection,"BESS4_rack01_status,10,55",PCS2
儲能櫃2_2,戶外,BESS4_rack01_alert,2,59,rack01組SOC下限保護,Boolean,1,protection,"BESS4_rack01_status,10,55",PCS2
儲能櫃2_2,戶外,BESS4_rack01_alert,2,60,rack01正極絕緣電阻下限保護,Boolean,1,protection,"BESS4_rack01_status,10,61",PCS2
儲能櫃2_2,戶外,BESS4_rack01_alert,2,61,rack01負極絕緣電阻下限保護,Boolean,1,protection,"BESS4_rack01_status,10,63",PCS2
儲能櫃2_2,戶外,BESS4_rack01_alert,2,62,rack01箱壓差上限保護,Boolean,1,protection,,PCS2
儲能櫃2_2,戶外,BESS4_rack01_alert,2,63,rack01箱溫差上限保護,Boolean,1,protection,,PCS2
儲能櫃2_2,戶外,BESS4_rack01_alert,2,64,rack01電池溫度溫升過快,Boolean,1,warning,,
儲能櫃2_2,戶外,BESS4_rack01_alert,2,65,rack01動力線溫度溫升過快,Boolean,1,warning,,
儲能櫃2_2,戶外,BESS4_rack01_alert,2,66,rack01BMU通訊故障,Boolean,1,fault,,
儲能櫃2_2,戶外,BESS4_rack01_alert,2,67,rack01BCMU通訊故障,Boolean,1,fault,,
儲能櫃2_2,戶外,BESS4_rack01_alert,2,68,rack01單體電壓採集線故障,Boolean,1,fault,,
儲能櫃2_2,戶外,BESS4_rack01_alert,2,69,rack01總壓採集線故障,Boolean,1,fault,,
儲能櫃2_2,戶外,BESS4_rack01_alert,2,70,rack01電流採集線故障,Boolean,1,fault,,
儲能櫃2_2,戶外,BESS4_rack01_alert,2,71,rack01溫度採集斷線,Boolean,1,fault,,
儲能櫃2_2,戶外,BESS4_rack01_alert,2,72,rack01溫度採集短路,Boolean,1,fault,,
儲能櫃2_2,戶外,BESS4_rack01_alert,2,73,rack01BMS設備故障,Boolean,1,fault,,
儲能櫃2_2,戶外,BESS4_rack01_alert,2,74,rack01單體電壓無效,Boolean,1,fault,,
儲能櫃2_2,戶外,BESS4_rack01_alert,2,75,rack01單體溫度無效,Boolean,1,fault,,
儲能櫃2_2,戶外,BESS4_rack01_alert,2,76,rack01組端電壓無效,Boolean,1,protection,,PCS2
儲能櫃2_2,戶外,BESS4_rack01_alert,2,77,rack01組電流異常,Boolean,1,protection,,PCS2
儲能櫃2_2,戶外,BESS4_rack01_alert,2,78,rack01消防報警,Boolean,1,protection,,PCS2
儲能櫃2_2,戶外,BESS4_rack01_alert,2,79,rack01水浸報警,Boolean,1,protection,,PCS2
儲能櫃2_2,戶外,BESS4_rack02_alert,3,1,rack02組端電壓上限預警,Boolean,1,earlywarning,"BESS4_rack02_status,11,51",
儲能櫃2_2,戶外,BESS4_rack02_alert,3,2,rack02組端電壓下限預警,Boolean,1,earlywarning,"BESS4_rack02_status,11,51",
儲能櫃2_2,戶外,BESS4_rack02_alert,3,3,rack02充電電流上限預警,Boolean,1,earlywarning,"BESS4_rack02_status,11,53",
儲能櫃2_2,戶外,BESS4_rack02_alert,3,4,rack02放電電流上限預警,Boolean,1,earlywarning,"BESS4_rack02_status,11,53",
儲能櫃2_2,戶外,BESS4_rack02_alert,3,5,rack02單體電壓上限預警,Boolean,1,earlywarning,"BESS4_rack02_status,11,81",
儲能櫃2_2,戶外,BESS4_rack02_alert,3,6,rack02單體電壓下限預警,Boolean,1,earlywarning,"BESS4_rack02_status,11,83",
儲能櫃2_2,戶外,BESS4_rack02_alert,3,7,rack02充電溫度上限預警,Boolean,1,earlywarning,"BESS4_rack02_status,11,89",
儲能櫃2_2,戶外,BESS4_rack02_alert,3,8,rack02充電溫度下限預警,Boolean,1,earlywarning,"BESS4_rack02_status,11,91",
儲能櫃2_2,戶外,BESS4_rack02_alert,3,9,rack02放電溫度上限預警,Boolean,1,earlywarning,"BESS4_rack02_status,11,89",
儲能櫃2_2,戶外,BESS4_rack02_alert,3,10,rack02放電溫度下限預警,Boolean,1,earlywarning,"BESS4_rack02_status,11,91",
儲能櫃2_2,戶外,BESS4_rack02_alert,3,11,rack02單體溫度上限預警,Boolean,1,earlywarning,"BESS4_rack02_status,11,89",
儲能櫃2_2,戶外,BESS4_rack02_alert,3,12,rack02單體溫度下限預警,Boolean,1,earlywarning,"BESS4_rack02_status,11,91",
儲能櫃2_2,戶外,BESS4_rack02_alert,3,13,rack02環境溫度上限預警,Boolean,1,earlywarning,"BESS4_rack02_status,11,59",
儲能櫃2_2,戶外,BESS4_rack02_alert,3,14,rack02環境溫度下限預警,Boolean,1,earlywarning,"BESS4_rack02_status,11,59",
儲能櫃2_2,戶外,BESS4_rack02_alert,3,15,rack02動力線溫度上限預警,Boolean,1,earlywarning,,
儲能櫃2_2,戶外,BESS4_rack02_alert,3,16,rack02組SOC上限預警,Boolean,1,earlywarning,"BESS4_rack02_status,11,55",
儲能櫃2_2,戶外,BESS4_rack02_alert,3,17,rack02組SOC下限預警,Boolean,1,earlywarning,"BESS4_rack02_status,11,55",
儲能櫃2_2,戶外,BESS4_rack02_alert,3,18,rack02正極絕緣電阻下限預警,Boolean,1,earlywarning,"BESS4_rack02_status,11,61",
儲能櫃2_2,戶外,BESS4_rack02_alert,3,19,rack02負極絕緣電阻下限預警,Boolean,1,earlywarning,"BESS4_rack02_status,11,63",
儲能櫃2_2,戶外,BESS4_rack02_alert,3,20,rack02箱壓差上限預警,Boolean,1,earlywarning,,
儲能櫃2_2,戶外,BESS4_rack02_alert,3,21,rack02箱溫差上限預警,Boolean,1,earlywarning,,
儲能櫃2_2,戶外,BESS4_rack02_alert,3,22,rack02組端電壓上限告警,Boolean,1,warning,"BESS4_rack02_status,11,51",
儲能櫃2_2,戶外,BESS4_rack02_alert,3,23,rack02組端電壓下限告警,Boolean,1,warning,"BESS4_rack02_status,11,51",
儲能櫃2_2,戶外,BESS4_rack02_alert,3,24,rack02充電電流上限告警,Boolean,1,warning,"BESS4_rack02_status,11,53",
儲能櫃2_2,戶外,BESS4_rack02_alert,3,25,rack02放電電流上限告警,Boolean,1,warning,"BESS4_rack02_status,11,53",
儲能櫃2_2,戶外,BESS4_rack02_alert,3,26,rack02單體電壓上限告警,Boolean,1,warning,"BESS4_rack02_status,11,81",
儲能櫃2_2,戶外,BESS4_rack02_alert,3,27,rack02單體電壓下限告警,Boolean,1,warning,"BESS4_rack02_status,11,83",
儲能櫃2_2,戶外,BESS4_rack02_alert,3,28,rack02充電溫度上限告警,Boolean,1,warning,"BESS4_rack02_status,11,89",
儲能櫃2_2,戶外,BESS4_rack02_alert,3,29,rack02充電溫度下限告警,Boolean,1,warning,"BESS4_rack02_status,11,91",
儲能櫃2_2,戶外,BESS4_rack02_alert,3,30,rack02放電溫度上限告警,Boolean,1,warning,"BESS4_rack02_status,11,89",
儲能櫃2_2,戶外,BESS4_rack02_alert,3,31,rack02放電溫度下限告警,Boolean,1,warning,"BESS4_rack02_status,11,91",
儲能櫃2_2,戶外,BESS4_rack02_alert,3,32,rack02單體溫度上限告警,Boolean,1,warning,"BESS4_rack02_status,11,89",
儲能櫃2_2,戶外,BESS4_rack02_alert,3,33,rack02單體溫度下限告警,Boolean,1,warning,"BESS4_rack02_status,11,91",
儲能櫃2_2,戶外,BESS4_rack02_alert,3,34,rack02環境溫度上限告警,Boolean,1,warning,"BESS4_rack02_status,11,59",
儲能櫃2_2,戶外,BESS4_rack02_alert,3,35,rack02環境溫度下限告警,Boolean,1,warning,"BESS4_rack02_status,11,59",
儲能櫃2_2,戶外,BESS4_rack02_alert,3,36,rack02動力線溫度上限告警,Boolean,1,warning,,
儲能櫃2_2,戶外,BESS4_rack02_alert,3,37,rack02組SOC上限告警,Boolean,1,warning,"BESS4_rack02_status,11,55",
儲能櫃2_2,戶外,BESS4_rack02_alert,3,38,rack02組SOC下限告警,Boolean,1,warning,"BESS4_rack02_status,11,55",
儲能櫃2_2,戶外,BESS4_rack02_alert,3,39,rack02正極絕緣電阻下限告警,Boolean,1,warning,"BESS4_rack02_status,11,61",
儲能櫃2_2,戶外,BESS4_rack02_alert,3,40,rack02負極絕緣電阻下限告警,Boolean,1,warning,"BESS4_rack02_status,11,63",
儲能櫃2_2,戶外,BESS4_rack02_alert,3,41,rack02箱壓差上限告警,Boolean,1,warning,,
儲能櫃2_2,戶外,BESS4_rack02_alert,3,42,rack02箱溫差上限告警,Boolean,1,warning,,
儲能櫃2_2,戶外,BESS4_rack02_alert,3,43,rack02組端電壓上限保護,Boolean,1,protection,"BESS4_rack02_status,11,51",PCS2
儲能櫃2_2,戶外,BESS4_rack02_alert,3,44,rack02組端電壓下限保護,Boolean,1,protection,"BESS4_rack02_status,11,51",PCS2
儲能櫃2_2,戶外,BESS4_rack02_alert,3,45,rack02充電電流上限保護,Boolean,1,protection,"BESS4_rack02_status,11,53",PCS2
儲能櫃2_2,戶外,BESS4_rack02_alert,3,46,rack02放電電流上限保護,Boolean,1,protection,"BESS4_rack02_status,11,53",PCS2
儲能櫃2_2,戶外,BESS4_rack02_alert,3,47,rack02單體電壓上限保護,Boolean,1,protection,"BESS4_rack02_status,11,81",PCS2
儲能櫃2_2,戶外,BESS4_rack02_alert,3,48,rack02單體電壓下限保護,Boolean,1,protection,"BESS4_rack02_status,11,83",PCS2
儲能櫃2_2,戶外,BESS4_rack02_alert,3,49,rack02充電溫度上限保護,Boolean,1,protection,"BESS4_rack02_status,11,89",PCS2
儲能櫃2_2,戶外,BESS4_rack02_alert,3,50,rack02充電溫度下限保護,Boolean,1,protection,"BESS4_rack02_status,11,91",PCS2
儲能櫃2_2,戶外,BESS4_rack02_alert,3,51,rack02放電溫度上限保護,Boolean,1,protection,"BESS4_rack02_status,11,89",PCS2
儲能櫃2_2,戶外,BESS4_rack02_alert,3,52,rack02放電溫度下限保護,Boolean,1,protection,"BESS4_rack02_status,11,91",PCS2
儲能櫃2_2,戶外,BESS4_rack02_alert,3,53,rack02單體溫度上限保護,Boolean,1,protection,"BESS4_rack02_status,11,89",PCS2
儲能櫃2_2,戶外,BESS4_rack02_alert,3,54,rack02單體溫度下限保護,Boolean,1,protection,"BESS4_rack02_status,11,91",PCS2
儲能櫃2_2,戶外,BESS4_rack02_alert,3,55,rack02環境溫度上限保護,Boolean,1,protection,"BESS4_rack02_status,11,59",PCS2
儲能櫃2_2,戶外,BESS4_rack02_alert,3,56,rack02環境溫度下限保護,Boolean,1,protection,"BESS4_rack02_status,11,59",PCS2
儲能櫃2_2,戶外,BESS4_rack02_alert,3,57,rack02動力線溫度上限保護,Boolean,1,protection,,PCS2
儲能櫃2_2,戶外,BESS4_rack02_alert,3,58,rack02組SOC上限保護,Boolean,1,protection,"BESS4_rack02_status,11,55",PCS2
儲能櫃2_2,戶外,BESS4_rack02_alert,3,59,rack02組SOC下限保護,Boolean,1,protection,"BESS4_rack02_status,11,55",PCS2
儲能櫃2_2,戶外,BESS4_rack02_alert,3,60,rack02正極絕緣電阻下限保護,Boolean,1,protection,"BESS4_rack02_status,11,61",PCS2
儲能櫃2_2,戶外,BESS4_rack02_alert,3,61,rack02負極絕緣電阻下限保護,Boolean,1,protection,"BESS4_rack02_status,11,63",PCS2
儲能櫃2_2,戶外,BESS4_rack02_alert,3,62,rack02箱壓差上限保護,Boolean,1,protection,,PCS2
儲能櫃2_2,戶外,BESS4_rack02_alert,3,63,rack02箱溫差上限保護,Boolean,1,protection,,PCS2
儲能櫃2_2,戶外,BESS4_rack02_alert,3,64,rack02電池溫度溫升過快,Boolean,1,warning,,
儲能櫃2_2,戶外,BESS4_rack02_alert,3,65,rack02動力線溫度溫升過快,Boolean,1,warning,,
儲能櫃2_2,戶外,BESS4_rack02_alert,3,66,rack02BMU通訊故障,Boolean,1,fault,,
儲能櫃2_2,戶外,BESS4_rack02_alert,3,67,rack02BCMU通訊故障,Boolean,1,fault,,
儲能櫃2_2,戶外,BESS4_rack02_alert,3,68,rack02單體電壓採集線故障,Boolean,1,fault,,
儲能櫃2_2,戶外,BESS4_rack02_alert,3,69,rack02總壓採集線故障,Boolean,1,fault,,
儲能櫃2_2,戶外,BESS4_rack02_alert,3,70,rack02電流採集線故障,Boolean,1,fault,,
儲能櫃2_2,戶外,BESS4_rack02_alert,3,71,rack02溫度採集斷線,Boolean,1,fault,,
儲能櫃2_2,戶外,BESS4_rack02_alert,3,72,rack02溫度採集短路,Boolean,1,fault,,
儲能櫃2_2,戶外,BESS4_rack02_alert,3,73,rack02BMS設備故障,Boolean,1,fault,,
儲能櫃2_2,戶外,BESS4_rack02_alert,3,74,rack02單體電壓無效,Boolean,1,fault,,
儲能櫃2_2,戶外,BESS4_rack02_alert,3,75,rack02單體溫度無效,Boolean,1,fault,,
儲能櫃2_2,戶外,BESS4_rack02_alert,3,76,rack02組端電壓無效,Boolean,1,protection,,PCS2
儲能櫃2_2,戶外,BESS4_rack02_alert,3,77,rack02組電流異常,Boolean,1,protection,,PCS2
儲能櫃2_2,戶外,BESS4_rack02_alert,3,78,rack02消防報警,Boolean,1,protection,,PCS2
儲能櫃2_2,戶外,BESS4_rack02_alert,3,79,rack02水浸報警,Boolean,1,protection,,PCS2
儲能櫃2_2,戶外,BESS4_rack03_alert,4,1,rack03組端電壓上限預警,Boolean,1,earlywarning,"BESS4_rack03_status,12,51",
儲能櫃2_2,戶外,BESS4_rack03_alert,4,2,rack03組端電壓下限預警,Boolean,1,earlywarning,"BESS4_rack03_status,12,51",
儲能櫃2_2,戶外,BESS4_rack03_alert,4,3,rack03充電電流上限預警,Boolean,1,earlywarning,"BESS4_rack03_status,12,53",
儲能櫃2_2,戶外,BESS4_rack03_alert,4,4,rack03放電電流上限預警,Boolean,1,earlywarning,"BESS4_rack03_status,12,53",
儲能櫃2_2,戶外,BESS4_rack03_alert,4,5,rack03單體電壓上限預警,Boolean,1,earlywarning,"BESS4_rack03_status,12,81",
儲能櫃2_2,戶外,BESS4_rack03_alert,4,6,rack03單體電壓下限預警,Boolean,1,earlywarning,"BESS4_rack03_status,12,83",
儲能櫃2_2,戶外,BESS4_rack03_alert,4,7,rack03充電溫度上限預警,Boolean,1,earlywarning,"BESS4_rack03_status,12,89",
儲能櫃2_2,戶外,BESS4_rack03_alert,4,8,rack03充電溫度下限預警,Boolean,1,earlywarning,"BESS4_rack03_status,12,91",
儲能櫃2_2,戶外,BESS4_rack03_alert,4,9,rack03放電溫度上限預警,Boolean,1,earlywarning,"BESS4_rack03_status,12,89",
儲能櫃2_2,戶外,BESS4_rack03_alert,4,10,rack03放電溫度下限預警,Boolean,1,earlywarning,"BESS4_rack03_status,12,91",
儲能櫃2_2,戶外,BESS4_rack03_alert,4,11,rack03單體溫度上限預警,Boolean,1,earlywarning,"BESS4_rack03_status,12,89",
儲能櫃2_2,戶外,BESS4_rack03_alert,4,12,rack03單體溫度下限預警,Boolean,1,earlywarning,"BESS4_rack03_status,12,91",
儲能櫃2_2,戶外,BESS4_rack03_alert,4,13,rack03環境溫度上限預警,Boolean,1,earlywarning,"BESS4_rack03_status,12,59",
儲能櫃2_2,戶外,BESS4_rack03_alert,4,14,rack03環境溫度下限預警,Boolean,1,earlywarning,"BESS4_rack03_status,12,59",
儲能櫃2_2,戶外,BESS4_rack03_alert,4,15,rack03動力線溫度上限預警,Boolean,1,earlywarning,,
儲能櫃2_2,戶外,BESS4_rack03_alert,4,16,rack03組SOC上限預警,Boolean,1,earlywarning,"BESS4_rack03_status,12,55",
儲能櫃2_2,戶外,BESS4_rack03_alert,4,17,rack03組SOC下限預警,Boolean,1,earlywarning,"BESS4_rack03_status,12,55",
儲能櫃2_2,戶外,BESS4_rack03_alert,4,18,rack03正極絕緣電阻下限預警,Boolean,1,earlywarning,"BESS4_rack03_status,12,61",
儲能櫃2_2,戶外,BESS4_rack03_alert,4,19,rack03負極絕緣電阻下限預警,Boolean,1,earlywarning,"BESS4_rack03_status,12,63",
儲能櫃2_2,戶外,BESS4_rack03_alert,4,20,rack03箱壓差上限預警,Boolean,1,earlywarning,,
儲能櫃2_2,戶外,BESS4_rack03_alert,4,21,rack03箱溫差上限預警,Boolean,1,earlywarning,,
儲能櫃2_2,戶外,BESS4_rack03_alert,4,22,rack03組端電壓上限告警,Boolean,1,warning,"BESS4_rack03_status,12,51",
儲能櫃2_2,戶外,BESS4_rack03_alert,4,23,rack03組端電壓下限告警,Boolean,1,warning,"BESS4_rack03_status,12,51",
儲能櫃2_2,戶外,BESS4_rack03_alert,4,24,rack03充電電流上限告警,Boolean,1,warning,"BESS4_rack03_status,12,53",
儲能櫃2_2,戶外,BESS4_rack03_alert,4,25,rack03放電電流上限告警,Boolean,1,warning,"BESS4_rack03_status,12,53",
儲能櫃2_2,戶外,BESS4_rack03_alert,4,26,rack03單體電壓上限告警,Boolean,1,warning,"BESS4_rack03_status,12,81",
儲能櫃2_2,戶外,BESS4_rack03_alert,4,27,rack03單體電壓下限告警,Boolean,1,warning,"BESS4_rack03_status,12,83",
儲能櫃2_2,戶外,BESS4_rack03_alert,4,28,rack03充電溫度上限告警,Boolean,1,warning,"BESS4_rack03_status,12,89",
儲能櫃2_2,戶外,BESS4_rack03_alert,4,29,rack03充電溫度下限告警,Boolean,1,warning,"BESS4_rack03_status,12,91",
儲能櫃2_2,戶外,BESS4_rack03_alert,4,30,rack03放電溫度上限告警,Boolean,1,warning,"BESS4_rack03_status,12,89",
儲能櫃2_2,戶外,BESS4_rack03_alert,4,31,rack03放電溫度下限告警,Boolean,1,warning,"BESS4_rack03_status,12,91",
儲能櫃2_2,戶外,BESS4_rack03_alert,4,32,rack03單體溫度上限告警,Boolean,1,warning,"BESS4_rack03_status,12,89",
儲能櫃2_2,戶外,BESS4_rack03_alert,4,33,rack03單體溫度下限告警,Boolean,1,warning,"BESS4_rack03_status,12,91",
儲能櫃2_2,戶外,BESS4_rack03_alert,4,34,rack03環境溫度上限告警,Boolean,1,warning,"BESS4_rack03_status,12,59",
儲能櫃2_2,戶外,BESS4_rack03_alert,4,35,rack03環境溫度下限告警,Boolean,1,warning,"BESS4_rack03_status,12,59",
儲能櫃2_2,戶外,BESS4_rack03_alert,4,36,rack03動力線溫度上限告警,Boolean,1,warning,,
儲能櫃2_2,戶外,BESS4_rack03_alert,4,37,rack03組SOC上限告警,Boolean,1,warning,"BESS4_rack03_status,12,55",
儲能櫃2_2,戶外,BESS4_rack03_alert,4,38,rack03組SOC下限告警,Boolean,1,warning,"BESS4_rack03_status,12,55",
儲能櫃2_2,戶外,BESS4_rack03_alert,4,39,rack03正極絕緣電阻下限告警,Boolean,1,warning,"BESS4_rack03_status,12,61",
儲能櫃2_2,戶外,BESS4_rack03_alert,4,40,rack03負極絕緣電阻下限告警,Boolean,1,warning,"BESS4_rack03_status,12,63",
儲能櫃2_2,戶外,BESS4_rack03_alert,4,41,rack03箱壓差上限告警,Boolean,1,warning,,
儲能櫃2_2,戶外,BESS4_rack03_alert,4,42,rack03箱溫差上限告警,Boolean,1,warning,,
儲能櫃2_2,戶外,BESS4_rack03_alert,4,43,rack03組端電壓上限保護,Boolean,1,protection,"BESS4_rack03_status,12,51",PCS2
儲能櫃2_2,戶外,BESS4_rack03_alert,4,44,rack03組端電壓下限保護,Boolean,1,protection,"BESS4_rack03_status,12,51",PCS2
儲能櫃2_2,戶外,BESS4_rack03_alert,4,45,rack03充電電流上限保護,Boolean,1,protection,"BESS4_rack03_status,12,53",PCS2
儲能櫃2_2,戶外,BESS4_rack03_alert,4,46,rack03放電電流上限保護,Boolean,1,protection,"BESS4_rack03_status,12,53",PCS2
儲能櫃2_2,戶外,BESS4_rack03_alert,4,47,rack03單體電壓上限保護,Boolean,1,protection,"BESS4_rack03_status,12,81",PCS2
儲能櫃2_2,戶外,BESS4_rack03_alert,4,48,rack03單體電壓下限保護,Boolean,1,protection,"BESS4_rack03_status,12,83",PCS2
儲能櫃2_2,戶外,BESS4_rack03_alert,4,49,rack03充電溫度上限保護,Boolean,1,protection,"BESS4_rack03_status,12,89",PCS2
儲能櫃2_2,戶外,BESS4_rack03_alert,4,50,rack03充電溫度下限保護,Boolean,1,protection,"BESS4_rack03_status,12,91",PCS2
儲能櫃2_2,戶外,BESS4_rack03_alert,4,51,rack03放電溫度上限保護,Boolean,1,protection,"BESS4_rack03_status,12,89",PCS2
儲能櫃2_2,戶外,BESS4_rack03_alert,4,52,rack03放電溫度下限保護,Boolean,1,protection,"BESS4_rack03_status,12,91",PCS2
儲能櫃2_2,戶外,BESS4_rack03_alert,4,53,rack03單體溫度上限保護,Boolean,1,protection,"BESS4_rack03_status,12,89",PCS2
儲能櫃2_2,戶外,BESS4_rack03_alert,4,54,rack03單體溫度下限保護,Boolean,1,protection,"BESS4_rack03_status,12,91",PCS2
儲能櫃2_2,戶外,BESS4_rack03_alert,4,55,rack03環境溫度上限保護,Boolean,1,protection,"BESS4_rack03_status,12,59",PCS2
儲能櫃2_2,戶外,BESS4_rack03_alert,4,56,rack03環境溫度下限保護,Boolean,1,protection,"BESS4_rack03_status,12,59",PCS2
儲能櫃2_2,戶外,BESS4_rack03_alert,4,57,rack03動力線溫度上限保護,Boolean,1,protection,,PCS2
儲能櫃2_2,戶外,BESS4_rack03_alert,4,58,rack03組SOC上限保護,Boolean,1,protection,"BESS4_rack03_status,12,55",PCS2
儲能櫃2_2,戶外,BESS4_rack03_alert,4,59,rack03組SOC下限保護,Boolean,1,protection,"BESS4_rack03_status,12,55",PCS2
儲能櫃2_2,戶外,BESS4_rack03_alert,4,60,rack03正極絕緣電阻下限保護,Boolean,1,protection,"BESS4_rack03_status,12,61",PCS2
儲能櫃2_2,戶外,BESS4_rack03_alert,4,61,rack03負極絕緣電阻下限保護,Boolean,1,protection,"BESS4_rack03_status,12,63",PCS2
儲能櫃2_2,戶外,BESS4_rack03_alert,4,62,rack03箱壓差上限保護,Boolean,1,protection,,PCS2
儲能櫃2_2,戶外,BESS4_rack03_alert,4,63,rack03箱溫差上限保護,Boolean,1,protection,,PCS2
儲能櫃2_2,戶外,BESS4_rack03_alert,4,64,rack03電池溫度溫升過快,Boolean,1,warning,,
儲能櫃2_2,戶外,BESS4_rack03_alert,4,65,rack03動力線溫度溫升過快,Boolean,1,warning,,
儲能櫃2_2,戶外,BESS4_rack03_alert,4,66,rack03BMU通訊故障,Boolean,1,fault,,
儲能櫃2_2,戶外,BESS4_rack03_alert,4,67,rack03BCMU通訊故障,Boolean,1,fault,,
儲能櫃2_2,戶外,BESS4_rack03_alert,4,68,rack03單體電壓採集線故障,Boolean,1,fault,,
儲能櫃2_2,戶外,BESS4_rack03_alert,4,69,rack03總壓採集線故障,Boolean,1,fault,,
儲能櫃2_2,戶外,BESS4_rack03_alert,4,70,rack03電流採集線故障,Boolean,1,fault,,
儲能櫃2_2,戶外,BESS4_rack03_alert,4,71,rack03溫度採集斷線,Boolean,1,fault,,
儲能櫃2_2,戶外,BESS4_rack03_alert,4,72,rack03溫度採集短路,Boolean,1,fault,,
儲能櫃2_2,戶外,BESS4_rack03_alert,4,73,rack03BMS設備故障,Boolean,1,fault,,
儲能櫃2_2,戶外,BESS4_rack03_alert,4,74,rack03單體電壓無效,Boolean,1,fault,,
儲能櫃2_2,戶外,BESS4_rack03_alert,4,75,rack03單體溫度無效,Boolean,1,fault,,
儲能櫃2_2,戶外,BESS4_rack03_alert,4,76,rack03組端電壓無效,Boolean,1,protection,,PCS2
儲能櫃2_2,戶外,BESS4_rack03_alert,4,77,rack03組電流異常,Boolean,1,protection,,PCS2
儲能櫃2_2,戶外,BESS4_rack03_alert,4,78,rack03消防報警,Boolean,1,protection,,PCS2
儲能櫃2_2,戶外,BESS4_rack03_alert,4,79,rack03水浸報警,Boolean,1,protection,,PCS2
儲能櫃2_2,戶外,BESS4_rack04_alert,5,1,rack04組端電壓上限預警,Boolean,1,earlywarning,"BESS4_rack04_status,13,51",
儲能櫃2_2,戶外,BESS4_rack04_alert,5,2,rack04組端電壓下限預警,Boolean,1,earlywarning,"BESS4_rack04_status,13,51",
儲能櫃2_2,戶外,BESS4_rack04_alert,5,3,rack04充電電流上限預警,Boolean,1,earlywarning,"BESS4_rack04_status,13,53",
儲能櫃2_2,戶外,BESS4_rack04_alert,5,4,rack04放電電流上限預警,Boolean,1,earlywarning,"BESS4_rack04_status,13,53",
儲能櫃2_2,戶外,BESS4_rack04_alert,5,5,rack04單體電壓上限預警,Boolean,1,earlywarning,"BESS4_rack04_status,13,81",
儲能櫃2_2,戶外,BESS4_rack04_alert,5,6,rack04單體電壓下限預警,Boolean,1,earlywarning,"BESS4_rack04_status,13,83",
儲能櫃2_2,戶外,BESS4_rack04_alert,5,7,rack04充電溫度上限預警,Boolean,1,earlywarning,"BESS4_rack04_status,13,89",
儲能櫃2_2,戶外,BESS4_rack04_alert,5,8,rack04充電溫度下限預警,Boolean,1,earlywarning,"BESS4_rack04_status,13,91",
儲能櫃2_2,戶外,BESS4_rack04_alert,5,9,rack04放電溫度上限預警,Boolean,1,earlywarning,"BESS4_rack04_status,13,89",
儲能櫃2_2,戶外,BESS4_rack04_alert,5,10,rack04放電溫度下限預警,Boolean,1,earlywarning,"BESS4_rack04_status,13,91",
儲能櫃2_2,戶外,BESS4_rack04_alert,5,11,rack04單體溫度上限預警,Boolean,1,earlywarning,"BESS4_rack04_status,13,89",
儲能櫃2_2,戶外,BESS4_rack04_alert,5,12,rack04單體溫度下限預警,Boolean,1,earlywarning,"BESS4_rack04_status,13,91",
儲能櫃2_2,戶外,BESS4_rack04_alert,5,13,rack04環境溫度上限預警,Boolean,1,earlywarning,"BESS4_rack04_status,13,59",
儲能櫃2_2,戶外,BESS4_rack04_alert,5,14,rack04環境溫度下限預警,Boolean,1,earlywarning,"BESS4_rack04_status,13,59",
儲能櫃2_2,戶外,BESS4_rack04_alert,5,15,rack04動力線溫度上限預警,Boolean,1,earlywarning,,
儲能櫃2_2,戶外,BESS4_rack04_alert,5,16,rack04組SOC上限預警,Boolean,1,earlywarning,"BESS4_rack04_status,13,55",
儲能櫃2_2,戶外,BESS4_rack04_alert,5,17,rack04組SOC下限預警,Boolean,1,earlywarning,"BESS4_rack04_status,13,55",
儲能櫃2_2,戶外,BESS4_rack04_alert,5,18,rack04正極絕緣電阻下限預警,Boolean,1,earlywarning,"BESS4_rack04_status,13,61",
儲能櫃2_2,戶外,BESS4_rack04_alert,5,19,rack04負極絕緣電阻下限預警,Boolean,1,earlywarning,"BESS4_rack04_status,13,63",
儲能櫃2_2,戶外,BESS4_rack04_alert,5,20,rack04箱壓差上限預警,Boolean,1,earlywarning,,
儲能櫃2_2,戶外,BESS4_rack04_alert,5,21,rack04箱溫差上限預警,Boolean,1,earlywarning,,
儲能櫃2_2,戶外,BESS4_rack04_alert,5,22,rack04組端電壓上限告警,Boolean,1,warning,"BESS4_rack04_status,13,51",
儲能櫃2_2,戶外,BESS4_rack04_alert,5,23,rack04組端電壓下限告警,Boolean,1,warning,"BESS4_rack04_status,13,51",
儲能櫃2_2,戶外,BESS4_rack04_alert,5,24,rack04充電電流上限告警,Boolean,1,warning,"BESS4_rack04_status,13,53",
儲能櫃2_2,戶外,BESS4_rack04_alert,5,25,rack04放電電流上限告警,Boolean,1,warning,"BESS4_rack04_status,13,53",
儲能櫃2_2,戶外,BESS4_rack04_alert,5,26,rack04單體電壓上限告警,Boolean,1,warning,"BESS4_rack04_status,13,81",
儲能櫃2_2,戶外,BESS4_rack04_alert,5,27,rack04單體電壓下限告警,Boolean,1,warning,"BESS4_rack04_status,13,83",
儲能櫃2_2,戶外,BESS4_rack04_alert,5,28,rack04充電溫度上限告警,Boolean,1,warning,"BESS4_rack04_status,13,89",
儲能櫃2_2,戶外,BESS4_rack04_alert,5,29,rack04充電溫度下限告警,Boolean,1,warning,"BESS4_rack04_status,13,91",
儲能櫃2_2,戶外,BESS4_rack04_alert,5,30,rack04放電溫度上限告警,Boolean,1,warning,"BESS4_rack04_status,13,89",
儲能櫃2_2,戶外,BESS4_rack04_alert,5,31,rack04放電溫度下限告警,Boolean,1,warning,"BESS4_rack04_status,13,91",
儲能櫃2_2,戶外,BESS4_rack04_alert,5,32,rack04單體溫度上限告警,Boolean,1,warning,"BESS4_rack04_status,13,89",
儲能櫃2_2,戶外,BESS4_rack04_alert,5,33,rack04單體溫度下限告警,Boolean,1,warning,"BESS4_rack04_status,13,91",
儲能櫃2_2,戶外,BESS4_rack04_alert,5,34,rack04環境溫度上限告警,Boolean,1,warning,"BESS4_rack04_status,13,59",
儲能櫃2_2,戶外,BESS4_rack04_alert,5,35,rack04環境溫度下限告警,Boolean,1,warning,"BESS4_rack04_status,13,59",
儲能櫃2_2,戶外,BESS4_rack04_alert,5,36,rack04動力線溫度上限告警,Boolean,1,warning,,
儲能櫃2_2,戶外,BESS4_rack04_alert,5,37,rack04組SOC上限告警,Boolean,1,warning,"BESS4_rack04_status,13,55",
儲能櫃2_2,戶外,BESS4_rack04_alert,5,38,rack04組SOC下限告警,Boolean,1,warning,"BESS4_rack04_status,13,55",
儲能櫃2_2,戶外,BESS4_rack04_alert,5,39,rack04正極絕緣電阻下限告警,Boolean,1,warning,"BESS4_rack04_status,13,61",
儲能櫃2_2,戶外,BESS4_rack04_alert,5,40,rack04負極絕緣電阻下限告警,Boolean,1,warning,"BESS4_rack04_status,13,63",
儲能櫃2_2,戶外,BESS4_rack04_alert,5,41,rack04箱壓差上限告警,Boolean,1,warning,,
儲能櫃2_2,戶外,BESS4_rack04_alert,5,42,rack04箱溫差上限告警,Boolean,1,warning,,
儲能櫃2_2,戶外,BESS4_rack04_alert,5,43,rack04組端電壓上限保護,Boolean,1,protection,"BESS4_rack04_status,13,51",PCS2
儲能櫃2_2,戶外,BESS4_rack04_alert,5,44,rack04組端電壓下限保護,Boolean,1,protection,"BESS4_rack04_status,13,51",PCS2
儲能櫃2_2,戶外,BESS4_rack04_alert,5,45,rack04充電電流上限保護,Boolean,1,protection,"BESS4_rack04_status,13,53",PCS2
儲能櫃2_2,戶外,BESS4_rack04_alert,5,46,rack04放電電流上限保護,Boolean,1,protection,"BESS4_rack04_status,13,53",PCS2
儲能櫃2_2,戶外,BESS4_rack04_alert,5,47,rack04單體電壓上限保護,Boolean,1,protection,"BESS4_rack04_status,13,81",PCS2
儲能櫃2_2,戶外,BESS4_rack04_alert,5,48,rack04單體電壓下限保護,Boolean,1,protection,"BESS4_rack04_status,13,83",PCS2
儲能櫃2_2,戶外,BESS4_rack04_alert,5,49,rack04充電溫度上限保護,Boolean,1,protection,"BESS4_rack04_status,13,89",PCS2
儲能櫃2_2,戶外,BESS4_rack04_alert,5,50,rack04充電溫度下限保護,Boolean,1,protection,"BESS4_rack04_status,13,91",PCS2
儲能櫃2_2,戶外,BESS4_rack04_alert,5,51,rack04放電溫度上限保護,Boolean,1,protection,"BESS4_rack04_status,13,89",PCS2
儲能櫃2_2,戶外,BESS4_rack04_alert,5,52,rack04放電溫度下限保護,Boolean,1,protection,"BESS4_rack04_status,13,91",PCS2
儲能櫃2_2,戶外,BESS4_rack04_alert,5,53,rack04單體溫度上限保護,Boolean,1,protection,"BESS4_rack04_status,13,89",PCS2
儲能櫃2_2,戶外,BESS4_rack04_alert,5,54,rack04單體溫度下限保護,Boolean,1,protection,"BESS4_rack04_status,13,91",PCS2
儲能櫃2_2,戶外,BESS4_rack04_alert,5,55,rack04環境溫度上限保護,Boolean,1,protection,"BESS4_rack04_status,13,59",PCS2
儲能櫃2_2,戶外,BESS4_rack04_alert,5,56,rack04環境溫度下限保護,Boolean,1,protection,"BESS4_rack04_status,13,59",PCS2
儲能櫃2_2,戶外,BESS4_rack04_alert,5,57,rack04動力線溫度上限保護,Boolean,1,protection,,PCS2
儲能櫃2_2,戶外,BESS4_rack04_alert,5,58,rack04組SOC上限保護,Boolean,1,protection,"BESS4_rack04_status,13,55",PCS2
儲能櫃2_2,戶外,BESS4_rack04_alert,5,59,rack04組SOC下限保護,Boolean,1,protection,"BESS4_rack04_status,13,55",PCS2
儲能櫃2_2,戶外,BESS4_rack04_alert,5,60,rack04正極絕緣電阻下限保護,Boolean,1,protection,"BESS4_rack04_status,13,61",PCS2
儲能櫃2_2,戶外,BESS4_rack04_alert,5,61,rack04負極絕緣電阻下限保護,Boolean,1,protection,"BESS4_rack04_status,13,63",PCS2
儲能櫃2_2,戶外,BESS4_rack04_alert,5,62,rack04箱壓差上限保護,Boolean,1,protection,,PCS2
儲能櫃2_2,戶外,BESS4_rack04_alert,5,63,rack04箱溫差上限保護,Boolean,1,protection,,PCS2
儲能櫃2_2,戶外,BESS4_rack04_alert,5,64,rack04電池溫度溫升過快,Boolean,1,warning,,
儲能櫃2_2,戶外,BESS4_rack04_alert,5,65,rack04動力線溫度溫升過快,Boolean,1,warning,,
儲能櫃2_2,戶外,BESS4_rack04_alert,5,66,rack04BMU通訊故障,Boolean,1,fault,,
儲能櫃2_2,戶外,BESS4_rack04_alert,5,67,rack04BCMU通訊故障,Boolean,1,fault,,
儲能櫃2_2,戶外,BESS4_rack04_alert,5,68,rack04單體電壓採集線故障,Boolean,1,fault,,
儲能櫃2_2,戶外,BESS4_rack04_alert,5,69,rack04總壓採集線故障,Boolean,1,fault,,
儲能櫃2_2,戶外,BESS4_rack04_alert,5,70,rack04電流採集線故障,Boolean,1,fault,,
儲能櫃2_2,戶外,BESS4_rack04_alert,5,71,rack04溫度採集斷線,Boolean,1,fault,,
儲能櫃2_2,戶外,BESS4_rack04_alert,5,72,rack04溫度採集短路,Boolean,1,fault,,
儲能櫃2_2,戶外,BESS4_rack04_alert,5,73,rack04BMS設備故障,Boolean,1,fault,,
儲能櫃2_2,戶外,BESS4_rack04_alert,5,74,rack04單體電壓無效,Boolean,1,fault,,
儲能櫃2_2,戶外,BESS4_rack04_alert,5,75,rack04單體溫度無效,Boolean,1,fault,,
儲能櫃2_2,戶外,BESS4_rack04_alert,5,76,rack04組端電壓無效,Boolean,1,protection,,PCS2
儲能櫃2_2,戶外,BESS4_rack04_alert,5,77,rack04組電流異常,Boolean,1,protection,,PCS2
儲能櫃2_2,戶外,BESS4_rack04_alert,5,78,rack04消防報警,Boolean,1,protection,,PCS2
儲能櫃2_2,戶外,BESS4_rack04_alert,5,79,rack04水浸報警,Boolean,1,protection,,PCS2
儲能櫃2_2,戶外,BESS4_rack05_alert,6,1,rack05組端電壓上限預警,Boolean,1,earlywarning,"BESS4_rack05_status,14,51",
儲能櫃2_2,戶外,BESS4_rack05_alert,6,2,rack05組端電壓下限預警,Boolean,1,earlywarning,"BESS4_rack05_status,14,51",
儲能櫃2_2,戶外,BESS4_rack05_alert,6,3,rack05充電電流上限預警,Boolean,1,earlywarning,"BESS4_rack05_status,14,53",
儲能櫃2_2,戶外,BESS4_rack05_alert,6,4,rack05放電電流上限預警,Boolean,1,earlywarning,"BESS4_rack05_status,14,53",
儲能櫃2_2,戶外,BESS4_rack05_alert,6,5,rack05單體電壓上限預警,Boolean,1,earlywarning,"BESS4_rack05_status,14,81",
儲能櫃2_2,戶外,BESS4_rack05_alert,6,6,rack05單體電壓下限預警,Boolean,1,earlywarning,"BESS4_rack05_status,14,83",
儲能櫃2_2,戶外,BESS4_rack05_alert,6,7,rack05充電溫度上限預警,Boolean,1,earlywarning,"BESS4_rack05_status,14,89",
儲能櫃2_2,戶外,BESS4_rack05_alert,6,8,rack05充電溫度下限預警,Boolean,1,earlywarning,"BESS4_rack05_status,14,91",
儲能櫃2_2,戶外,BESS4_rack05_alert,6,9,rack05放電溫度上限預警,Boolean,1,earlywarning,"BESS4_rack05_status,14,89",
儲能櫃2_2,戶外,BESS4_rack05_alert,6,10,rack05放電溫度下限預警,Boolean,1,earlywarning,"BESS4_rack05_status,14,91",
儲能櫃2_2,戶外,BESS4_rack05_alert,6,11,rack05單體溫度上限預警,Boolean,1,earlywarning,"BESS4_rack05_status,14,89",
儲能櫃2_2,戶外,BESS4_rack05_alert,6,12,rack05單體溫度下限預警,Boolean,1,earlywarning,"BESS4_rack05_status,14,91",
儲能櫃2_2,戶外,BESS4_rack05_alert,6,13,rack05環境溫度上限預警,Boolean,1,earlywarning,"BESS4_rack05_status,14,59",
儲能櫃2_2,戶外,BESS4_rack05_alert,6,14,rack05環境溫度下限預警,Boolean,1,earlywarning,"BESS4_rack05_status,14,59",
儲能櫃2_2,戶外,BESS4_rack05_alert,6,15,rack05動力線溫度上限預警,Boolean,1,earlywarning,,
儲能櫃2_2,戶外,BESS4_rack05_alert,6,16,rack05組SOC上限預警,Boolean,1,earlywarning,"BESS4_rack05_status,14,55",
儲能櫃2_2,戶外,BESS4_rack05_alert,6,17,rack05組SOC下限預警,Boolean,1,earlywarning,"BESS4_rack05_status,14,55",
儲能櫃2_2,戶外,BESS4_rack05_alert,6,18,rack05正極絕緣電阻下限預警,Boolean,1,earlywarning,"BESS4_rack05_status,14,61",
儲能櫃2_2,戶外,BESS4_rack05_alert,6,19,rack05負極絕緣電阻下限預警,Boolean,1,earlywarning,"BESS4_rack05_status,14,63",
儲能櫃2_2,戶外,BESS4_rack05_alert,6,20,rack05箱壓差上限預警,Boolean,1,earlywarning,,
儲能櫃2_2,戶外,BESS4_rack05_alert,6,21,rack05箱溫差上限預警,Boolean,1,earlywarning,,
儲能櫃2_2,戶外,BESS4_rack05_alert,6,22,rack05組端電壓上限告警,Boolean,1,warning,"BESS4_rack05_status,14,51",
儲能櫃2_2,戶外,BESS4_rack05_alert,6,23,rack05組端電壓下限告警,Boolean,1,warning,"BESS4_rack05_status,14,51",
儲能櫃2_2,戶外,BESS4_rack05_alert,6,24,rack05充電電流上限告警,Boolean,1,warning,"BESS4_rack05_status,14,53",
儲能櫃2_2,戶外,BESS4_rack05_alert,6,25,rack05放電電流上限告警,Boolean,1,warning,"BESS4_rack05_status,14,53",
儲能櫃2_2,戶外,BESS4_rack05_alert,6,26,rack05單體電壓上限告警,Boolean,1,warning,"BESS4_rack05_status,14,81",
儲能櫃2_2,戶外,BESS4_rack05_alert,6,27,rack05單體電壓下限告警,Boolean,1,warning,"BESS4_rack05_status,14,83",
儲能櫃2_2,戶外,BESS4_rack05_alert,6,28,rack05充電溫度上限告警,Boolean,1,warning,"BESS4_rack05_status,14,89",
儲能櫃2_2,戶外,BESS4_rack05_alert,6,29,rack05充電溫度下限告警,Boolean,1,warning,"BESS4_rack05_status,14,91",
儲能櫃2_2,戶外,BESS4_rack05_alert,6,30,rack05放電溫度上限告警,Boolean,1,warning,"BESS4_rack05_status,14,89",
儲能櫃2_2,戶外,BESS4_rack05_alert,6,31,rack05放電溫度下限告警,Boolean,1,warning,"BESS4_rack05_status,14,91",
儲能櫃2_2,戶外,BESS4_rack05_alert,6,32,rack05單體溫度上限告警,Boolean,1,warning,"BESS4_rack05_status,14,89",
儲能櫃2_2,戶外,BESS4_rack05_alert,6,33,rack05單體溫度下限告警,Boolean,1,warning,"BESS4_rack05_status,14,91",
儲能櫃2_2,戶外,BESS4_rack05_alert,6,34,rack05環境溫度上限告警,Boolean,1,warning,"BESS4_rack05_status,14,59",
儲能櫃2_2,戶外,BESS4_rack05_alert,6,35,rack05環境溫度下限告警,Boolean,1,warning,"BESS4_rack05_status,14,59",
儲能櫃2_2,戶外,BESS4_rack05_alert,6,36,rack05動力線溫度上限告警,Boolean,1,warning,,
儲能櫃2_2,戶外,BESS4_rack05_alert,6,37,rack05組SOC上限告警,Boolean,1,warning,"BESS4_rack05_status,14,55",
儲能櫃2_2,戶外,BESS4_rack05_alert,6,38,rack05組SOC下限告警,Boolean,1,warning,"BESS4_rack05_status,14,55",
儲能櫃2_2,戶外,BESS4_rack05_alert,6,39,rack05正極絕緣電阻下限告警,Boolean,1,warning,"BESS4_rack05_status,14,61",
儲能櫃2_2,戶外,BESS4_rack05_alert,6,40,rack05負極絕緣電阻下限告警,Boolean,1,warning,"BESS4_rack05_status,14,63",
儲能櫃2_2,戶外,BESS4_rack05_alert,6,41,rack05箱壓差上限告警,Boolean,1,warning,,
儲能櫃2_2,戶外,BESS4_rack05_alert,6,42,rack05箱溫差上限告警,Boolean,1,warning,,
儲能櫃2_2,戶外,BESS4_rack05_alert,6,43,rack05組端電壓上限保護,Boolean,1,protection,"BESS4_rack05_status,14,51",PCS2
儲能櫃2_2,戶外,BESS4_rack05_alert,6,44,rack05組端電壓下限保護,Boolean,1,protection,"BESS4_rack05_status,14,51",PCS2
儲能櫃2_2,戶外,BESS4_rack05_alert,6,45,rack05充電電流上限保護,Boolean,1,protection,"BESS4_rack05_status,14,53",PCS2
儲能櫃2_2,戶外,BESS4_rack05_alert,6,46,rack05放電電流上限保護,Boolean,1,protection,"BESS4_rack05_status,14,53",PCS2
儲能櫃2_2,戶外,BESS4_rack05_alert,6,47,rack05單體電壓上限保護,Boolean,1,protection,"BESS4_rack05_status,14,81",PCS2
儲能櫃2_2,戶外,BESS4_rack05_alert,6,48,rack05單體電壓下限保護,Boolean,1,protection,"BESS4_rack05_status,14,83",PCS2
儲能櫃2_2,戶外,BESS4_rack05_alert,6,49,rack05充電溫度上限保護,Boolean,1,protection,"BESS4_rack05_status,14,89",PCS2
儲能櫃2_2,戶外,BESS4_rack05_alert,6,50,rack05充電溫度下限保護,Boolean,1,protection,"BESS4_rack05_status,14,91",PCS2
儲能櫃2_2,戶外,BESS4_rack05_alert,6,51,rack05放電溫度上限保護,Boolean,1,protection,"BESS4_rack05_status,14,89",PCS2
儲能櫃2_2,戶外,BESS4_rack05_alert,6,52,rack05放電溫度下限保護,Boolean,1,protection,"BESS4_rack05_status,14,91",PCS2
儲能櫃2_2,戶外,BESS4_rack05_alert,6,53,rack05單體溫度上限保護,Boolean,1,protection,"BESS4_rack05_status,14,89",PCS2
儲能櫃2_2,戶外,BESS4_rack05_alert,6,54,rack05單體溫度下限保護,Boolean,1,protection,"BESS4_rack05_status,14,91",PCS2
儲能櫃2_2,戶外,BESS4_rack05_alert,6,55,rack05環境溫度上限保護,Boolean,1,protection,"BESS4_rack05_status,14,59",PCS2
儲能櫃2_2,戶外,BESS4_rack05_alert,6,56,rack05環境溫度下限保護,Boolean,1,protection,"BESS4_rack05_status,14,59",PCS2
儲能櫃2_2,戶外,BESS4_rack05_alert,6,57,rack05動力線溫度上限保護,Boolean,1,protection,,PCS2
儲能櫃2_2,戶外,BESS4_rack05_alert,6,58,rack05組SOC上限保護,Boolean,1,protection,"BESS4_rack05_status,14,55",PCS2
儲能櫃2_2,戶外,BESS4_rack05_alert,6,59,rack05組SOC下限保護,Boolean,1,protection,"BESS4_rack05_status,14,55",PCS2
儲能櫃2_2,戶外,BESS4_rack05_alert,6,60,rack05正極絕緣電阻下限保護,Boolean,1,protection,"BESS4_rack05_status,14,61",PCS2
儲能櫃2_2,戶外,BESS4_rack05_alert,6,61,rack05負極絕緣電阻下限保護,Boolean,1,protection,"BESS4_rack05_status,14,63",PCS2
儲能櫃2_2,戶外,BESS4_rack05_alert,6,62,rack05箱壓差上限保護,Boolean,1,protection,,PCS2
儲能櫃2_2,戶外,BESS4_rack05_alert,6,63,rack05箱溫差上限保護,Boolean,1,protection,,PCS2
儲能櫃2_2,戶外,BESS4_rack05_alert,6,64,rack05電池溫度溫升過快,Boolean,1,warning,,
儲能櫃2_2,戶外,BESS4_rack05_alert,6,65,rack05動力線溫度溫升過快,Boolean,1,warning,,
儲能櫃2_2,戶外,BESS4_rack05_alert,6,66,rack05BMU通訊故障,Boolean,1,fault,,
儲能櫃2_2,戶外,BESS4_rack05_alert,6,67,rack05BCMU通訊故障,Boolean,1,fault,,
儲能櫃2_2,戶外,BESS4_rack05_alert,6,68,rack05單體電壓採集線故障,Boolean,1,fault,,
儲能櫃2_2,戶外,BESS4_rack05_alert,6,69,rack05總壓採集線故障,Boolean,1,fault,,
儲能櫃2_2,戶外,BESS4_rack05_alert,6,70,rack05電流採集線故障,Boolean,1,fault,,
儲能櫃2_2,戶外,BESS4_rack05_alert,6,71,rack05溫度採集斷線,Boolean,1,fault,,
儲能櫃2_2,戶外,BESS4_rack05_alert,6,72,rack05溫度採集短路,Boolean,1,fault,,
儲能櫃2_2,戶外,BESS4_rack05_alert,6,73,rack05BMS設備故障,Boolean,1,fault,,
儲能櫃2_2,戶外,BESS4_rack05_alert,6,74,rack05單體電壓無效,Boolean,1,fault,,
儲能櫃2_2,戶外,BESS4_rack05_alert,6,75,rack05單體溫度無效,Boolean,1,fault,,
儲能櫃2_2,戶外,BESS4_rack05_alert,6,76,rack05組端電壓無效,Boolean,1,protection,,PCS2
儲能櫃2_2,戶外,BESS4_rack05_alert,6,77,rack05組電流異常,Boolean,1,protection,,PCS2
儲能櫃2_2,戶外,BESS4_rack05_alert,6,78,rack05消防報警,Boolean,1,protection,,PCS2
儲能櫃2_2,戶外,BESS4_rack05_alert,6,79,rack05水浸報警,Boolean,1,protection,,PCS2
儲能櫃2_2,戶外,BESS4_rack06_alert,7,1,rack06組端電壓上限預警,Boolean,1,earlywarning,"BESS4_rack06_status,15,51",
儲能櫃2_2,戶外,BESS4_rack06_alert,7,2,rack06組端電壓下限預警,Boolean,1,earlywarning,"BESS4_rack06_status,15,51",
儲能櫃2_2,戶外,BESS4_rack06_alert,7,3,rack06充電電流上限預警,Boolean,1,earlywarning,"BESS4_rack06_status,15,53",
儲能櫃2_2,戶外,BESS4_rack06_alert,7,4,rack06放電電流上限預警,Boolean,1,earlywarning,"BESS4_rack06_status,15,53",
儲能櫃2_2,戶外,BESS4_rack06_alert,7,5,rack06單體電壓上限預警,Boolean,1,earlywarning,"BESS4_rack06_status,15,81",
儲能櫃2_2,戶外,BESS4_rack06_alert,7,6,rack06單體電壓下限預警,Boolean,1,earlywarning,"BESS4_rack06_status,15,83",
儲能櫃2_2,戶外,BESS4_rack06_alert,7,7,rack06充電溫度上限預警,Boolean,1,earlywarning,"BESS4_rack06_status,15,89",
儲能櫃2_2,戶外,BESS4_rack06_alert,7,8,rack06充電溫度下限預警,Boolean,1,earlywarning,"BESS4_rack06_status,15,91",
儲能櫃2_2,戶外,BESS4_rack06_alert,7,9,rack06放電溫度上限預警,Boolean,1,earlywarning,"BESS4_rack06_status,15,89",
儲能櫃2_2,戶外,BESS4_rack06_alert,7,10,rack06放電溫度下限預警,Boolean,1,earlywarning,"BESS4_rack06_status,15,91",
儲能櫃2_2,戶外,BESS4_rack06_alert,7,11,rack06單體溫度上限預警,Boolean,1,earlywarning,"BESS4_rack06_status,15,89",
儲能櫃2_2,戶外,BESS4_rack06_alert,7,12,rack06單體溫度下限預警,Boolean,1,earlywarning,"BESS4_rack06_status,15,91",
儲能櫃2_2,戶外,BESS4_rack06_alert,7,13,rack06環境溫度上限預警,Boolean,1,earlywarning,"BESS4_rack06_status,15,59",
儲能櫃2_2,戶外,BESS4_rack06_alert,7,14,rack06環境溫度下限預警,Boolean,1,earlywarning,"BESS4_rack06_status,15,59",
儲能櫃2_2,戶外,BESS4_rack06_alert,7,15,rack06動力線溫度上限預警,Boolean,1,earlywarning,,
儲能櫃2_2,戶外,BESS4_rack06_alert,7,16,rack06組SOC上限預警,Boolean,1,earlywarning,"BESS4_rack06_status,15,55",
儲能櫃2_2,戶外,BESS4_rack06_alert,7,17,rack06組SOC下限預警,Boolean,1,earlywarning,"BESS4_rack06_status,15,55",
儲能櫃2_2,戶外,BESS4_rack06_alert,7,18,rack06正極絕緣電阻下限預警,Boolean,1,earlywarning,"BESS4_rack06_status,15,61",
儲能櫃2_2,戶外,BESS4_rack06_alert,7,19,rack06負極絕緣電阻下限預警,Boolean,1,earlywarning,"BESS4_rack06_status,15,63",
儲能櫃2_2,戶外,BESS4_rack06_alert,7,20,rack06箱壓差上限預警,Boolean,1,earlywarning,,
儲能櫃2_2,戶外,BESS4_rack06_alert,7,21,rack06箱溫差上限預警,Boolean,1,earlywarning,,
儲能櫃2_2,戶外,BESS4_rack06_alert,7,22,rack06組端電壓上限告警,Boolean,1,warning,"BESS4_rack06_status,15,51",
儲能櫃2_2,戶外,BESS4_rack06_alert,7,23,rack06組端電壓下限告警,Boolean,1,warning,"BESS4_rack06_status,15,51",
儲能櫃2_2,戶外,BESS4_rack06_alert,7,24,rack06充電電流上限告警,Boolean,1,warning,"BESS4_rack06_status,15,53",
儲能櫃2_2,戶外,BESS4_rack06_alert,7,25,rack06放電電流上限告警,Boolean,1,warning,"BESS4_rack06_status,15,53",
儲能櫃2_2,戶外,BESS4_rack06_alert,7,26,rack06單體電壓上限告警,Boolean,1,warning,"BESS4_rack06_status,15,81",
儲能櫃2_2,戶外,BESS4_rack06_alert,7,27,rack06單體電壓下限告警,Boolean,1,warning,"BESS4_rack06_status,15,83",
儲能櫃2_2,戶外,BESS4_rack06_alert,7,28,rack06充電溫度上限告警,Boolean,1,warning,"BESS4_rack06_status,15,89",
儲能櫃2_2,戶外,BESS4_rack06_alert,7,29,rack06充電溫度下限告警,Boolean,1,warning,"BESS4_rack06_status,15,91",
儲能櫃2_2,戶外,BESS4_rack06_alert,7,30,rack06放電溫度上限告警,Boolean,1,warning,"BESS4_rack06_status,15,89",
儲能櫃2_2,戶外,BESS4_rack06_alert,7,31,rack06放電溫度下限告警,Boolean,1,warning,"BESS4_rack06_status,15,91",
儲能櫃2_2,戶外,BESS4_rack06_alert,7,32,rack06單體溫度上限告警,Boolean,1,warning,"BESS4_rack06_status,15,89",
儲能櫃2_2,戶外,BESS4_rack06_alert,7,33,rack06單體溫度下限告警,Boolean,1,warning,"BESS4_rack06_status,15,91",
儲能櫃2_2,戶外,BESS4_rack06_alert,7,34,rack06環境溫度上限告警,Boolean,1,warning,"BESS4_rack06_status,15,59",
儲能櫃2_2,戶外,BESS4_rack06_alert,7,35,rack06環境溫度下限告警,Boolean,1,warning,"BESS4_rack06_status,15,59",
儲能櫃2_2,戶外,BESS4_rack06_alert,7,36,rack06動力線溫度上限告警,Boolean,1,warning,,
儲能櫃2_2,戶外,BESS4_rack06_alert,7,37,rack06組SOC上限告警,Boolean,1,warning,"BESS4_rack06_status,15,55",
儲能櫃2_2,戶外,BESS4_rack06_alert,7,38,rack06組SOC下限告警,Boolean,1,warning,"BESS4_rack06_status,15,55",
儲能櫃2_2,戶外,BESS4_rack06_alert,7,39,rack06正極絕緣電阻下限告警,Boolean,1,warning,"BESS4_rack06_status,15,61",
儲能櫃2_2,戶外,BESS4_rack06_alert,7,40,rack06負極絕緣電阻下限告警,Boolean,1,warning,"BESS4_rack06_status,15,63",
儲能櫃2_2,戶外,BESS4_rack06_alert,7,41,rack06箱壓差上限告警,Boolean,1,warning,,
儲能櫃2_2,戶外,BESS4_rack06_alert,7,42,rack06箱溫差上限告警,Boolean,1,warning,,
儲能櫃2_2,戶外,BESS4_rack06_alert,7,43,rack06組端電壓上限保護,Boolean,1,protection,"BESS4_rack06_status,15,51",PCS2
儲能櫃2_2,戶外,BESS4_rack06_alert,7,44,rack06組端電壓下限保護,Boolean,1,protection,"BESS4_rack06_status,15,51",PCS2
儲能櫃2_2,戶外,BESS4_rack06_alert,7,45,rack06充電電流上限保護,Boolean,1,protection,"BESS4_rack06_status,15,53",PCS2
儲能櫃2_2,戶外,BESS4_rack06_alert,7,46,rack06放電電流上限保護,Boolean,1,protection,"BESS4_rack06_status,15,53",PCS2
儲能櫃2_2,戶外,BESS4_rack06_alert,7,47,rack06單體電壓上限保護,Boolean,1,protection,"BESS4_rack06_status,15,81",PCS2
儲能櫃2_2,戶外,BESS4_rack06_alert,7,48,rack06單體電壓下限保護,Boolean,1,protection,"BESS4_rack06_status,15,83",PCS2
儲能櫃2_2,戶外,BESS4_rack06_alert,7,49,rack06充電溫度上限保護,Boolean,1,protection,"BESS4_rack06_status,15,89",PCS2
儲能櫃2_2,戶外,BESS4_rack06_alert,7,50,rack06充電溫度下限保護,Boolean,1,protection,"BESS4_rack06_status,15,91",PCS2
儲能櫃2_2,戶外,BESS4_rack06_alert,7,51,rack06放電溫度上限保護,Boolean,1,protection,"BESS4_rack06_status,15,89",PCS2
儲能櫃2_2,戶外,BESS4_rack06_alert,7,52,rack06放電溫度下限保護,Boolean,1,protection,"BESS4_rack06_status,15,91",PCS2
儲能櫃2_2,戶外,BESS4_rack06_alert,7,53,rack06單體溫度上限保護,Boolean,1,protection,"BESS4_rack06_status,15,89",PCS2
儲能櫃2_2,戶外,BESS4_rack06_alert,7,54,rack06單體溫度下限保護,Boolean,1,protection,"BESS4_rack06_status,15,91",PCS2
儲能櫃2_2,戶外,BESS4_rack06_alert,7,55,rack06環境溫度上限保護,Boolean,1,protection,"BESS4_rack06_status,15,59",PCS2
儲能櫃2_2,戶外,BESS4_rack06_alert,7,56,rack06環境溫度下限保護,Boolean,1,protection,"BESS4_rack06_status,15,59",PCS2
儲能櫃2_2,戶外,BESS4_rack06_alert,7,57,rack06動力線溫度上限保護,Boolean,1,protection,,PCS2
儲能櫃2_2,戶外,BESS4_rack06_alert,7,58,rack06組SOC上限保護,Boolean,1,protection,"BESS4_rack06_status,15,55",PCS2
儲能櫃2_2,戶外,BESS4_rack06_alert,7,59,rack06組SOC下限保護,Boolean,1,protection,"BESS4_rack06_status,15,55",PCS2
儲能櫃2_2,戶外,BESS4_rack06_alert,7,60,rack06正極絕緣電阻下限保護,Boolean,1,protection,"BESS4_rack06_status,15,61",PCS2
儲能櫃2_2,戶外,BESS4_rack06_alert,7,61,rack06負極絕緣電阻下限保護,Boolean,1,protection,"BESS4_rack06_status,15,63",PCS2
儲能櫃2_2,戶外,BESS4_rack06_alert,7,62,rack06箱壓差上限保護,Boolean,1,protection,,PCS2
儲能櫃2_2,戶外,BESS4_rack06_alert,7,63,rack06箱溫差上限保護,Boolean,1,protection,,PCS2
儲能櫃2_2,戶外,BESS4_rack06_alert,7,64,rack06電池溫度溫升過快,Boolean,1,warning,,
儲能櫃2_2,戶外,BESS4_rack06_alert,7,65,rack06動力線溫度溫升過快,Boolean,1,warning,,
儲能櫃2_2,戶外,BESS4_rack06_alert,7,66,rack06BMU通訊故障,Boolean,1,fault,,
儲能櫃2_2,戶外,BESS4_rack06_alert,7,67,rack06BCMU通訊故障,Boolean,1,fault,,
儲能櫃2_2,戶外,BESS4_rack06_alert,7,68,rack06單體電壓採集線故障,Boolean,1,fault,,
儲能櫃2_2,戶外,BESS4_rack06_alert,7,69,rack06總壓採集線故障,Boolean,1,fault,,
儲能櫃2_2,戶外,BESS4_rack06_alert,7,70,rack06電流採集線故障,Boolean,1,fault,,
儲能櫃2_2,戶外,BESS4_rack06_alert,7,71,rack06溫度採集斷線,Boolean,1,fault,,
儲能櫃2_2,戶外,BESS4_rack06_alert,7,72,rack06溫度採集短路,Boolean,1,fault,,
儲能櫃2_2,戶外,BESS4_rack06_alert,7,73,rack06BMS設備故障,Boolean,1,fault,,
儲能櫃2_2,戶外,BESS4_rack06_alert,7,74,rack06單體電壓無效,Boolean,1,fault,,
儲能櫃2_2,戶外,BESS4_rack06_alert,7,75,rack06單體溫度無效,Boolean,1,fault,,
儲能櫃2_2,戶外,BESS4_rack06_alert,7,76,rack06組端電壓無效,Boolean,1,protection,,PCS2
儲能櫃2_2,戶外,BESS4_rack06_alert,7,77,rack06組電流異常,Boolean,1,protection,,PCS2
儲能櫃2_2,戶外,BESS4_rack06_alert,7,78,rack06消防報警,Boolean,1,protection,,PCS2
儲能櫃2_2,戶外,BESS4_rack06_alert,7,79,rack06水浸報警,Boolean,1,protection,,PCS2
儲能櫃2_2,戶外,BESS4_rack07_alert,8,1,rack07組端電壓上限預警,Boolean,1,earlywarning,"BESS4_rack07_status,16,51",
儲能櫃2_2,戶外,BESS4_rack07_alert,8,2,rack07組端電壓下限預警,Boolean,1,earlywarning,"BESS4_rack07_status,16,51",
儲能櫃2_2,戶外,BESS4_rack07_alert,8,3,rack07充電電流上限預警,Boolean,1,earlywarning,"BESS4_rack07_status,16,53",
儲能櫃2_2,戶外,BESS4_rack07_alert,8,4,rack07放電電流上限預警,Boolean,1,earlywarning,"BESS4_rack07_status,16,53",
儲能櫃2_2,戶外,BESS4_rack07_alert,8,5,rack07單體電壓上限預警,Boolean,1,earlywarning,"BESS4_rack07_status,16,81",
儲能櫃2_2,戶外,BESS4_rack07_alert,8,6,rack07單體電壓下限預警,Boolean,1,earlywarning,"BESS4_rack07_status,16,83",
儲能櫃2_2,戶外,BESS4_rack07_alert,8,7,rack07充電溫度上限預警,Boolean,1,earlywarning,"BESS4_rack07_status,16,89",
儲能櫃2_2,戶外,BESS4_rack07_alert,8,8,rack07充電溫度下限預警,Boolean,1,earlywarning,"BESS4_rack07_status,16,91",
儲能櫃2_2,戶外,BESS4_rack07_alert,8,9,rack07放電溫度上限預警,Boolean,1,earlywarning,"BESS4_rack07_status,16,89",
儲能櫃2_2,戶外,BESS4_rack07_alert,8,10,rack07放電溫度下限預警,Boolean,1,earlywarning,"BESS4_rack07_status,16,91",
儲能櫃2_2,戶外,BESS4_rack07_alert,8,11,rack07單體溫度上限預警,Boolean,1,earlywarning,"BESS4_rack07_status,16,89",
儲能櫃2_2,戶外,BESS4_rack07_alert,8,12,rack07單體溫度下限預警,Boolean,1,earlywarning,"BESS4_rack07_status,16,91",
儲能櫃2_2,戶外,BESS4_rack07_alert,8,13,rack07環境溫度上限預警,Boolean,1,earlywarning,"BESS4_rack07_status,16,59",
儲能櫃2_2,戶外,BESS4_rack07_alert,8,14,rack07環境溫度下限預警,Boolean,1,earlywarning,"BESS4_rack07_status,16,59",
儲能櫃2_2,戶外,BESS4_rack07_alert,8,15,rack07動力線溫度上限預警,Boolean,1,earlywarning,,
儲能櫃2_2,戶外,BESS4_rack07_alert,8,16,rack07組SOC上限預警,Boolean,1,earlywarning,"BESS4_rack07_status,16,55",
儲能櫃2_2,戶外,BESS4_rack07_alert,8,17,rack07組SOC下限預警,Boolean,1,earlywarning,"BESS4_rack07_status,16,55",
儲能櫃2_2,戶外,BESS4_rack07_alert,8,18,rack07正極絕緣電阻下限預警,Boolean,1,earlywarning,"BESS4_rack07_status,16,61",
儲能櫃2_2,戶外,BESS4_rack07_alert,8,19,rack07負極絕緣電阻下限預警,Boolean,1,earlywarning,"BESS4_rack07_status,16,63",
儲能櫃2_2,戶外,BESS4_rack07_alert,8,20,rack07箱壓差上限預警,Boolean,1,earlywarning,,
儲能櫃2_2,戶外,BESS4_rack07_alert,8,21,rack07箱溫差上限預警,Boolean,1,earlywarning,,
儲能櫃2_2,戶外,BESS4_rack07_alert,8,22,rack07組端電壓上限告警,Boolean,1,warning,"BESS4_rack07_status,16,51",
儲能櫃2_2,戶外,BESS4_rack07_alert,8,23,rack07組端電壓下限告警,Boolean,1,warning,"BESS4_rack07_status,16,51",
儲能櫃2_2,戶外,BESS4_rack07_alert,8,24,rack07充電電流上限告警,Boolean,1,warning,"BESS4_rack07_status,16,53",
儲能櫃2_2,戶外,BESS4_rack07_alert,8,25,rack07放電電流上限告警,Boolean,1,warning,"BESS4_rack07_status,16,53",
儲能櫃2_2,戶外,BESS4_rack07_alert,8,26,rack07單體電壓上限告警,Boolean,1,warning,"BESS4_rack07_status,16,81",
儲能櫃2_2,戶外,BESS4_rack07_alert,8,27,rack07單體電壓下限告警,Boolean,1,warning,"BESS4_rack07_status,16,83",
儲能櫃2_2,戶外,BESS4_rack07_alert,8,28,rack07充電溫度上限告警,Boolean,1,warning,"BESS4_rack07_status,16,89",
儲能櫃2_2,戶外,BESS4_rack07_alert,8,29,rack07充電溫度下限告警,Boolean,1,warning,"BESS4_rack07_status,16,91",
儲能櫃2_2,戶外,BESS4_rack07_alert,8,30,rack07放電溫度上限告警,Boolean,1,warning,"BESS4_rack07_status,16,89",
儲能櫃2_2,戶外,BESS4_rack07_alert,8,31,rack07放電溫度下限告警,Boolean,1,warning,"BESS4_rack07_status,16,91",
儲能櫃2_2,戶外,BESS4_rack07_alert,8,32,rack07單體溫度上限告警,Boolean,1,warning,"BESS4_rack07_status,16,89",
儲能櫃2_2,戶外,BESS4_rack07_alert,8,33,rack07單體溫度下限告警,Boolean,1,warning,"BESS4_rack07_status,16,91",
儲能櫃2_2,戶外,BESS4_rack07_alert,8,34,rack07環境溫度上限告警,Boolean,1,warning,"BESS4_rack07_status,16,59",
儲能櫃2_2,戶外,BESS4_rack07_alert,8,35,rack07環境溫度下限告警,Boolean,1,warning,"BESS4_rack07_status,16,59",
儲能櫃2_2,戶外,BESS4_rack07_alert,8,36,rack07動力線溫度上限告警,Boolean,1,warning,,
儲能櫃2_2,戶外,BESS4_rack07_alert,8,37,rack07組SOC上限告警,Boolean,1,warning,"BESS4_rack07_status,16,55",
儲能櫃2_2,戶外,BESS4_rack07_alert,8,38,rack07組SOC下限告警,Boolean,1,warning,"BESS4_rack07_status,16,55",
儲能櫃2_2,戶外,BESS4_rack07_alert,8,39,rack07正極絕緣電阻下限告警,Boolean,1,warning,"BESS4_rack07_status,16,61",
儲能櫃2_2,戶外,BESS4_rack07_alert,8,40,rack07負極絕緣電阻下限告警,Boolean,1,warning,"BESS4_rack07_status,16,63",
儲能櫃2_2,戶外,BESS4_rack07_alert,8,41,rack07箱壓差上限告警,Boolean,1,warning,,
儲能櫃2_2,戶外,BESS4_rack07_alert,8,42,rack07箱溫差上限告警,Boolean,1,warning,,
儲能櫃2_2,戶外,BESS4_rack07_alert,8,43,rack07組端電壓上限保護,Boolean,1,protection,"BESS4_rack07_status,16,51",PCS2
儲能櫃2_2,戶外,BESS4_rack07_alert,8,44,rack07組端電壓下限保護,Boolean,1,protection,"BESS4_rack07_status,16,51",PCS2
儲能櫃2_2,戶外,BESS4_rack07_alert,8,45,rack07充電電流上限保護,Boolean,1,protection,"BESS4_rack07_status,16,53",PCS2
儲能櫃2_2,戶外,BESS4_rack07_alert,8,46,rack07放電電流上限保護,Boolean,1,protection,"BESS4_rack07_status,16,53",PCS2
儲能櫃2_2,戶外,BESS4_rack07_alert,8,47,rack07單體電壓上限保護,Boolean,1,protection,"BESS4_rack07_status,16,81",PCS2
儲能櫃2_2,戶外,BESS4_rack07_alert,8,48,rack07單體電壓下限保護,Boolean,1,protection,"BESS4_rack07_status,16,83",PCS2
儲能櫃2_2,戶外,BESS4_rack07_alert,8,49,rack07充電溫度上限保護,Boolean,1,protection,"BESS4_rack07_status,16,89",PCS2
儲能櫃2_2,戶外,BESS4_rack07_alert,8,50,rack07充電溫度下限保護,Boolean,1,protection,"BESS4_rack07_status,16,91",PCS2
儲能櫃2_2,戶外,BESS4_rack07_alert,8,51,rack07放電溫度上限保護,Boolean,1,protection,"BESS4_rack07_status,16,89",PCS2
儲能櫃2_2,戶外,BESS4_rack07_alert,8,52,rack07放電溫度下限保護,Boolean,1,protection,"BESS4_rack07_status,16,91",PCS2
儲能櫃2_2,戶外,BESS4_rack07_alert,8,53,rack07單體溫度上限保護,Boolean,1,protection,"BESS4_rack07_status,16,89",PCS2
儲能櫃2_2,戶外,BESS4_rack07_alert,8,54,rack07單體溫度下限保護,Boolean,1,protection,"BESS4_rack07_status,16,91",PCS2
儲能櫃2_2,戶外,BESS4_rack07_alert,8,55,rack07環境溫度上限保護,Boolean,1,protection,"BESS4_rack07_status,16,59",PCS2
儲能櫃2_2,戶外,BESS4_rack07_alert,8,56,rack07環境溫度下限保護,Boolean,1,protection,"BESS4_rack07_status,16,59",PCS2
儲能櫃2_2,戶外,BESS4_rack07_alert,8,57,rack07動力線溫度上限保護,Boolean,1,protection,,PCS2
儲能櫃2_2,戶外,BESS4_rack07_alert,8,58,rack07組SOC上限保護,Boolean,1,protection,"BESS4_rack07_status,16,55",PCS2
儲能櫃2_2,戶外,BESS4_rack07_alert,8,59,rack07組SOC下限保護,Boolean,1,protection,"BESS4_rack07_status,16,55",PCS2
儲能櫃2_2,戶外,BESS4_rack07_alert,8,60,rack07正極絕緣電阻下限保護,Boolean,1,protection,"BESS4_rack07_status,16,61",PCS2
儲能櫃2_2,戶外,BESS4_rack07_alert,8,61,rack07負極絕緣電阻下限保護,Boolean,1,protection,"BESS4_rack07_status,16,63",PCS2
儲能櫃2_2,戶外,BESS4_rack07_alert,8,62,rack07箱壓差上限保護,Boolean,1,protection,,PCS2
儲能櫃2_2,戶外,BESS4_rack07_alert,8,63,rack07箱溫差上限保護,Boolean,1,protection,,PCS2
儲能櫃2_2,戶外,BESS4_rack07_alert,8,64,rack07電池溫度溫升過快,Boolean,1,warning,,
儲能櫃2_2,戶外,BESS4_rack07_alert,8,65,rack07動力線溫度溫升過快,Boolean,1,warning,,
儲能櫃2_2,戶外,BESS4_rack07_alert,8,66,rack07BMU通訊故障,Boolean,1,fault,,
儲能櫃2_2,戶外,BESS4_rack07_alert,8,67,rack07BCMU通訊故障,Boolean,1,fault,,
儲能櫃2_2,戶外,BESS4_rack07_alert,8,68,rack07單體電壓採集線故障,Boolean,1,fault,,
儲能櫃2_2,戶外,BESS4_rack07_alert,8,69,rack07總壓採集線故障,Boolean,1,fault,,
儲能櫃2_2,戶外,BESS4_rack07_alert,8,70,rack07電流採集線故障,Boolean,1,fault,,
儲能櫃2_2,戶外,BESS4_rack07_alert,8,71,rack07溫度採集斷線,Boolean,1,fault,,
儲能櫃2_2,戶外,BESS4_rack07_alert,8,72,rack07溫度採集短路,Boolean,1,fault,,
儲能櫃2_2,戶外,BESS4_rack07_alert,8,73,rack07BMS設備故障,Boolean,1,fault,,
儲能櫃2_2,戶外,BESS4_rack07_alert,8,74,rack07單體電壓無效,Boolean,1,fault,,
儲能櫃2_2,戶外,BESS4_rack07_alert,8,75,rack07單體溫度無效,Boolean,1,fault,,
儲能櫃2_2,戶外,BESS4_rack07_alert,8,76,rack07組端電壓無效,Boolean,1,protection,,PCS2
儲能櫃2_2,戶外,BESS4_rack07_alert,8,77,rack07組電流異常,Boolean,1,protection,,PCS2
儲能櫃2_2,戶外,BESS4_rack07_alert,8,78,rack07消防報警,Boolean,1,protection,,PCS2
儲能櫃2_2,戶外,BESS4_rack07_alert,8,79,rack07水浸報警,Boolean,1,protection,,PCS2
儲能櫃2_2,戶外,BESS4_rack08_alert,9,1,rack08組端電壓上限預警,Boolean,1,earlywarning,"BESS4_rack08_status,17,51",
儲能櫃2_2,戶外,BESS4_rack08_alert,9,2,rack08組端電壓下限預警,Boolean,1,earlywarning,"BESS4_rack08_status,17,51",
儲能櫃2_2,戶外,BESS4_rack08_alert,9,3,rack08充電電流上限預警,Boolean,1,earlywarning,"BESS4_rack08_status,17,53",
儲能櫃2_2,戶外,BESS4_rack08_alert,9,4,rack08放電電流上限預警,Boolean,1,earlywarning,"BESS4_rack08_status,17,53",
儲能櫃2_2,戶外,BESS4_rack08_alert,9,5,rack08單體電壓上限預警,Boolean,1,earlywarning,"BESS4_rack08_status,17,81",
儲能櫃2_2,戶外,BESS4_rack08_alert,9,6,rack08單體電壓下限預警,Boolean,1,earlywarning,"BESS4_rack08_status,17,83",
儲能櫃2_2,戶外,BESS4_rack08_alert,9,7,rack08充電溫度上限預警,Boolean,1,earlywarning,"BESS4_rack08_status,17,89",
儲能櫃2_2,戶外,BESS4_rack08_alert,9,8,rack08充電溫度下限預警,Boolean,1,earlywarning,"BESS4_rack08_status,17,91",
儲能櫃2_2,戶外,BESS4_rack08_alert,9,9,rack08放電溫度上限預警,Boolean,1,earlywarning,"BESS4_rack08_status,17,89",
儲能櫃2_2,戶外,BESS4_rack08_alert,9,10,rack08放電溫度下限預警,Boolean,1,earlywarning,"BESS4_rack08_status,17,91",
儲能櫃2_2,戶外,BESS4_rack08_alert,9,11,rack08單體溫度上限預警,Boolean,1,earlywarning,"BESS4_rack08_status,17,89",
儲能櫃2_2,戶外,BESS4_rack08_alert,9,12,rack08單體溫度下限預警,Boolean,1,earlywarning,"BESS4_rack08_status,17,91",
儲能櫃2_2,戶外,BESS4_rack08_alert,9,13,rack08環境溫度上限預警,Boolean,1,earlywarning,"BESS4_rack08_status,17,59",
儲能櫃2_2,戶外,BESS4_rack08_alert,9,14,rack08環境溫度下限預警,Boolean,1,earlywarning,"BESS4_rack08_status,17,59",
儲能櫃2_2,戶外,BESS4_rack08_alert,9,15,rack08動力線溫度上限預警,Boolean,1,earlywarning,,
儲能櫃2_2,戶外,BESS4_rack08_alert,9,16,rack08組SOC上限預警,Boolean,1,earlywarning,"BESS4_rack08_status,17,55",
儲能櫃2_2,戶外,BESS4_rack08_alert,9,17,rack08組SOC下限預警,Boolean,1,earlywarning,"BESS4_rack08_status,17,55",
儲能櫃2_2,戶外,BESS4_rack08_alert,9,18,rack08正極絕緣電阻下限預警,Boolean,1,earlywarning,"BESS4_rack08_status,17,61",
儲能櫃2_2,戶外,BESS4_rack08_alert,9,19,rack08負極絕緣電阻下限預警,Boolean,1,earlywarning,"BESS4_rack08_status,17,63",
儲能櫃2_2,戶外,BESS4_rack08_alert,9,20,rack08箱壓差上限預警,Boolean,1,earlywarning,,
儲能櫃2_2,戶外,BESS4_rack08_alert,9,21,rack08箱溫差上限預警,Boolean,1,earlywarning,,
儲能櫃2_2,戶外,BESS4_rack08_alert,9,22,rack08組端電壓上限告警,Boolean,1,warning,"BESS4_rack08_status,17,51",
儲能櫃2_2,戶外,BESS4_rack08_alert,9,23,rack08組端電壓下限告警,Boolean,1,warning,"BESS4_rack08_status,17,51",
儲能櫃2_2,戶外,BESS4_rack08_alert,9,24,rack08充電電流上限告警,Boolean,1,warning,"BESS4_rack08_status,17,53",
儲能櫃2_2,戶外,BESS4_rack08_alert,9,25,rack08放電電流上限告警,Boolean,1,warning,"BESS4_rack08_status,17,53",
儲能櫃2_2,戶外,BESS4_rack08_alert,9,26,rack08單體電壓上限告警,Boolean,1,warning,"BESS4_rack08_status,17,81",
儲能櫃2_2,戶外,BESS4_rack08_alert,9,27,rack08單體電壓下限告警,Boolean,1,warning,"BESS4_rack08_status,17,83",
儲能櫃2_2,戶外,BESS4_rack08_alert,9,28,rack08充電溫度上限告警,Boolean,1,warning,"BESS4_rack08_status,17,89",
儲能櫃2_2,戶外,BESS4_rack08_alert,9,29,rack08充電溫度下限告警,Boolean,1,warning,"BESS4_rack08_status,17,91",
儲能櫃2_2,戶外,BESS4_rack08_alert,9,30,rack08放電溫度上限告警,Boolean,1,warning,"BESS4_rack08_status,17,89",
儲能櫃2_2,戶外,BESS4_rack08_alert,9,31,rack08放電溫度下限告警,Boolean,1,warning,"BESS4_rack08_status,17,91",
儲能櫃2_2,戶外,BESS4_rack08_alert,9,32,rack08單體溫度上限告警,Boolean,1,warning,"BESS4_rack08_status,17,89",
儲能櫃2_2,戶外,BESS4_rack08_alert,9,33,rack08單體溫度下限告警,Boolean,1,warning,"BESS4_rack08_status,17,91",
儲能櫃2_2,戶外,BESS4_rack08_alert,9,34,rack08環境溫度上限告警,Boolean,1,warning,"BESS4_rack08_status,17,59",
儲能櫃2_2,戶外,BESS4_rack08_alert,9,35,rack08環境溫度下限告警,Boolean,1,warning,"BESS4_rack08_status,17,59",
儲能櫃2_2,戶外,BESS4_rack08_alert,9,36,rack08動力線溫度上限告警,Boolean,1,warning,,
儲能櫃2_2,戶外,BESS4_rack08_alert,9,37,rack08組SOC上限告警,Boolean,1,warning,"BESS4_rack08_status,17,55",
儲能櫃2_2,戶外,BESS4_rack08_alert,9,38,rack08組SOC下限告警,Boolean,1,warning,"BESS4_rack08_status,17,55",
儲能櫃2_2,戶外,BESS4_rack08_alert,9,39,rack08正極絕緣電阻下限告警,Boolean,1,warning,"BESS4_rack08_status,17,61",
儲能櫃2_2,戶外,BESS4_rack08_alert,9,40,rack08負極絕緣電阻下限告警,Boolean,1,warning,"BESS4_rack08_status,17,63",
儲能櫃2_2,戶外,BESS4_rack08_alert,9,41,rack08箱壓差上限告警,Boolean,1,warning,,
儲能櫃2_2,戶外,BESS4_rack08_alert,9,42,rack08箱溫差上限告警,Boolean,1,warning,,
儲能櫃2_2,戶外,BESS4_rack08_alert,9,43,rack08組端電壓上限保護,Boolean,1,protection,"BESS4_rack08_status,17,51",PCS2
儲能櫃2_2,戶外,BESS4_rack08_alert,9,44,rack08組端電壓下限保護,Boolean,1,protection,"BESS4_rack08_status,17,51",PCS2
儲能櫃2_2,戶外,BESS4_rack08_alert,9,45,rack08充電電流上限保護,Boolean,1,protection,"BESS4_rack08_status,17,53",PCS2
儲能櫃2_2,戶外,BESS4_rack08_alert,9,46,rack08放電電流上限保護,Boolean,1,protection,"BESS4_rack08_status,17,53",PCS2
儲能櫃2_2,戶外,BESS4_rack08_alert,9,47,rack08單體電壓上限保護,Boolean,1,protection,"BESS4_rack08_status,17,81",PCS2
儲能櫃2_2,戶外,BESS4_rack08_alert,9,48,rack08單體電壓下限保護,Boolean,1,protection,"BESS4_rack08_status,17,83",PCS2
儲能櫃2_2,戶外,BESS4_rack08_alert,9,49,rack08充電溫度上限保護,Boolean,1,protection,"BESS4_rack08_status,17,89",PCS2
儲能櫃2_2,戶外,BESS4_rack08_alert,9,50,rack08充電溫度下限保護,Boolean,1,protection,"BESS4_rack08_status,17,91",PCS2
儲能櫃2_2,戶外,BESS4_rack08_alert,9,51,rack08放電溫度上限保護,Boolean,1,protection,"BESS4_rack08_status,17,89",PCS2
儲能櫃2_2,戶外,BESS4_rack08_alert,9,52,rack08放電溫度下限保護,Boolean,1,protection,"BESS4_rack08_status,17,91",PCS2
儲能櫃2_2,戶外,BESS4_rack08_alert,9,53,rack08單體溫度上限保護,Boolean,1,protection,"BESS4_rack08_status,17,89",PCS2
儲能櫃2_2,戶外,BESS4_rack08_alert,9,54,rack08單體溫度下限保護,Boolean,1,protection,"BESS4_rack08_status,17,91",PCS2
儲能櫃2_2,戶外,BESS4_rack08_alert,9,55,rack08環境溫度上限保護,Boolean,1,protection,"BESS4_rack08_status,17,59",PCS2
儲能櫃2_2,戶外,BESS4_rack08_alert,9,56,rack08環境溫度下限保護,Boolean,1,protection,"BESS4_rack08_status,17,59",PCS2
儲能櫃2_2,戶外,BESS4_rack08_alert,9,57,rack08動力線溫度上限保護,Boolean,1,protection,,PCS2
儲能櫃2_2,戶外,BESS4_rack08_alert,9,58,rack08組SOC上限保護,Boolean,1,protection,"BESS4_rack08_status,17,55",PCS2
儲能櫃2_2,戶外,BESS4_rack08_alert,9,59,rack08組SOC下限保護,Boolean,1,protection,"BESS4_rack08_status,17,55",PCS2
儲能櫃2_2,戶外,BESS4_rack08_alert,9,60,rack08正極絕緣電阻下限保護,Boolean,1,protection,"BESS4_rack08_status,17,61",PCS2
儲能櫃2_2,戶外,BESS4_rack08_alert,9,61,rack08負極絕緣電阻下限保護,Boolean,1,protection,"BESS4_rack08_status,17,63",PCS2
儲能櫃2_2,戶外,BESS4_rack08_alert,9,62,rack08箱壓差上限保護,Boolean,1,protection,,PCS2
儲能櫃2_2,戶外,BESS4_rack08_alert,9,63,rack08箱溫差上限保護,Boolean,1,protection,,PCS2
儲能櫃2_2,戶外,BESS4_rack08_alert,9,64,rack08電池溫度溫升過快,Boolean,1,warning,,
儲能櫃2_2,戶外,BESS4_rack08_alert,9,65,rack08動力線溫度溫升過快,Boolean,1,warning,,
儲能櫃2_2,戶外,BESS4_rack08_alert,9,66,rack08BMU通訊故障,Boolean,1,fault,,
儲能櫃2_2,戶外,BESS4_rack08_alert,9,67,rack08BCMU通訊故障,Boolean,1,fault,,
儲能櫃2_2,戶外,BESS4_rack08_alert,9,68,rack08單體電壓採集線故障,Boolean,1,fault,,
儲能櫃2_2,戶外,BESS4_rack08_alert,9,69,rack08總壓採集線故障,Boolean,1,fault,,
儲能櫃2_2,戶外,BESS4_rack08_alert,9,70,rack08電流採集線故障,Boolean,1,fault,,
儲能櫃2_2,戶外,BESS4_rack08_alert,9,71,rack08溫度採集斷線,Boolean,1,fault,,
儲能櫃2_2,戶外,BESS4_rack08_alert,9,72,rack08溫度採集短路,Boolean,1,fault,,
儲能櫃2_2,戶外,BESS4_rack08_alert,9,73,rack08BMS設備故障,Boolean,1,fault,,
儲能櫃2_2,戶外,BESS4_rack08_alert,9,74,rack08單體電壓無效,Boolean,1,fault,,
儲能櫃2_2,戶外,BESS4_rack08_alert,9,75,rack08單體溫度無效,Boolean,1,fault,,
儲能櫃2_2,戶外,BESS4_rack08_alert,9,76,rack08組端電壓無效,Boolean,1,protection,,PCS2
儲能櫃2_2,戶外,BESS4_rack08_alert,9,77,rack08組電流異常,Boolean,1,protection,,PCS2
儲能櫃2_2,戶外,BESS4_rack08_alert,9,78,rack08消防報警,Boolean,1,protection,,PCS2
儲能櫃2_2,戶外,BESS4_rack08_alert,9,79,rack08水浸報警,Boolean,1,protection,,PCS2
